conceptType,conceptUri,skillType,reuseLevel,preferredLabel,altLabels,hiddenLabels,status,modifiedDate,scopeNote,definition,inScheme,description,uniskill_domain,domain_reason
KnowledgeSkillCompetence,http://data.europa.eu/esco/skill/000f1d3d-220f-4789-9c0a-cc742521fb02,knowledge,sector-specific,Haskell,Haskell techniques,,released,2023-11-30T16:13:21.77Z,,,"http://data.europa.eu/esco/concept-scheme/skills,
http://data.europa.eu/esco/concept-scheme/member-skills,
http://data.europa.eu/esco/concept-scheme/6c930acd-c104-4ece-acf7-f44fd7333036","The techniques and principles of software development, such as analysis, algorithms, coding, testing and compiling of programming paradigms in Haskell.",in_domain,linked to the selected IT occupations
KnowledgeSkillCompetence,http://data.europa.eu/esco/skill/00b9a3aa-7070-4bb5-8020-f228a97cf42f,skill/competence,cross-sector,draft scientific or academic papers and technical documentation,"create technical documentation
create technical documentation and academic writings
write technical documentation
write scientific and academic papers",,released,2024-02-27T10:19:54.09Z,,,"http://data.europa.eu/esco/concept-scheme/skills,
http://data.europa.eu/esco/concept-scheme/member-skills,
http://data.europa.eu/esco/concept-scheme/research","Draft and edit scientific, academic or technical texts on different subjects.",in_domain,linked to the selected IT occupations
KnowledgeSkillCompetence,http://data.europa.eu/esco/skill/00c04e40-35ea-4ed1-824c-82f936c8f876,knowledge,sector-specific,incremental development,gradual development,,released,2023-11-30T16:04:23.487Z,,,"http://data.europa.eu/esco/concept-scheme/skills,
http://data.europa.eu/esco/concept-scheme/member-skills,
http://data.europa.eu/esco/concept-scheme/6c930acd-c104-4ece-acf7-f44fd7333036",The incremental development model is a methodology to design software systems and applications.,in_domain,linked to the selected IT occupations
KnowledgeSkillCompetence,http://data.europa.eu/esco/skill/00e53a0a-c0ba-4c9f-a2ed-4706d5832a00,skill/competence,sector-specific,guarantee customer satisfaction,"ensure customer satisfaction
promise customer satisfaction
customer satisfaction guarantee
assure customer satisfaction
guaranteeing customer satisfaction
provide customer satisfaction",,released,2023-11-30T16:17:08.718Z,,,"http://data.europa.eu/esco/concept-scheme/skills,
http://data.europa.eu/esco/concept-scheme/member-skills","Handle customer expectations in a professional manner, anticipating and addressing their needs and desires. Provide flexible customer service to ensure customer satisfaction and loyalty.",in_domain,linked to the selected IT occupations
KnowledgeSkillCompetence,http://data.europa.eu/esco/skill/013441c1-1f13-47e9-80c4-9a53e8e1bc05,knowledge,sector-specific,KDevelop,"kdevplatform
KDevelop platform","KDevelop 4.7.0
KDevelop 4.6.0
KDevelop 5.0.0
KDevelop 4.0.0",released,2023-06-08T15:25:12.058Z,,,"http://data.europa.eu/esco/concept-scheme/skills,
http://data.europa.eu/esco/concept-scheme/member-skills,
http://data.europa.eu/esco/concept-scheme/6c930acd-c104-4ece-acf7-f44fd7333036","The computer program KDevelop is a suite of software development tools for writing programs, such as compiler, debugger, code editor, code highlights, packaged in a unified user interface. It is developed by the software community KDE.",in_domain,linked to the selected IT occupations
KnowledgeSkillCompetence,http://data.europa.eu/esco/skill/01e7dee7-3ff1-4807-acad-058dbed91aba,skill/competence,sector-specific,keep up to date on product knowledge,keep posted on product knowledge,,released,2023-11-30T16:01:41.287Z,,,"http://data.europa.eu/esco/concept-scheme/skills,
http://data.europa.eu/esco/concept-scheme/member-skills","Gather the latest information on developments related to the existing or supported products, methods or techniques.",in_domain,linked to the selected IT occupations
KnowledgeSkillCompetence,http://data.europa.eu/esco/skill/02058de6-4b98-449f-8a45-8588b0eb2446,knowledge,sector-specific,network engineering,network architecture,,released,2023-11-29T16:25:25.314Z,,,"http://data.europa.eu/esco/concept-scheme/skills,
http://data.europa.eu/esco/concept-scheme/member-skills,
http://data.europa.eu/esco/concept-scheme/6c930acd-c104-4ece-acf7-f44fd7333036","The subfield of computer technology that concerns the managing the connectivity of networks through data, voice, calls and wireless network services.",in_domain,linked to the selected IT occupations
KnowledgeSkillCompetence,http://data.europa.eu/esco/skill/020918ef-4b55-47c1-8430-ab7b8f6a7377,skill/competence,sector-specific,migrate existing data,drift existing data,,released,2023-11-30T15:35:55.716Z,,,"http://data.europa.eu/esco/concept-scheme/skills,
http://data.europa.eu/esco/concept-scheme/member-skills,
http://data.europa.eu/esco/concept-scheme/6c930acd-c104-4ece-acf7-f44fd7333036","Apply migration and conversion methods for existing data, in order to transfer or convert data between formats, storage or computer systems.",in_domain,linked to the selected IT occupations
KnowledgeSkillCompetence,http://data.europa.eu/esco/skill/022dc430-872a-473a-9cf4-fed4895e58ad,skill/competence,sector-specific,define database physical structure,define database physical storage structure,,released,2024-02-09T17:29:14.494Z,,,"http://data.europa.eu/esco/concept-scheme/skills,
http://data.europa.eu/esco/concept-scheme/member-skills,
http://data.europa.eu/esco/concept-scheme/6c930acd-c104-4ece-acf7-f44fd7333036","Specify the physical configuration of database files on a given media. This consists of in-detail specifications of indexing options, data types and data elements placed in the data dictionary.",in_domain,linked to the selected IT occupations
KnowledgeSkillCompetence,http://data.europa.eu/esco/skill/024037ca-96a9-4cb8-ba86-2cd5a209c90a,knowledge,sector-specific,Maltego,"Maltego digital Forensics tool
Maltego cybersecurity tool
Maltego Forensics",,released,2025-06-25T08:20:05.218Z,,,"http://data.europa.eu/esco/concept-scheme/skills,
http://data.europa.eu/esco/concept-scheme/member-skills,
http://data.europa.eu/esco/concept-scheme/6c930acd-c104-4ece-acf7-f44fd7333036","The platform Maltego is a forensic application that uses data mining to deliver on overview of organisations' environment, testing security weaknesses of the system for potentially unauthorised access and demonstrates the complexity of infrastructure failures.",in_domain,linked to the selected IT occupations
KnowledgeSkillCompetence,http://data.europa.eu/esco/skill/034c29fa-c3ba-45ea-b8f3-bf8e3705e386,knowledge,sector-specific,Erlang,Erlang programming language,,released,2025-06-25T08:20:05.218Z,,,"http://data.europa.eu/esco/concept-scheme/skills,
http://data.europa.eu/esco/concept-scheme/member-skills,
http://data.europa.eu/esco/concept-scheme/6c930acd-c104-4ece-acf7-f44fd7333036","The techniques and principles of software development, such as analysis, algorithms, coding, testing and compiling of programming paradigms in Erlang.",in_domain,linked to the selected IT occupations
KnowledgeSkillCompetence,http://data.europa.eu/esco/skill/03a74eee-2dc6-4147-8667-5cdeb65f122d,skill/competence,sector-specific,manage ICT data classification,"lead ICT data classification responsabilities
organise ICT data classification responsibilities",,released,2025-06-25T12:15:04.406Z,,,"http://data.europa.eu/esco/concept-scheme/skills,
http://data.europa.eu/esco/concept-scheme/member-skills,
http://data.europa.eu/esco/concept-scheme/6c930acd-c104-4ece-acf7-f44fd7333036",Oversee the classification system an organisation uses to organise its data. Assign an owner to each data concept or bulk of concepts and determine the value of each item of data.,in_domain,linked to the selected IT occupations
KnowledgeSkillCompetence,http://data.europa.eu/esco/skill/03b9b491-fc9b-4868-914a-bf7cd47b5041,skill/competence,cross-sector,create solutions to problems,"devise solutions to problems
create solution to problems
formulate solutions to problems
conceive solutions to problems
create solutions
come up with solutions to problems
creating solutions to problems",,released,2024-02-09T17:29:10.678Z,,,"http://data.europa.eu/esco/concept-scheme/skills,
http://data.europa.eu/esco/concept-scheme/member-skills","Solve problems which arise in planning, prioritising, organising, directing/facilitating action and evaluating performance. Use systematic processes of collecting, analysing, and synthesising information to evaluate current practice and generate new understandings about practice.",in_domain,linked to the selected IT occupations
KnowledgeSkillCompetence,http://data.europa.eu/esco/skill/03ff0d53-573a-47a0-a0ad-1995815a4339,knowledge,sector-specific,information structure,"data structuring methods
types of data infrastructure
data infrastructure",,released,2025-06-25T08:20:05.218Z,,,"http://data.europa.eu/esco/concept-scheme/skills,
http://data.europa.eu/esco/concept-scheme/member-skills,
http://data.europa.eu/esco/concept-scheme/6c930acd-c104-4ece-acf7-f44fd7333036","The type of infrastructure which defines the format of data: semi-structured, unstructured and structured.",in_domain,linked to the selected IT occupations
KnowledgeSkillCompetence,http://data.europa.eu/esco/skill/04f1b938-d4d4-4cb1-a863-982af76b9d93,knowledge,sector-specific,SAS language,"SAS coding
SAS algorithms
SAS testing
SAS algorithm
SAS programming language
SAS principles for software development
SAS techniques for software development",,released,2025-06-25T08:20:05.218Z,,,"http://data.europa.eu/esco/concept-scheme/skills,
http://data.europa.eu/esco/concept-scheme/member-skills,
http://data.europa.eu/esco/concept-scheme/6c930acd-c104-4ece-acf7-f44fd7333036","The techniques and principles of software development, such as analysis, algorithms, coding, testing and compiling of programming paradigms in SAS language.",in_domain,linked to the selected IT occupations
KnowledgeSkillCompetence,http://data.europa.eu/esco/skill/04fe962b-4017-4eb7-9139-7d69b6922bc9,skill/competence,sector-specific,use an application-specific interface,"use an interface specific to the application
using an interface specific to the application
application-specific interface using
operate an interface specific to the application
using an application-specific interface
application-specific interface operating
operating an interface specific to the application
operating an application-specific interface
operate an application-specific interface",,released,2024-02-09T17:29:16.725Z,,,"http://data.europa.eu/esco/concept-scheme/skills,
http://data.europa.eu/esco/concept-scheme/member-skills,
http://data.europa.eu/esco/concept-scheme/6c930acd-c104-4ece-acf7-f44fd7333036",Understand and use interfaces particular to an application or use case.,in_domain,linked to the selected IT occupations
KnowledgeSkillCompetence,http://data.europa.eu/esco/skill/054f26ab-cfdc-4077-883c-1c4c9e9b310a,skill/competence,sector-specific,define firewall rules,"specify access control policies
set firewall rules",,released,2025-06-25T08:45:06.159Z,,,"http://data.europa.eu/esco/concept-scheme/skills,
http://data.europa.eu/esco/concept-scheme/member-skills,
http://data.europa.eu/esco/concept-scheme/6c930acd-c104-4ece-acf7-f44fd7333036",Specify rules to govern a set of components aiming to limit access between groups of networks or a particular network and the internet.,in_domain,linked to the selected IT occupations
KnowledgeSkillCompetence,http://data.europa.eu/esco/skill/062320e5-79d1-45e8-8b7e-5deeb53279a2,skill/competence,cross-sector,perform online data analysis,"implement online data analysis
undertake online data analysis
performing online data analysis
perform an online data analysis
performing an online data analysis
complete online data analysis",,released,2024-02-09T17:29:16.725Z,,,"http://data.europa.eu/esco/concept-scheme/skills,
http://data.europa.eu/esco/concept-scheme/member-skills,
http://data.europa.eu/esco/concept-scheme/6c930acd-c104-4ece-acf7-f44fd7333036","Analyse online experiences and online data for purposes of understanding user behaviour, triggers of online attention, and other factors that could optimise webpage development and exposure.",in_domain,linked to the selected IT occupations
KnowledgeSkillCompetence,http://data.europa.eu/esco/skill/06358891-8424-43c5-891e-d40f226bef40,skill/competence,sector-specific,manage IT security compliances,"oversee IT security compliance
ensure compliance with information security regulations",,released,2025-06-25T12:15:04.406Z,,,"http://data.europa.eu/esco/concept-scheme/skills,
http://data.europa.eu/esco/concept-scheme/member-skills,
http://data.europa.eu/esco/concept-scheme/6c930acd-c104-4ece-acf7-f44fd7333036","Guide application and fulfilment of relevant industry standards, best practices and legal requirements for information security.",in_domain,linked to the selected IT occupations
KnowledgeSkillCompetence,http://data.europa.eu/esco/skill/071233c4-ad2b-4f50-b79f-768d2231163e,knowledge,sector-specific,domain name service,"DNS
DNS server",BIND,released,2023-11-29T16:27:22.76Z,,,"http://data.europa.eu/esco/concept-scheme/skills,
http://data.europa.eu/esco/concept-scheme/member-skills,
http://data.europa.eu/esco/concept-scheme/6c930acd-c104-4ece-acf7-f44fd7333036",Naming database which maps internet domain names to Internet Protocol (IP) addresses. The Domain Name System allows internet users to utilise names such as website titles instead of remembering numeric IP addresses used by computers to locate a concrete website.,in_domain,linked to the selected IT occupations
KnowledgeSkillCompetence,http://data.europa.eu/esco/skill/0760bfac-9a03-427a-ad84-ccd33a2f2ae8,knowledge,cross-sector,mathematical modelling,"mathematical computation
mathematical representation
mathematical simulation",,released,2024-01-29T11:25:09.926Z,,,"http://data.europa.eu/esco/concept-scheme/skills,
http://data.europa.eu/esco/concept-scheme/member-skills","The process of establishing a mathematical representation problem, such as equations, of a real-word to provide insights, discover new features about the problematic scenario, better understand the original problem or to make predictions about it.",in_domain,linked to the selected IT occupations
KnowledgeSkillCompetence,http://data.europa.eu/esco/skill/07889c08-7220-47c8-96f7-6068fbea00dc,skill/competence,sector-specific,normalise data,"prepare data
normalize data
perform data pre-processing",,released,2022-07-05T14:38:14.9Z,,,"http://data.europa.eu/esco/concept-scheme/skills,
http://data.europa.eu/esco/concept-scheme/member-skills,
http://data.europa.eu/esco/concept-scheme/6c930acd-c104-4ece-acf7-f44fd7333036","Reduce data to their accurate core form (normal forms) in order to achieve such results as minimisation of dependency, elimination of redundancy, increase of consistency.",in_domain,linked to the selected IT occupations
KnowledgeSkillCompetence,http://data.europa.eu/esco/skill/07dd856d-6141-48a7-a228-918f88494812,skill/competence,sector-specific,create prototype of user experience solutions,UX,,released,2024-02-09T17:29:09.851Z,,,"http://data.europa.eu/esco/concept-scheme/skills,
http://data.europa.eu/esco/concept-scheme/member-skills,
http://data.europa.eu/esco/concept-scheme/6c930acd-c104-4ece-acf7-f44fd7333036","Design and prepare mock-ups, prototypes and flows in order to test User Experience (UX) solutions or to collect feedback from users, customers, partners or stakeholders.",in_domain,linked to the selected IT occupations
KnowledgeSkillCompetence,http://data.europa.eu/esco/skill/07e47d58-dd0e-4302-9e68-70a188e89065,skill/competence,cross-sector,apply system organisational policies,"adhere to organisational system guidelines
enforce organisational system policies
implement system regulations",,released,2024-02-29T16:52:04.742Z,,,"http://data.europa.eu/esco/concept-scheme/skills,
http://data.europa.eu/esco/concept-scheme/member-skills,
http://data.europa.eu/esco/concept-scheme/6c930acd-c104-4ece-acf7-f44fd7333036","Implement internal policies related to the development, internal and external usage of technological systems, such as software systems, network systems and telecommunications systems, in order to achieve a set of goals and targets regarding the efficient operations and growth of an organisation.",in_domain,linked to the selected IT occupations
KnowledgeSkillCompetence,http://data.europa.eu/esco/skill/07e51c60-763a-4335-b4ec-70a15f66d328,skill/competence,cross-sector,propose ICT solutions to business problems,propose technical solutions to business problems,,released,2024-02-09T17:29:09.851Z,,,"http://data.europa.eu/esco/concept-scheme/skills,
http://data.europa.eu/esco/concept-scheme/member-skills,
http://data.europa.eu/esco/concept-scheme/6c930acd-c104-4ece-acf7-f44fd7333036","Suggest how to solve business issues, using ICT means, so that business processes are improved.",in_domain,linked to the selected IT occupations
KnowledgeSkillCompetence,http://data.europa.eu/esco/skill/0823ccef-813f-4f22-afef-ac0d68615e8f,knowledge,cross-sector,computer simulation,"simulation software ANSYS
computer-based simulation",,released,2025-04-11T13:04:46.998Z,,,"http://data.europa.eu/esco/concept-scheme/skills,
http://data.europa.eu/esco/concept-scheme/member-skills,
http://data.europa.eu/esco/concept-scheme/6c930acd-c104-4ece-acf7-f44fd7333036","A programme run on a computer that represents dynamic responses of a system to explore a mathematical model behaviour, using a model of a real system, composed of mathematical equations.",in_domain,linked to the selected IT occupations
KnowledgeSkillCompetence,http://data.europa.eu/esco/skill/082967d4-b94c-4305-aa13-35a6aa8c5c7c,skill/competence,cross-sector,cooperate with colleagues,"work together with colleagues
collaborate with colleagues
work in collaboration with colleague
work in cooperation with colleagues
work in cooperation with co-workers
collaborate with co-workers
work collaboratively
work cooperatively
cooperate with co-workers
work together with co-workers
work in collaboration with co-workers",,released,2024-02-09T17:29:12.952Z,,,"http://data.europa.eu/esco/concept-scheme/skills,
http://data.europa.eu/esco/concept-scheme/member-skills",Cooperate with colleagues in order to ensure that operations run effectively.,in_domain,linked to the selected IT occupations
KnowledgeSkillCompetence,http://data.europa.eu/esco/skill/0868eef3-2213-4572-9343-74931345a7d3,skill/competence,sector-specific,administer ICT system,"administer system
operate system
administer network and system",,released,2024-02-09T17:29:16.725Z,,,"http://data.europa.eu/esco/concept-scheme/skills,
http://data.europa.eu/esco/concept-scheme/member-skills,
http://data.europa.eu/esco/concept-scheme/6c930acd-c104-4ece-acf7-f44fd7333036","Handle components of ICT system by maintaining configuration, managing users, monitoring resource use, performing backups and installing hardware or software to comply with the set requirements.",in_domain,linked to the selected IT occupations
KnowledgeSkillCompetence,http://data.europa.eu/esco/skill/08a3dcea-12de-447b-a3a5-aa657abc5e97,skill/competence,sector-specific,execute social engineering tests,"perform social engineering tests
execute social engineering attacks
test social engineering
perform social engineering attacks
test social engineering attacks",,released,2023-11-29T16:22:44.031Z,,,"http://data.europa.eu/esco/concept-scheme/skills,
http://data.europa.eu/esco/concept-scheme/member-skills,
http://data.europa.eu/esco/concept-scheme/6c930acd-c104-4ece-acf7-f44fd7333036","Perform simulated social engineering attacks to identify vulnerabilities in an organization's security posture. Social engineering tests may involve phishing emails, pretexting, or other forms of manipulation used by attackers to obtain sensitive information or unauthorized access to systems.",in_domain,linked to the selected IT occupations
KnowledgeSkillCompetence,http://data.europa.eu/esco/skill/08b04e53-ed25-41a2-9f90-0b9cd939ba3d,skill/competence,cross-sector,manage research data,"oversee scientific data
handle research data
administer research data",,released,2024-03-01T11:59:56.801Z,,,"http://data.europa.eu/esco/concept-scheme/skills,
http://data.europa.eu/esco/concept-scheme/member-skills,
http://data.europa.eu/esco/concept-scheme/research,
http://data.europa.eu/esco/concept-scheme/6c930acd-c104-4ece-acf7-f44fd7333036",Produce and analyse scientific data originating from qualitative and quantitative research methods. Store and maintain the data in research databases. Support the re-use of scientific data and be familiar with open data management principles.,in_domain,linked to the selected IT occupations
KnowledgeSkillCompetence,http://data.europa.eu/esco/skill/09cf2c34-6f93-4a19-a9f1-c0d866414bcc,knowledge,sector-specific,Cain and Abel (penetration testing tool),"Cain and Abel penetration testing software
Cain and Abel password recovery tool
Cain and Abel
Cain and Abel software for penetration testing
Cain and Abel penetration testing tool",,released,2024-02-23T09:48:33.544Z,,,"http://data.europa.eu/esco/concept-scheme/skills,
http://data.europa.eu/esco/concept-scheme/member-skills,
http://data.europa.eu/esco/concept-scheme/6c930acd-c104-4ece-acf7-f44fd7333036","The software tool Cain and Abel is a password recovery tool which tests the Microsoft Operating System for security weaknesses and potentially unauthorised access to system information. The tool decodes, decrypts and uncovers passwords by means such as brute-force and cryptanalysis attacks, network sniffing and protocols analysis.",in_domain,linked to the selected IT occupations
KnowledgeSkillCompetence,http://data.europa.eu/esco/skill/09f2f811-a3fb-4de3-a70f-6420a6935575,knowledge,cross-sector,systems development life-cycle,application development life-cycle,,released,2024-02-09T17:29:15.968Z,,,"http://data.europa.eu/esco/concept-scheme/skills,
http://data.europa.eu/esco/concept-scheme/member-skills,
http://data.europa.eu/esco/concept-scheme/6c930acd-c104-4ece-acf7-f44fd7333036","The sequence of steps, such as planning, creating, testing and deploying and the models for the development and life-cycle management of a system.",in_domain,linked to the selected IT occupations
KnowledgeSkillCompetence,http://data.europa.eu/esco/skill/0a099c81-6a0c-4f00-bb3b-990d23ec03a5,skill/competence,sector-specific,manage ICT change request process,"oversee ICT change request process
coordinate ICT change request process
specify the need for ICT change requests
govern ICT change request process
handle ICT change request process",,released,2025-06-25T12:15:04.406Z,,,"http://data.europa.eu/esco/concept-scheme/skills,
http://data.europa.eu/esco/concept-scheme/member-skills,
http://data.europa.eu/esco/concept-scheme/6c930acd-c104-4ece-acf7-f44fd7333036","Specify the incentive for an ICT change request, stating which adjustment in the system needs to be accomplished and execute or supervise the execution of it.",in_domain,linked to the selected IT occupations
KnowledgeSkillCompetence,http://data.europa.eu/esco/skill/0a43729f-2a79-4dae-9faa-95520daae79f,skill/competence,cross-sector,apply company policies,"administer company policies
applying company policies
employ company policies
utilise company policies
company policy application
apply company policy
implement company policies",,released,2024-02-09T17:29:10.678Z,,,"http://data.europa.eu/esco/concept-scheme/skills,
http://data.europa.eu/esco/concept-scheme/member-skills",Apply the principles and rules that govern the activities and processes of an organisation.,in_domain,linked to the selected IT occupations
KnowledgeSkillCompetence,http://data.europa.eu/esco/skill/0a52bed5-fd29-45fb-aba6-e32bccfda1c1,skill/competence,sector-specific,plan migration to cloud,"prepare plan for migration to cloud
cloud migration planning
plan refactoring",,released,2024-02-29T16:24:50.953Z,,,"http://data.europa.eu/esco/concept-scheme/skills,
http://data.europa.eu/esco/concept-scheme/member-skills,
http://data.europa.eu/esco/concept-scheme/6c930acd-c104-4ece-acf7-f44fd7333036","Select existing workloads and processes for potential migration to the cloud and choose migration tools. Determine a new cloud architecture for an existing solution, plan a strategy for migrating existing workloads to the cloud.",in_domain,linked to the selected IT occupations
KnowledgeSkillCompetence,http://data.europa.eu/esco/skill/0a9acb6b-1139-4be9-b431-3a80a959f2f4,knowledge,sector-specific,Agile project management,Agile management software,,released,2025-04-16T09:45:22.199Z,,,"http://data.europa.eu/esco/concept-scheme/skills,
http://data.europa.eu/esco/concept-scheme/member-skills,
http://data.europa.eu/esco/concept-scheme/6c930acd-c104-4ece-acf7-f44fd7333036","The agile project management approach is a methodology for planning, managing and overseeing of ICT resources in order to meet specific goals and using project management ICT tools.",in_domain,linked to the selected IT occupations
KnowledgeSkillCompetence,http://data.europa.eu/esco/skill/0ab03c6c-281b-48f4-83e0-10eeb27a1bae,knowledge,sector-specific,network management system tools,network management system components,,released,2025-06-25T08:20:05.218Z,,,"http://data.europa.eu/esco/concept-scheme/skills,
http://data.europa.eu/esco/concept-scheme/member-skills,
http://data.europa.eu/esco/concept-scheme/6c930acd-c104-4ece-acf7-f44fd7333036","The software or hardware tools which enable monitoring, analysis and supervision of individual network components or network parts within a larger network system.",in_domain,linked to the selected IT occupations
KnowledgeSkillCompetence,http://data.europa.eu/esco/skill/0af062de-eb43-41e9-9b96-249e2cd22d26,skill/competence,sector-specific,use markup languages,"use html
use mark-up languages
use XHTML
use HTML
use Html",,released,2025-04-16T09:52:41.856Z,,,"http://data.europa.eu/esco/concept-scheme/skills,
http://data.europa.eu/esco/concept-scheme/member-skills,
http://data.europa.eu/esco/concept-scheme/6c930acd-c104-4ece-acf7-f44fd7333036","Utilise computer languages that are syntactically distinguishable from the text, to add annotations to a document, specify layout and process types of documents such as HTML.",in_domain,linked to the selected IT occupations
KnowledgeSkillCompetence,http://data.europa.eu/esco/skill/0b0335f3-0aa1-491e-895e-81fc8774a300,skill/competence,sector-specific,develop automated migration methods,"design automated migration methods
design automated transfer of ICT information
generate automated transfer of ICT information
develop automated transfer of ICT information
create automated transfer of ICT information",,released,2025-06-25T12:15:04.406Z,,,"http://data.europa.eu/esco/concept-scheme/skills,
http://data.europa.eu/esco/concept-scheme/member-skills,
http://data.europa.eu/esco/concept-scheme/6c930acd-c104-4ece-acf7-f44fd7333036","Create automated transfer of ICT information between storage types, formats and systems to save human resources from performing the task manually.",in_domain,linked to the selected IT occupations
KnowledgeSkillCompetence,http://data.europa.eu/esco/skill/0c766ca3-9364-4203-916b-fed16e4814c1,skill/competence,sector-specific,gather data for forensic purposes,"compile data for forensic purposes
collect data for forensic purposes",,released,2025-06-25T12:15:04.406Z,,,"http://data.europa.eu/esco/concept-scheme/skills,
http://data.europa.eu/esco/concept-scheme/member-skills","Collect protected, fragmented or corrupted data and other online communication. Document and present findings from this process.",in_domain,linked to the selected IT occupations
KnowledgeSkillCompetence,http://data.europa.eu/esco/skill/0cc9c234-f817-4f4c-908a-4d28fe3b0f4a,skill/competence,cross-sector,coach employees,"train staff to improve performance
employee coaching
coach employees for performance
coach staff
train employees to improve performance",,released,2024-02-09T17:29:15.235Z,,,"http://data.europa.eu/esco/concept-scheme/skills,
http://data.europa.eu/esco/concept-scheme/member-skills","Maintain and improve employees' performance by coaching individuals or groups how to optimise specific methods, skills or abilities, using adapted coaching styles and methods. Tutor newly recruited employees and assist them in the learning of new business systems.",in_domain,linked to the selected IT occupations
KnowledgeSkillCompetence,http://data.europa.eu/esco/skill/0ccdfe98-f845-4598-84a1-3dca66e9d9a3,knowledge,sector-specific,Ruby (computer programming),Ruby,,released,2024-02-09T17:29:15.968Z,,,"http://data.europa.eu/esco/concept-scheme/skills,
http://data.europa.eu/esco/concept-scheme/member-skills,
http://data.europa.eu/esco/concept-scheme/6c930acd-c104-4ece-acf7-f44fd7333036","The techniques and principles of software development, such as analysis, algorithms, coding, testing and compiling of programming paradigms in Ruby.",in_domain,linked to the selected IT occupations
KnowledgeSkillCompetence,http://data.europa.eu/esco/skill/0cd6dcf1-5778-42a5-b685-4d01ae4a4871,knowledge,sector-specific,Common Lisp,Common Lisp programming language,,released,2025-06-25T08:20:05.218Z,,,"http://data.europa.eu/esco/concept-scheme/skills,
http://data.europa.eu/esco/concept-scheme/member-skills,
http://data.europa.eu/esco/concept-scheme/6c930acd-c104-4ece-acf7-f44fd7333036","The techniques and principles of software development, such as analysis, algorithms, coding, testing and compiling of programming paradigms in Common Lisp.",in_domain,linked to the selected IT occupations
KnowledgeSkillCompetence,http://data.europa.eu/esco/skill/0d168770-4d9c-4096-b048-a6577818d306,knowledge,sector-specific,Apache Maven,Maven,,released,2024-02-09T17:29:09.851Z,,,"http://data.europa.eu/esco/concept-scheme/skills,
http://data.europa.eu/esco/concept-scheme/member-skills,
http://data.europa.eu/esco/concept-scheme/6c930acd-c104-4ece-acf7-f44fd7333036","The tool Apache Maven is a software program to perform configuration identification, control, status accounting and audit of software during its development and maintenance.",in_domain,linked to the selected IT occupations
KnowledgeSkillCompetence,http://data.europa.eu/esco/skill/0d4471ae-3820-4c23-8566-f44a7bd159b2,skill/competence,cross-sector,prepare licence agreements,"prepare license agreements
write licence agreements",,released,2024-02-29T17:21:47.228Z,,,"http://data.europa.eu/esco/concept-scheme/skills,
http://data.europa.eu/esco/concept-scheme/member-skills","Make the legal contract ready, granting permission to use equipment, services, components, applications and intellectual property.",in_domain,linked to the selected IT occupations
KnowledgeSkillCompetence,http://data.europa.eu/esco/skill/0da516ee-e70e-4384-be13-f5ff80be8127,skill/competence,cross-sector,communicate with customers,"provide customer service
supply customer service
respond to customer requests
respond to customers
engage with customers
help customers
assist customers
talk with customers
communicate with clients
interact with customers
interact with clients",,released,2025-03-19T11:09:23.139Z,,,"http://data.europa.eu/esco/concept-scheme/skills,
http://data.europa.eu/esco/concept-scheme/member-skills","Respond to and communicate with customers in the most efficient and appropriate manner to enable them to access the desired products or services, or any other help they may require.",in_domain,linked to the selected IT occupations
KnowledgeSkillCompetence,http://data.europa.eu/esco/skill/0da6cab1-0ee9-4391-a299-f71fbf21db56,knowledge,sector-specific,ICT network routing,"ICT network routing techniques
ICT network processes
ICT network routing processes
ICT network techniques",,released,2025-06-25T08:20:05.218Z,,,"http://data.europa.eu/esco/concept-scheme/skills,
http://data.europa.eu/esco/concept-scheme/member-skills,
http://data.europa.eu/esco/concept-scheme/6c930acd-c104-4ece-acf7-f44fd7333036",The processes and techniques for choosing the best paths within an ICT network through which a packet can travel.,in_domain,linked to the selected IT occupations
KnowledgeSkillCompetence,http://data.europa.eu/esco/skill/0daaf096-1639-461c-bf1a-bbeea77e6b67,knowledge,sector-specific,internal risk management policy,risk management internal policy,,released,2024-02-09T17:29:11.47Z,,,"http://data.europa.eu/esco/concept-scheme/skills,
http://data.europa.eu/esco/concept-scheme/member-skills,
http://data.europa.eu/esco/concept-scheme/6c930acd-c104-4ece-acf7-f44fd7333036","The internal risk management policies that identify, assess and prioritise risks in an IT environment. The methods used to minimise, monitor and control the possibility and the impact of disastrous events that affect the reaching of business goals.",in_domain,linked to the selected IT occupations
KnowledgeSkillCompetence,http://data.europa.eu/esco/skill/0dc7aa1b-b5af-4f4b-81ce-ee22ed8b6926,skill/competence,sector-specific,assess ICT knowledge,"capture IT knowledge
capture ICT knowledge",,released,2024-02-09T17:29:09.009Z,,,"http://data.europa.eu/esco/concept-scheme/skills,
http://data.europa.eu/esco/concept-scheme/member-skills,
http://data.europa.eu/esco/concept-scheme/6c930acd-c104-4ece-acf7-f44fd7333036",Evaluate the implicit mastery of skilled experts in an ICT system to make it explicit for further analysis and usage.,in_domain,linked to the selected IT occupations
KnowledgeSkillCompetence,http://data.europa.eu/esco/skill/0de61385-de6d-4146-ba32-1cc1bc102220,knowledge,sector-specific,Lisp,"Lisp software development principles
Lisp algorithms
Lisp software development techniques
Lisp programming paradigms
Lisp coding techniques",,released,2025-06-25T08:20:05.218Z,,,"http://data.europa.eu/esco/concept-scheme/skills,
http://data.europa.eu/esco/concept-scheme/member-skills,
http://data.europa.eu/esco/concept-scheme/6c930acd-c104-4ece-acf7-f44fd7333036","The techniques and principles of software development, such as analysis, algorithms, coding, testing and compiling of programming paradigms in Lisp.",in_domain,linked to the selected IT occupations
KnowledgeSkillCompetence,http://data.europa.eu/esco/skill/0e0c9c11-b39e-43cf-ba95-2fe646f5de64,skill/competence,cross-sector,identify customer requirements,"write research applications
gather and define user requirements
categorise customer requirements",,released,2025-06-25T12:15:04.406Z,,,"http://data.europa.eu/esco/concept-scheme/skills,
http://data.europa.eu/esco/concept-scheme/member-skills","Apply techniques and tools, such as surveys, questionnaires, ICT applications, for eliciting, defining, analysing, documenting and maintaining user requirements from system, service or product.",in_domain,linked to the selected IT occupations
KnowledgeSkillCompetence,http://data.europa.eu/esco/skill/0e1fe34b-f4e7-4642-8c8b-5a05ac3438e5,skill/competence,cross-sector,manage schedule of tasks,"task scheduling
organise tasks
schedule tasks
organize tasks
task planning
assign and schedule tasks
task management
manage task scheduling
plan tasks
manage tasking",,released,2024-02-09T17:29:15.235Z,,,"http://data.europa.eu/esco/concept-scheme/skills,
http://data.europa.eu/esco/concept-scheme/member-skills","Maintain an overview of all the incoming tasks in order to prioritise the tasks, plan their execution, and integrate new tasks as they present themselves.",in_domain,linked to the selected IT occupations
KnowledgeSkillCompetence,http://data.europa.eu/esco/skill/0e361e34-c563-4892-b9d3-873a6a4fef8a,knowledge,sector-specific,digital game genres,mechanics of digital games,,released,2024-02-09T17:29:10.678Z,,,"http://data.europa.eu/esco/concept-scheme/skills,
http://data.europa.eu/esco/concept-scheme/member-skills,
http://data.europa.eu/esco/concept-scheme/6c930acd-c104-4ece-acf7-f44fd7333036","The classification of video games based on their interaction with the game media, such as simulation games, strategy games, adventure games and arcade games.",in_domain,linked to the selected IT occupations
KnowledgeSkillCompetence,http://data.europa.eu/esco/skill/0e8d16c9-e2db-4862-ac06-1567f01ef806,knowledge,sector-specific,building systems monitoring technology,"building monitoring systems
building M&E systems
HVAC systems
M&E systems
systems of building monitoring technology
lighting systems
building monitoring technology systems",,released,2025-04-16T10:15:27.709Z,,,"http://data.europa.eu/esco/concept-scheme/skills,
http://data.europa.eu/esco/concept-scheme/member-skills,
http://data.europa.eu/esco/concept-scheme/6c930acd-c104-4ece-acf7-f44fd7333036","Computer-based control systems that monitor mechanical and electrical equipment in a building such as HVAC, security and lighting systems.",in_domain,linked to the selected IT occupations
KnowledgeSkillCompetence,http://data.europa.eu/esco/skill/0ee94af1-b445-4973-9c3f-459fab250342,skill/competence,cross-sector,apply conflict management,"implement conflict management
administer conflict management
utilise conflict management
applying conflict management
conflict management application
employ conflict management
application of conflict management",,released,2024-02-09T17:29:09.851Z,,,"http://data.europa.eu/esco/concept-scheme/skills,
http://data.europa.eu/esco/concept-scheme/member-skills","Take ownership of the handling of all complaints and disputes showing empathy and understanding to achieve resolution. Be fully aware of all Social Responsibility protocols and procedures, and be able to deal with a problematic gambling situation in a professional manner with maturity and empathy.",in_domain,linked to the selected IT occupations
KnowledgeSkillCompetence,http://data.europa.eu/esco/skill/0ee94c0a-3716-494a-95a2-dcbab9e58be2,knowledge,sector-specific,business requirements techniques,business requirements identification,,released,2025-06-25T08:20:05.218Z,,,"http://data.europa.eu/esco/concept-scheme/skills,
http://data.europa.eu/esco/concept-scheme/member-skills",The procedures required to identify and analyse business and organisational needs.,in_domain,linked to the selected IT occupations
KnowledgeSkillCompetence,http://data.europa.eu/esco/skill/0f9958d2-f700-4f62-b90b-a5873cb5ae4c,knowledge,occupation-specific,systems thinking,"systems thought
integrated thinking
system thinking
integration of thinking
integrate thinking",,released,2024-02-09T17:29:15.235Z,,,"http://data.europa.eu/esco/concept-scheme/skills,
http://data.europa.eu/esco/concept-scheme/member-skills,
http://data.europa.eu/esco/concept-scheme/6c930acd-c104-4ece-acf7-f44fd7333036","The integrated approach to understanding how various constituents of a system interrelate, interact and influence one another within a whole logistic system.",in_domain,linked to the selected IT occupations
KnowledgeSkillCompetence,http://data.europa.eu/esco/skill/0fb753a1-2ef2-4429-84d2-ecb2b24daf7a,knowledge,sector-specific,Apache Tomcat,Tomcat,,released,2025-06-25T08:20:05.218Z,,,"http://data.europa.eu/esco/concept-scheme/skills,
http://data.europa.eu/esco/concept-scheme/member-skills,
http://data.europa.eu/esco/concept-scheme/6c930acd-c104-4ece-acf7-f44fd7333036","The open-source web server Apache Tomcat provides a Java web server environment which uses a built in container where HTTP requests are loaded, allowing the Java web applications to run on local and server based systems.",in_domain,linked to the selected IT occupations
KnowledgeSkillCompetence,http://data.europa.eu/esco/skill/0ffdb6ac-03b5-4f1c-bfcc-3d9cb874fdf9,knowledge,sector-specific,ethical hacking principles,ethical hacking techniques,,released,2023-11-02T17:20:57.26Z,,,"http://data.europa.eu/esco/concept-scheme/skills,
http://data.europa.eu/esco/concept-scheme/member-skills,
http://data.europa.eu/esco/concept-scheme/6c930acd-c104-4ece-acf7-f44fd7333036",The set of actions that are carried out to detect vulnerabilities within a computerised system in order to improve security within an organisation. They aim to identify and address data breaches and threats in a network.,in_domain,linked to the selected IT occupations
KnowledgeSkillCompetence,http://data.europa.eu/esco/skill/1019423b-3368-4f83-b24f-19e5fa23e816,knowledge,sector-specific,software UI design patterns,"software user interface design patterns
solutions for software user interface tasks
best practices for software user interface tasks
solutions for software UI tasks
software UI design best practices",,released,2025-06-25T08:20:05.218Z,,,"http://data.europa.eu/esco/concept-scheme/skills,
http://data.europa.eu/esco/concept-scheme/member-skills,
http://data.europa.eu/esco/concept-scheme/6c930acd-c104-4ece-acf7-f44fd7333036",The reusable solutions and formalised best practices to solve common user interface tasks in software development and design.,in_domain,linked to the selected IT occupations
KnowledgeSkillCompetence,http://data.europa.eu/esco/skill/1110c92f-3059-445a-9436-0f4200d365f5,knowledge,sector-specific,Sass,Syntactically Awesome Stylesheets,,released,2024-02-09T17:29:09.009Z,,,"http://data.europa.eu/esco/concept-scheme/skills,
http://data.europa.eu/esco/concept-scheme/member-skills,
http://data.europa.eu/esco/concept-scheme/6c930acd-c104-4ece-acf7-f44fd7333036","The computer language Sass is a style sheet language that conveys the presentation of structured documents. These documents have to adhere to style sheets, a set of stylistic rules such as font, color and layout.",in_domain,linked to the selected IT occupations
KnowledgeSkillCompetence,http://data.europa.eu/esco/skill/11430d93-c835-48ed-8e70-285fa69c9ae6,skill/competence,sector-specific,design cloud architecture,"design multi-tier cloud architecture
create cloud architecture
engineer cloud architecture",,released,2022-07-05T14:34:46.63Z,,,"http://data.europa.eu/esco/concept-scheme/skills,
http://data.europa.eu/esco/concept-scheme/member-skills,
http://data.europa.eu/esco/concept-scheme/6c930acd-c104-4ece-acf7-f44fd7333036","Design a multi-tier cloud architecture solution, which tolerates faults and is fit for the workload and other business needs. Identify elastic and scalable computing solutions, select high-performing and scalable storage solutions, and choose high-performing database solutions. Identify cost-effective storage, computing, and database services in the cloud.",in_domain,linked to the selected IT occupations
KnowledgeSkillCompetence,http://data.europa.eu/esco/skill/114c9698-c999-4369-8498-81bf641fe871,skill/competence,occupation-specific,establish an ICT security prevention plan,,,released,2025-02-27T12:45:08.961Z,,,"http://data.europa.eu/esco/concept-scheme/skills,
http://data.europa.eu/esco/concept-scheme/member-skills,
http://data.europa.eu/esco/concept-scheme/6c930acd-c104-4ece-acf7-f44fd7333036","Define a comprehensive and proactive strategy for managing information and communication technology (ICT) security risks by establishing a set of measures and responsibilities to ensure the confidentiality, integrity and availability of information. Implement policies to prevent data breaches, detect and respond to unauthorised access to systems and resources, including up-to-date security applications and employee education.",in_domain,linked to the selected IT occupations
KnowledgeSkillCompetence,http://data.europa.eu/esco/skill/118a9b27-1c5a-4214-b685-1a4d9e6365ea,knowledge,sector-specific,computer forensics,"forensic IT
digital forensic investigation",,released,2025-06-25T08:20:05.218Z,,,"http://data.europa.eu/esco/concept-scheme/skills,
http://data.europa.eu/esco/concept-scheme/member-skills,
http://data.europa.eu/esco/concept-scheme/6c930acd-c104-4ece-acf7-f44fd7333036",The process of examining and recovering digital data from sources for legal evidence and crime investigation.,in_domain,linked to the selected IT occupations
KnowledgeSkillCompetence,http://data.europa.eu/esco/skill/118efbcd-8fc5-4668-81d1-c383a0d16070,skill/competence,cross-sector,handle helpdesk problems,"deal with helpdesk problems
handle a helpdesk problem
handling helpdesk problems
solve helpdesk problems
support helpdesk problems
handling a helpdesk problem
administer helpdesk problems",,released,2024-02-09T17:29:14.494Z,,,"http://data.europa.eu/esco/concept-scheme/skills,
http://data.europa.eu/esco/concept-scheme/member-skills","Investigate what causes problems, test and improve solutions in order to reduce number of calls to the helpdesk.",in_domain,linked to the selected IT occupations
KnowledgeSkillCompetence,http://data.europa.eu/esco/skill/11c56452-fcec-4b00-9695-cca4728e5048,knowledge,cross-sector,marketing analytics,marketing data analytics,,released,2023-11-29T16:23:45.855Z,,,"http://data.europa.eu/esco/concept-scheme/skills,
http://data.europa.eu/esco/concept-scheme/member-skills,
http://data.europa.eu/esco/concept-scheme/6c930acd-c104-4ece-acf7-f44fd7333036",The set of processes for employing data to improve the effectiveness of marketing activities. It involves analysing metrics such as the Return on Investment (ROI) for identify opportunities of improvement.,in_domain,linked to the selected IT occupations
KnowledgeSkillCompetence,http://data.europa.eu/esco/skill/11eebd42-44ab-401d-8a2c-bdb9fc9beb50,knowledge,sector-specific,information security strategy,InfoSec strategy,,released,2025-06-25T08:20:05.218Z,,,"http://data.europa.eu/esco/concept-scheme/skills,
http://data.europa.eu/esco/concept-scheme/member-skills,
http://data.europa.eu/esco/concept-scheme/6c930acd-c104-4ece-acf7-f44fd7333036","The plan defined by a company which sets the information security objectives and measures to mitigate risks, define control objectives, establish metrics and benchmarks while complying with legal, internal and contractual requirements.",in_domain,linked to the selected IT occupations
KnowledgeSkillCompetence,http://data.europa.eu/esco/skill/12274664-b642-4945-b88f-d7787dc3c9dd,skill/competence,sector-specific,design interaction model,"design virtual assistant skills
develop interaction model
design skills for interaction model",,released,2022-07-05T14:38:06.701Z,,,"http://data.europa.eu/esco/concept-scheme/skills,
http://data.europa.eu/esco/concept-scheme/member-skills,
http://data.europa.eu/esco/concept-scheme/6c930acd-c104-4ece-acf7-f44fd7333036","Design and develop an interaction model. Design a multi-turn conversation, use built-in intents and slots, handle unexpected conversational requests or responses, design multi-modal skills using one or more service interfaces (for example, audio, video, and gadgets).",in_domain,linked to the selected IT occupations
KnowledgeSkillCompetence,http://data.europa.eu/esco/skill/123cf7c5-6a3b-419d-be4f-49a6cc020f9f,knowledge,cross-sector,interactive media,interactive multimedia,,released,2024-01-29T11:46:00.732Z,,,"http://data.europa.eu/esco/concept-scheme/skills,
http://data.europa.eu/esco/concept-scheme/member-skills,
http://data.europa.eu/esco/concept-scheme/6c930acd-c104-4ece-acf7-f44fd7333036","The method of communication that takes place through digital medias and is based on customers interactions with them. The interactions take place with computerised elements (e.g., moving graphics, digital text and sound).",in_domain,linked to the selected IT occupations
KnowledgeSkillCompetence,http://data.europa.eu/esco/skill/13bdd41a-2a18-441f-96db-41252c519413,knowledge,sector-specific,Visual Basic,"VB.NET
.NET
Visual Studio .NET
Visual Studio
VB",,released,2025-04-16T09:55:37.546Z,,,"http://data.europa.eu/esco/concept-scheme/skills,
http://data.europa.eu/esco/concept-scheme/member-skills,
http://data.europa.eu/esco/concept-scheme/6c930acd-c104-4ece-acf7-f44fd7333036","The techniques and principles of software development, such as analysis, algorithms, coding, testing and compiling of programming paradigms in Visual Basic.",in_domain,linked to the selected IT occupations
KnowledgeSkillCompetence,http://data.europa.eu/esco/skill/143769cb-b61e-47d8-a61e-eedfbec1016c,knowledge,cross-sector,business intelligence,"business analytics
BI
business intelligence tools",,released,2025-06-25T08:20:05.218Z,,,"http://data.europa.eu/esco/concept-scheme/skills,
http://data.europa.eu/esco/concept-scheme/member-skills,
http://data.europa.eu/esco/concept-scheme/6c930acd-c104-4ece-acf7-f44fd7333036",The tools used to transform large amounts of raw data into relevant and helpful business information.,in_domain,linked to the selected IT occupations
KnowledgeSkillCompetence,http://data.europa.eu/esco/skill/14ced458-5f4b-495f-bd3d-9c240614bda0,knowledge,sector-specific,Adobe Photoshop,"Adobe Photoshop Elements
Adobe Photoshop CC","Adobe Photoshop CS3
Adobe Photoshop CS5
Adobe Photoshop CS4
Adobe Photoshop CS6",released,2023-06-08T15:19:09.883Z,,,"http://data.europa.eu/esco/concept-scheme/skills,
http://data.europa.eu/esco/concept-scheme/member-skills,
http://data.europa.eu/esco/concept-scheme/6c930acd-c104-4ece-acf7-f44fd7333036",The computer program Adobe Photoshop is a graphical ICT tool which enables digital editing and composition of graphics to generate both 2D raster or 2D vector graphics. It is developed by the software company Adobe.,in_domain,linked to the selected IT occupations
KnowledgeSkillCompetence,http://data.europa.eu/esco/skill/14d1e367-3efe-4ec5-86ae-eca48710ee4e,skill/competence,sector-specific,implement ICT security policies,"implementing computer network safety policies
implementing ICT safety policies
implement computer network safety policies
implement ICT safety policies
implement computer network security policies
apply on-line safety guidelines
ICT safety policies implementing
apply on-line security guidelines
on-line security guidelines applying
on-line safety guidelines applying",,released,2023-04-12T15:11:35.126Z,,,"http://data.europa.eu/esco/concept-scheme/skills,
http://data.europa.eu/esco/concept-scheme/member-skills,
http://data.europa.eu/esco/concept-scheme/6c930acd-c104-4ece-acf7-f44fd7333036","Implement statements, assertions or rules that specify the appropriate use and protection of the ICT assets and systems from an organisation. These ICT security policies cover topics such as data classification, password management, access control and incident response.",in_domain,linked to the selected IT occupations
KnowledgeSkillCompetence,http://data.europa.eu/esco/skill/1585fc98-bfe4-461f-97fc-734055a2c3ce,knowledge,sector-specific,characteristics of products,"product characteristics
characteristic of a product
qualities of products
components of products
characteristics of a product
aspects of products
attributes of products",,released,2024-02-09T17:29:09.009Z,,,"http://data.europa.eu/esco/concept-scheme/skills,
http://data.europa.eu/esco/concept-scheme/member-skills","The tangible characteristics of a product such as its materials, properties and functions, as well as its different applications, features, use and support requirements.",in_domain,linked to the selected IT occupations
KnowledgeSkillCompetence,http://data.europa.eu/esco/skill/1605025e-a179-421f-8f35-5b07d182a6b2,knowledge,cross-sector,web analytics,,Google Analytics,released,2025-02-27T12:45:08.961Z,,,"http://data.europa.eu/esco/concept-scheme/skills,
http://data.europa.eu/esco/concept-scheme/member-skills,
http://data.europa.eu/esco/concept-scheme/6c930acd-c104-4ece-acf7-f44fd7333036","The characteristics, tools and techniques for measurement, collection, analysis and reporting of web data to get information on the users' behaviour and to improve the performance of a website.",in_domain,linked to the selected IT occupations
KnowledgeSkillCompetence,http://data.europa.eu/esco/skill/16a00c69-9c74-4c37-96d7-6301d285e5ce,skill/competence,cross-sector,use e-services,"use online payment solutions
make use of e-services
use electronic services
engage in citizenship through digital technologies
able to use e-services
apply e-services
utilise e-services",,released,2024-02-12T08:36:46.077Z,"Includes e-commerce, e-governance, e-banking, e-health services and online payment activities.",,"http://data.europa.eu/esco/concept-scheme/skills,
http://data.europa.eu/esco/concept-scheme/member-skills,
http://data.europa.eu/esco/concept-scheme/6c930acd-c104-4ece-acf7-f44fd7333036,
http://data.europa.eu/esco/concept-scheme/digcomp",Participate in society through the use of public and private digital services. Seek opportunities for self-empowerment and for participatory citizenship through appropriate digital technologies.,in_domain,linked to the selected IT occupations
KnowledgeSkillCompetence,http://data.europa.eu/esco/skill/172020d1-e151-445b-8173-e2a5fb16fe51,skill/competence,sector-specific,utilise computer-aided software engineering tools,"utilise CASE tools for software design
utilize CASE tools for software design
utilize computer-aided software engineering tools
utilise CASE tools
use CASE tools",,released,2024-02-23T09:38:31.552Z,,,"http://data.europa.eu/esco/concept-scheme/skills,
http://data.europa.eu/esco/concept-scheme/member-skills,
http://data.europa.eu/esco/concept-scheme/6c930acd-c104-4ece-acf7-f44fd7333036","Use software tools (CASE) to support the development lifecycle, design and implementation of software and applications of high-quality that can be easily maintained.",in_domain,linked to the selected IT occupations
KnowledgeSkillCompetence,http://data.europa.eu/esco/skill/1774bd31-8893-44cf-9498-7e3d95508419,knowledge,cross-sector,screen reader,"assistive technology for reading
text-to-speech software",JAWS,released,2023-10-26T10:18:14.199Z,,,"http://data.europa.eu/esco/concept-scheme/skills,
http://data.europa.eu/esco/concept-scheme/member-skills,
http://data.europa.eu/esco/concept-scheme/6c930acd-c104-4ece-acf7-f44fd7333036","Software program which converts screen elements such as text, images, or buttons, displayed in the computer into Braille or speech. Assistive technology used by visually impaired or blind people to interpret what appears on the computer screen through braille output, audio icons or speech synthesisers.",in_domain,linked to the selected IT occupations
KnowledgeSkillCompetence,http://data.europa.eu/esco/skill/17924c75-45f4-4593-afac-eea0d51f04b5,knowledge,sector-specific,defence standard procedures,"defence protocols
defence standard processes
defence standard technical procedures
defence standard methods
defence standard guidelines",,released,2024-02-23T15:28:30.505Z,,,"http://data.europa.eu/esco/concept-scheme/skills,
http://data.europa.eu/esco/concept-scheme/member-skills","Methods and procedures typical for defence applications such as the NATO Standardization Agreements or STANAGs
Standard definitions of the processes, procedures, terms, and conditions for common military or technical procedures or equipment. Guidelines for capability planners, programme managers and test managers to prescribe the necessary technical standards and profiles to achieve interoperability of Communications and Information Systems.",in_domain,linked to the selected IT occupations
KnowledgeSkillCompetence,http://data.europa.eu/esco/skill/17c9a790-5664-4673-8237-c4cf3c5a8da5,skill/competence,cross-sector,conduct impact evaluation of ICT processes on business,"evaluate ICT process impact
carry out ICT process impact evaluation",,released,2025-06-25T08:45:06.159Z,,,"http://data.europa.eu/esco/concept-scheme/skills,
http://data.europa.eu/esco/concept-scheme/member-skills,
http://data.europa.eu/esco/concept-scheme/6c930acd-c104-4ece-acf7-f44fd7333036",Evaluate the tangible consequences of the implementation of new ICT systems and functions on the current business structure and organisational procedures.,in_domain,linked to the selected IT occupations
KnowledgeSkillCompetence,http://data.europa.eu/esco/skill/1859883d-c047-4fe1-8e74-7bb4385d6ad2,skill/competence,sector-specific,apply 3D imaging techniques,"create 3D vector graphics
apply curve modelling
apply digital scuplting
edit point clouds
implement 3D imaging techniques",,released,2025-06-25T12:15:04.406Z,,,"http://data.europa.eu/esco/concept-scheme/skills,
http://data.europa.eu/esco/concept-scheme/member-skills,
http://data.europa.eu/esco/concept-scheme/6c930acd-c104-4ece-acf7-f44fd7333036","Implement a variety of techniques such as digital sculpting, curve modelling and 3D scanning to create, edit, preserve and use 3D images, such as point clouds, 3D vector graphic and 3D surface shapes.",in_domain,linked to the selected IT occupations
KnowledgeSkillCompetence,http://data.europa.eu/esco/skill/18ab25a5-ce2d-4cd5-b7b0-3890f595f77d,skill/competence,sector-specific,manage alarm system,"alarm device
intrusion detection system",,released,2024-02-09T17:29:12.952Z,,,"http://data.europa.eu/esco/concept-scheme/skills,
http://data.europa.eu/esco/concept-scheme/member-skills,
http://data.europa.eu/esco/concept-scheme/6c930acd-c104-4ece-acf7-f44fd7333036",Set up and maintain system for detection of intrusions and unauthorised entries into a facility.,in_domain,linked to the selected IT occupations
KnowledgeSkillCompetence,http://data.europa.eu/esco/skill/1973c966-f236-40c9-b2d4-5d71a89019be,skill/competence,cross-sector,use spreadsheets software,"Google Sheets
PlanMaker
Gnumeric
OxygenOffice Professional Calc
ResolverOne
ThinkFree Office Calc
CellPro
Simple Spreadsheet
Corel Calculate
MS Excel
wikiCalc
Calligra Sheets
QT Calc Express
Lotus 1-2-3
Quantrix Modeler
Dolphinity Planner
Kingsoft Spreadsheet
Sheetster
Accel Spreadsheet
LibreOffice Calc
Microsoft Office Excel
use spreadsheets program
IBM Lotus Symphony Spreadsheets
Household Budget Worksheet
design spreadsheets
Myrtle
Ability Office Spreadsheet
DhtmlxSpreadsheet
OOo4Kids Calc
Lotus Improv
Sphygmic Software Spreadsheet
Zoho Sheet","Gnumeric
ThinkFree Office Calc
Corel Calculate
Lotus 1-2-3
Kingsoft Spreadsheet
ResolverOne
Sheetster
Dolphinity Planner
OOo4Kids Calc
Zoho Sheet
Household Budget Worksheet
Microsoft Office Excel
Myrtle
Google Sheets
PlanMaker
Lotus Improv
LibreOffice Calc
IBM Lotus Symphony Spreadsheets
Calligra Sheets
Accel Spreadsheet
Sphygmic Software Spreadsheet
DhtmlxSpreadsheet
QT Calc Express
Quantrix Modeler
Ability Office Spreadsheet
OxygenOffice Professional Calc
wikiCalc
Simple Spreadsheet
CellPro",released,2025-04-16T09:58:38.25Z,,,"http://data.europa.eu/esco/concept-scheme/skills,
http://data.europa.eu/esco/concept-scheme/member-skills,
http://data.europa.eu/esco/concept-scheme/6c930acd-c104-4ece-acf7-f44fd7333036","Use software tools to create and edit tabular data to carry out mathematical calculations, organise data and information, create diagrams based on data and to retrieve them.",in_domain,linked to the selected IT occupations
KnowledgeSkillCompetence,http://data.europa.eu/esco/skill/19a8293b-8e95-4de3-983f-77484079c389,knowledge,sector-specific,Java (computer programming),"Java 2
Java 2 enterprise edition
Java",,released,2025-04-16T10:01:06.975Z,,,"http://data.europa.eu/esco/concept-scheme/skills,
http://data.europa.eu/esco/concept-scheme/member-skills,
http://data.europa.eu/esco/concept-scheme/6c930acd-c104-4ece-acf7-f44fd7333036","The techniques and principles of software development, such as analysis, algorithms, coding, testing and compiling of programming paradigms in Java.",in_domain,linked to the selected IT occupations
KnowledgeSkillCompetence,http://data.europa.eu/esco/skill/1a4cc54f-1e53-442b-a6d2-1682dc8ef8f9,skill/competence,cross-sector,creatively use digital technologies,"use digital technologies for cognitive tasks
use digital technologies for process innovation
use digital technologies for product innovation
use digital technologies to resolve conceptual problems
use digital technologies for problem-solving in digital environments",,released,2025-06-25T12:15:04.406Z,,,"http://data.europa.eu/esco/concept-scheme/skills,
http://data.europa.eu/esco/concept-scheme/member-skills,
http://data.europa.eu/esco/concept-scheme/6c930acd-c104-4ece-acf7-f44fd7333036,
http://data.europa.eu/esco/concept-scheme/digcomp",Use digital tools and technologies to create knowledge and to innovate processes and products. Engage individually and collectively in cognitive processing to understand and resolve conceptual problems and problem situations in digital environments.,in_domain,linked to the selected IT occupations
KnowledgeSkillCompetence,http://data.europa.eu/esco/skill/1b3fc0e0-c6f9-45fc-9c6e-14bbba662979,skill/competence,cross-sector,develop information standards,"develop standards for information
develop standards for information management
develop norms for information management
settle information standards
set information standards
set norms for information management",,released,2024-02-09T17:29:16.725Z,,,"http://data.europa.eu/esco/concept-scheme/skills,
http://data.europa.eu/esco/concept-scheme/member-skills","Develop norms or requirements that establish uniform technical criteria, methods, processes and practices in the information management based on professional experience.",in_domain,linked to the selected IT occupations
KnowledgeSkillCompetence,http://data.europa.eu/esco/skill/1b70a55d-b8a4-49fc-96c6-15ab4cff2522,skill/competence,cross-sector,use data processing techniques,"use a data processing technique
apply data processing technique
make use of data processing techniques
utilize data processing techniques
gather and analyse data",,released,2024-02-09T17:29:13.7Z,,,"http://data.europa.eu/esco/concept-scheme/skills,
http://data.europa.eu/esco/concept-scheme/member-skills,
http://data.europa.eu/esco/concept-scheme/6c930acd-c104-4ece-acf7-f44fd7333036","Gather, process and analyse relevant data and information, properly store and update data and represent figures and data using charts and statistical diagrams.",in_domain,linked to the selected IT occupations
KnowledgeSkillCompetence,http://data.europa.eu/esco/skill/1b7c716e-af95-4cda-a42f-6479c8b139f5,knowledge,sector-specific,MDX,MultiDimensional eXpressions,,released,2024-02-09T17:29:14.494Z,,,"http://data.europa.eu/esco/concept-scheme/skills,
http://data.europa.eu/esco/concept-scheme/member-skills,
http://data.europa.eu/esco/concept-scheme/6c930acd-c104-4ece-acf7-f44fd7333036",The computer language MDX is a query language for retrieval of information from a database and of documents containing the needed information. It is developed by the software company Microsoft.,in_domain,linked to the selected IT occupations
KnowledgeSkillCompetence,http://data.europa.eu/esco/skill/1bba98a7-92b9-450b-9235-e0c905f8f3c4,knowledge,sector-specific,information architecture,"data architecture
information system design",,released,2025-06-25T08:20:05.218Z,,,"http://data.europa.eu/esco/concept-scheme/skills,
http://data.europa.eu/esco/concept-scheme/member-skills,
http://data.europa.eu/esco/concept-scheme/6c930acd-c104-4ece-acf7-f44fd7333036","The methods through which information is generated, structured, stored, maintained, linked, exchanged and used.",in_domain,linked to the selected IT occupations
KnowledgeSkillCompetence,http://data.europa.eu/esco/skill/1c2978b8-bb0d-4249-9c23-877571a4dffa,knowledge,sector-specific,cloud security and compliance,"cloud safety and compliance
cloud safety
cloud security
cloud compliance",,released,2022-07-05T14:37:59.932Z,,,"http://data.europa.eu/esco/concept-scheme/skills,
http://data.europa.eu/esco/concept-scheme/member-skills,
http://data.europa.eu/esco/concept-scheme/6c930acd-c104-4ece-acf7-f44fd7333036","Cloud security and compliance concepts, including shared responsibility model, cloud access management capabilities, and resources for security support.",in_domain,linked to the selected IT occupations
KnowledgeSkillCompetence,http://data.europa.eu/esco/skill/1ce4cddd-4a74-458e-a2d4-152ca939475a,knowledge,sector-specific,OWASP ZAP,"OWASP Zed
OWASP Zed Attack Proxy",,released,2024-02-09T17:29:17.515Z,,,"http://data.europa.eu/esco/concept-scheme/skills,
http://data.europa.eu/esco/concept-scheme/member-skills,
http://data.europa.eu/esco/concept-scheme/6c930acd-c104-4ece-acf7-f44fd7333036","The integrated testing tool OWASP Zed Attack Proxy (ZAP) is a specialised tool which tests web applications security weaknesses, replying on an automated scanner and a REST API.",in_domain,linked to the selected IT occupations
KnowledgeSkillCompetence,http://data.europa.eu/esco/skill/1d86f05e-e9cc-40ce-99d8-2b21cc71b16b,knowledge,sector-specific,solution deployment,"implementation of solutions
software solution deployment",,released,2025-06-25T08:20:05.218Z,,,"http://data.europa.eu/esco/concept-scheme/skills,
http://data.europa.eu/esco/concept-scheme/member-skills,
http://data.europa.eu/esco/concept-scheme/6c930acd-c104-4ece-acf7-f44fd7333036","The technologies and standards to be used during the installation, deployment and maintenance of software characteristics.",in_domain,linked to the selected IT occupations
KnowledgeSkillCompetence,http://data.europa.eu/esco/skill/1dae8445-12e5-423a-bb26-824010e299b9,skill/competence,cross-sector,ensure compliance with legal requirements,ensure compliance with legislative regulations,,released,2024-02-09T17:29:12.215Z,,,"http://data.europa.eu/esco/concept-scheme/skills,
http://data.europa.eu/esco/concept-scheme/member-skills","Guarantee compliance with established and applicable standards and legal requirements such as specifications, policies, standards or law for the goal that organisations aspire to achieve in their efforts.",in_domain,linked to the selected IT occupations
KnowledgeSkillCompetence,http://data.europa.eu/esco/skill/1dd23dba-dd00-45ab-abf4-642902538317,skill/competence,cross-sector,perform risk analysis,"perform a risk analysis
risk analysis performance
implement risk analysis
finish risk analysis
performing a risk analysis
complete risk analysis
undertake risk analysis",,released,2024-02-09T17:29:09.851Z,,,"http://data.europa.eu/esco/concept-scheme/skills,
http://data.europa.eu/esco/concept-scheme/member-skills",Identify and assess factors that may jeopardise the success of a project or threaten the organisation's functioning. Implement procedures to avoid or minimise their impact.,in_domain,linked to the selected IT occupations
KnowledgeSkillCompetence,http://data.europa.eu/esco/skill/1de3942b-99d8-41e8-9ef0-fbc9e9f6307b,knowledge,sector-specific,Drupal,"Drupal web platform
Drupal CMS
Drupal content management system",,released,2025-06-25T08:20:05.218Z,,,"http://data.europa.eu/esco/concept-scheme/skills,
http://data.europa.eu/esco/concept-scheme/member-skills,
http://data.europa.eu/esco/concept-scheme/6c930acd-c104-4ece-acf7-f44fd7333036","The open-source web-based software system written in PHP, used for creating, editing, publishing and archiving blogs, articles, web pages or press releases, which requires a higher level of technical understanding of HTML, CSS and PHP.",in_domain,linked to the selected IT occupations
KnowledgeSkillCompetence,http://data.europa.eu/esco/skill/1e77e42a-181f-4b48-8e74-201ce50ffc29,skill/competence,cross-sector,interpret current data,examine current data,,released,2025-06-25T12:15:04.406Z,,,"http://data.europa.eu/esco/concept-scheme/skills,
http://data.europa.eu/esco/concept-scheme/member-skills","Analyse data gathered from sources such as market data, scientific papers, customer requirements and questionnaires which are current and up-to-date in order to assess development and innovation in areas of expertise.",in_domain,linked to the selected IT occupations
KnowledgeSkillCompetence,http://data.europa.eu/esco/skill/1e7ed56a-6d6b-422f-962e-38543d150755,skill/competence,sector-specific,manage changes in ICT system,ICT system upgrade,,released,2024-02-09T17:29:09.851Z,,,"http://data.europa.eu/esco/concept-scheme/skills,
http://data.europa.eu/esco/concept-scheme/member-skills,
http://data.europa.eu/esco/concept-scheme/6c930acd-c104-4ece-acf7-f44fd7333036","Plan, realise and monitor system changes and upgrades. Maintain earlier system versions. Revert, if necessary, to a safe older system version.",in_domain,linked to the selected IT occupations
KnowledgeSkillCompetence,http://data.europa.eu/esco/skill/1fcce318-3212-487a-ac07-4941bc85060d,skill/competence,cross-sector,carry out project activities,"assist in projects development
develop project activities
execute project tasks",,released,2024-03-01T12:06:36.627Z,,,"http://data.europa.eu/esco/concept-scheme/skills,
http://data.europa.eu/esco/concept-scheme/member-skills",Carry out project activities based on the project work plan and schedule. Assist in the development and execution of project plans.,in_domain,linked to the selected IT occupations
KnowledgeSkillCompetence,http://data.europa.eu/esco/skill/20a8fe89-d4eb-4698-8521-8881c13377e0,skill/competence,cross-sector,interact professionally in research and professional environments,"give feedback in a professional setting
interact appropriately in research and professional spheres
receive feedback in a professional setting
interact considerately in research and professional spheres
show collegiality in research and professional environments",,released,2024-02-26T08:57:39.574Z,,,"http://data.europa.eu/esco/concept-scheme/skills,
http://data.europa.eu/esco/concept-scheme/member-skills,
http://data.europa.eu/esco/concept-scheme/research","Show consideration to others as well as collegiality. Listen, give and receive feedback and respond perceptively to others, also involving staff supervision and leadership in a professional setting.",in_domain,linked to the selected IT occupations
KnowledgeSkillCompetence,http://data.europa.eu/esco/skill/20c920d4-7ff7-4676-ba61-3f04490d9416,skill/competence,sector-specific,keep up with the latest information systems solutions,keep up with the latest information systems,,released,2024-02-09T17:29:13.7Z,,,"http://data.europa.eu/esco/concept-scheme/skills,
http://data.europa.eu/esco/concept-scheme/member-skills,
http://data.europa.eu/esco/concept-scheme/6c930acd-c104-4ece-acf7-f44fd7333036","Gather the latest information on existing information systems solutions which integrate software and hardware, as well as network components.",in_domain,linked to the selected IT occupations
KnowledgeSkillCompetence,http://data.europa.eu/esco/skill/2164e860-7f20-48bc-b98c-5d9f8a561550,skill/competence,sector-specific,design computer network,"design LAN
design wide area network
design WAN
design local area network",,released,2025-06-25T12:15:04.406Z,,,"http://data.europa.eu/esco/concept-scheme/skills,
http://data.europa.eu/esco/concept-scheme/member-skills,
http://data.europa.eu/esco/concept-scheme/6c930acd-c104-4ece-acf7-f44fd7333036","Develop and plan ICT networks, such as wide area network and local area network, that connect computers using cable or wireless connections and allow them to exchange data and assess their capacity requirements.",in_domain,linked to the selected IT occupations
KnowledgeSkillCompetence,http://data.europa.eu/esco/skill/2180bd8c-86de-4889-8165-adac902eee9d,knowledge,sector-specific,embedded systems,"embedded systems software architectures
embedded software",,released,2025-04-11T13:10:40.497Z,,,"http://data.europa.eu/esco/concept-scheme/skills,
http://data.europa.eu/esco/concept-scheme/member-skills,
http://data.europa.eu/esco/concept-scheme/6c930acd-c104-4ece-acf7-f44fd7333036","The computer systems and components with a specialised and autonomous function within a larger system or machine such as embedded systems software architectures, embedded peripherals, design principles and development tools.",in_domain,linked to the selected IT occupations
KnowledgeSkillCompetence,http://data.europa.eu/esco/skill/21c5790c-0930-4d74-b3b0-84caf5af12ea,skill/competence,cross-sector,manage budgets,"budget set costs
approximate set costs
estimate set costs
manage operation budgets
oversee operational budgets
handle operational budgets
maintain operational budgets
manage operational budget",,released,2025-08-01T12:50:56.749Z,,,"http://data.europa.eu/esco/concept-scheme/skills,
http://data.europa.eu/esco/concept-scheme/member-skills","Plan, monitor, report on the budget and prepare set production budgets.",in_domain,linked to the selected IT occupations
KnowledgeSkillCompetence,http://data.europa.eu/esco/skill/21d2f96d-35f7-4e3f-9745-c533d2dd6e97,knowledge,cross-sector,computer programming,"GCC
Ada
ALGOL
Visual Basic .NET
Visual Basic
HyperTalk
AppleScript
Ceylon
LabVIEW
Euphoria
Subversion
OCaml
PL/I
MSVC++
Dylan
AspectJ
Korn-shell
STL
Io
Hack
Turing
Object Pascal
Curl
DIBOL
cT
KnockoutJS
bash
Seed7
Emacs Lisp
OpenCV
Rebol
Lua
BCPL
ActionScript
C shell
AWK
INTERCAL
COMAL
PowerShell
occam
Fantom
Caml
Z shell
Tcl
Squirrel-script
IDL
Gosu
Fortran
X10
AngularJS
REXX
BizTalk
ColdFusion
PostScript
TACL","GCC
Ada
ALGOL
LabVIEW
Euphoria
PL/I
MSVC++
HyperTalk
Dylan
X10
Hack
bash
Object Pascal
KnockoutJS
ColdFusion
Io
Squirrel-script
Gosu
Turing
Emacs Lisp
BizTalk
Fortran
OpenCV
cT
AppleScript
Fantom
COMAL
Kotlin
Web Design
OCaml
Seed7
Caml
Curl
occam
IDL
INTERCAL
Lua
STL
AWK
AngularJS
Visual Basic .NET
AspectJ
REXX
Visual Basic
BCPL
Rebol
PostScript
DIBOL
Korn-shell
Ceylon
TACL
C shell
Subversion
PowerShell
ActionScript
Z shell
Tcl",released,2025-02-27T12:45:08.961Z,,,"http://data.europa.eu/esco/concept-scheme/skills,
http://data.europa.eu/esco/concept-scheme/member-skills,
http://data.europa.eu/esco/concept-scheme/6c930acd-c104-4ece-acf7-f44fd7333036,
http://data.europa.eu/esco/concept-scheme/digcomp","The techniques and principles of software development, such as analysis, algorithms, coding, testing and compiling of programming paradigms (e.g. object oriented programming, functional programming) and of programming languages.",in_domain,linked to the selected IT occupations
KnowledgeSkillCompetence,http://data.europa.eu/esco/skill/21fecc8a-392e-49ce-ac26-fb0696ccfead,skill/competence,cross-sector,create project specifications,"determine project specifications
produce detailed specifications for projects",,released,2025-06-25T12:15:04.406Z,,,"http://data.europa.eu/esco/concept-scheme/skills,
http://data.europa.eu/esco/concept-scheme/member-skills","Define the workplan, duration, deliverables, resources and procedures a project has to follow to achieve its goals. Describe project goals, outcomes, results and implementation scenarios.",in_domain,linked to the selected IT occupations
KnowledgeSkillCompetence,http://data.europa.eu/esco/skill/22902bf9-cc3f-495b-811a-c441e28e23f6,skill/competence,sector-specific,manage project information,"give accurate project information
provide accurate project information",,released,2025-06-25T12:15:04.406Z,,,"http://data.europa.eu/esco/concept-scheme/skills,
http://data.europa.eu/esco/concept-scheme/member-skills",Provide accurate and relevant information to all the parties involved in a project on time.,in_domain,linked to the selected IT occupations
KnowledgeSkillCompetence,http://data.europa.eu/esco/skill/234aeb8d-56c3-4531-9193-1c5e6a8d16cb,skill/competence,cross-sector,use presentation software,"Kingsoft Office Presentation
Corel Presentations
using presentation software
Slide Bureau
make use of presentation software
CustomShow
SnagIt
Adobe Persuation
Preseria
Haiku Deck
Google Slides
Adobe Ovation
LibreOffice Impress
Evernote Presentations
Prezi
ClearSlide
Emaze
SlideShare
VisualBee
MediaShout
SlideDog
able to use presentation software
Slideshark
produce electronic presentations
utilise presentation software
Microsoft Office PowerPoint
apply presentation software
use presentation program
Articulate Presenter
Powtoon
GoAnimate
KnowledgeVision
Kineticast
use slide show software","Kingsoft Office Presentation
Corel Presentations
SnagIt
Slide Bureau
Haiku Deck
Prezi
ClearSlide
Emaze
VisualBee
MediaShout
Adobe Ovation
Google Slides
Slideshark
SlideDog
Evernote Presentations
Adobe Persuation
LibreOffice Impress
Preseria
CustomShow
SlideShare
Articulate Presenter
Microsoft Office PowerPoint
GoAnimate
KnowledgeVision
Kineticast
Powtoon",released,2024-02-09T17:29:15.968Z,,,"http://data.europa.eu/esco/concept-scheme/skills,
http://data.europa.eu/esco/concept-scheme/member-skills,
http://data.europa.eu/esco/concept-scheme/6c930acd-c104-4ece-acf7-f44fd7333036","Use software tools to create digital presentations which combine various elements, such as graphs, images, text and other multimedia.",in_domain,linked to the selected IT occupations
KnowledgeSkillCompetence,http://data.europa.eu/esco/skill/23b45aa6-a479-486d-9e6f-062cbab7c68a,knowledge,sector-specific,interfacing techniques,interface design techniques,,released,2025-06-25T08:20:05.218Z,,,"http://data.europa.eu/esco/concept-scheme/skills,
http://data.europa.eu/esco/concept-scheme/member-skills,
http://data.europa.eu/esco/concept-scheme/6c930acd-c104-4ece-acf7-f44fd7333036",The techniques that relate to interfaces between models and components.,in_domain,linked to the selected IT occupations
KnowledgeSkillCompetence,http://data.europa.eu/esco/skill/24310a7b-5db1-4917-a705-4835630227ca,skill/competence,cross-sector,create incident reports,"creating incident reports
incident report creation
creation of incident reports
completing accident report
incident reports creation
complete accident report
accident report completion
completion of accident report",,released,2024-02-09T17:29:13.7Z,,,"http://data.europa.eu/esco/concept-scheme/skills,
http://data.europa.eu/esco/concept-scheme/member-skills","Fill in an incident report after an accident has happened at the company or facility, such as an unusual event which caused an occupational injury to a worker.",in_domain,linked to the selected IT occupations
KnowledgeSkillCompetence,http://data.europa.eu/esco/skill/2450c3b3-e78e-435b-b84d-e05d984e71dc,knowledge,sector-specific,software architecture models,"software architecture patterns
software architecture frameworks",,released,2025-06-25T08:20:05.218Z,,,"http://data.europa.eu/esco/concept-scheme/skills,
http://data.europa.eu/esco/concept-scheme/member-skills,
http://data.europa.eu/esco/concept-scheme/6c930acd-c104-4ece-acf7-f44fd7333036","The set of structures and models needed to understand or describe the software system, including the software elements, the relations between them and the properties of both elements and relations.",in_domain,linked to the selected IT occupations
KnowledgeSkillCompetence,http://data.europa.eu/esco/skill/248894d1-42dc-474f-af6e-2da52ac0c679,skill/competence,sector-specific,define technology strategy,develop technological improvement strategies,,released,2025-02-27T12:45:08.961Z,,,"http://data.europa.eu/esco/concept-scheme/skills,
http://data.europa.eu/esco/concept-scheme/member-skills","Create an overall plan of objectives, practices, principles and tactics related to the use of technologies within an organisation and describe the means to reach the objectives, taking into account analyses and relevant regulations.",in_domain,linked to the selected IT occupations
KnowledgeSkillCompetence,http://data.europa.eu/esco/skill/24c200e5-be20-4370-a137-ab53797f3a17,knowledge,sector-specific,software frameworks,software engineering frameworks,,released,2025-06-25T08:20:05.218Z,,,"http://data.europa.eu/esco/concept-scheme/skills,
http://data.europa.eu/esco/concept-scheme/member-skills,
http://data.europa.eu/esco/concept-scheme/6c930acd-c104-4ece-acf7-f44fd7333036",The software development environments or tools used to improve the efficiency of new software development by providing specific features that support and guide the development.,in_domain,linked to the selected IT occupations
KnowledgeSkillCompetence,http://data.europa.eu/esco/skill/2522a6ce-3202-4ac8-9f5b-b9cb5a3a83a1,skill/competence,sector-specific,debug software,"analyse testing results for incorrect software output
locate defects causing unexpected software output
repair computer code for software
fix computer code for software",,released,2025-06-25T12:15:04.406Z,,,"http://data.europa.eu/esco/concept-scheme/skills,
http://data.europa.eu/esco/concept-scheme/member-skills,
http://data.europa.eu/esco/concept-scheme/6c930acd-c104-4ece-acf7-f44fd7333036","Repair computer code by analysing testing results, locating the defects causing the software to output an incorrect or unexpected result and remove these faults.",in_domain,linked to the selected IT occupations
KnowledgeSkillCompetence,http://data.europa.eu/esco/skill/25b291b5-8245-4d9d-b391-86a8a31d7109,skill/competence,sector-specific,use concurrent programming,"parallel computing
use parallel computing",,released,2024-02-09T17:29:14.494Z,,,"http://data.europa.eu/esco/concept-scheme/skills,
http://data.europa.eu/esco/concept-scheme/member-skills,
http://data.europa.eu/esco/concept-scheme/6c930acd-c104-4ece-acf7-f44fd7333036","Utilise specialised ICT tools to create programs that can execute concurrent operations by splitting programs into parallel processes and, once computed, combining the outcomes together.",in_domain,linked to the selected IT occupations
KnowledgeSkillCompetence,http://data.europa.eu/esco/skill/25f0ea33-b4a2-4f31-b7b4-7d20e827b180,knowledge,sector-specific,data mining,data scraping,,released,2025-06-25T08:20:05.218Z,,,"http://data.europa.eu/esco/concept-scheme/skills,
http://data.europa.eu/esco/concept-scheme/member-skills,
http://data.europa.eu/esco/concept-scheme/6c930acd-c104-4ece-acf7-f44fd7333036","The methods of artificial intelligence, machine learning, statistics and databases used to extract content from a dataset.",in_domain,linked to the selected IT occupations
KnowledgeSkillCompetence,http://data.europa.eu/esco/skill/26fa7a33-a426-4cd5-9792-33bf668612e1,knowledge,sector-specific,LESS,LESS language,,released,2025-06-25T08:20:05.218Z,,,"http://data.europa.eu/esco/concept-scheme/skills,
http://data.europa.eu/esco/concept-scheme/member-skills,
http://data.europa.eu/esco/concept-scheme/6c930acd-c104-4ece-acf7-f44fd7333036","The computer language LESS is a style sheet language that conveys the presentation of structured documents. These documents have to adhere to style sheets, a set of stylistic rules such as font, color and layout.",in_domain,linked to the selected IT occupations
KnowledgeSkillCompetence,http://data.europa.eu/esco/skill/27b913f0-3c52-448b-ad27-fc6ef08fb326,knowledge,sector-specific,Adobe Illustrator,Adobe Illustrator CC,"Adobe Illustrator CS5
Adobe Illustrator CS3
Adobe Illustrator CS4
Adobe Illustrator CS6",released,2023-06-08T15:20:34.045Z,,,"http://data.europa.eu/esco/concept-scheme/skills,
http://data.europa.eu/esco/concept-scheme/member-skills,
http://data.europa.eu/esco/concept-scheme/6c930acd-c104-4ece-acf7-f44fd7333036",The computer program Adobe Illustrator CC is a graphical ICT tool which enables digital editing and composition of graphics to generate both 2D raster or 2D vector graphics. It is developed by the software company Adobe.,in_domain,linked to the selected IT occupations
KnowledgeSkillCompetence,http://data.europa.eu/esco/skill/283cbcd3-7101-4dbb-be37-56f3625515b1,skill/competence,sector-specific,provide ICT consulting advice,"provide advice in consulting
provide IT consulting advice",,released,2024-02-09T17:29:09.851Z,,,"http://data.europa.eu/esco/concept-scheme/skills,
http://data.europa.eu/esco/concept-scheme/member-skills","Advise on appropriate solutions in the field of ICT by selecting alternatives and optimising decisions while taking into account potential risks, benefits and overall impact to professional customers.",in_domain,linked to the selected IT occupations
KnowledgeSkillCompetence,http://data.europa.eu/esco/skill/2857540c-180b-4208-9127-e94a01871966,skill/competence,sector-specific,align software with system architectures,"integrate software into system frameworks
harmonise software with system architectures
coordinate software with architectural structures",,released,2025-06-25T12:15:04.406Z,,,"http://data.europa.eu/esco/concept-scheme/skills,
http://data.europa.eu/esco/concept-scheme/member-skills,
http://data.europa.eu/esco/concept-scheme/6c930acd-c104-4ece-acf7-f44fd7333036",Put system design and technical specifications in line with software architecture in order to ensure the integration and interoperability between components of the system.,in_domain,linked to the selected IT occupations
KnowledgeSkillCompetence,http://data.europa.eu/esco/skill/2891f0dc-4426-4a9a-8fbb-db4fb0a66f91,knowledge,sector-specific,Nessus,Nessus Vulnerability Scanner,"Nessus 2
Nessus 3
Nessus 4.0.0
Nessus 6.0
Nessus 5.0",released,2023-06-09T15:21:24.46Z,,,"http://data.europa.eu/esco/concept-scheme/skills,
http://data.europa.eu/esco/concept-scheme/member-skills,
http://data.europa.eu/esco/concept-scheme/6c930acd-c104-4ece-acf7-f44fd7333036","The computer program Nessus is a specialised ICT tool which tests security weaknesses of the system for potentially unauthorised access to system information, developed by the software company Tenable Network Security.",in_domain,linked to the selected IT occupations
KnowledgeSkillCompetence,http://data.europa.eu/esco/skill/29154735-107a-4daa-a050-537f7707f34e,skill/competence,cross-sector,conduct content quality assurance,"implement content quality control
perform quantent quality assessment",,released,2025-06-25T08:45:06.159Z,,,"http://data.europa.eu/esco/concept-scheme/skills,
http://data.europa.eu/esco/concept-scheme/member-skills","Carry out validation of content by reviewing it according to formal and functional quality, usability and applicable standards.",in_domain,linked to the selected IT occupations
KnowledgeSkillCompetence,http://data.europa.eu/esco/skill/29fb0fb5-dfc4-4098-ac9b-3a712000f48f,skill/competence,cross-sector,manage database,implement database theory,,released,2024-02-09T17:29:13.7Z,,,"http://data.europa.eu/esco/concept-scheme/skills,
http://data.europa.eu/esco/concept-scheme/member-skills,
http://data.europa.eu/esco/concept-scheme/6c930acd-c104-4ece-acf7-f44fd7333036","Apply database design schemes and models, define data dependencies, use query languages and database management systems (DBMS) to develop and manage databases.",in_domain,linked to the selected IT occupations
KnowledgeSkillCompetence,http://data.europa.eu/esco/skill/29fb886c-6be0-4e93-9ea1-232881f2092a,skill/competence,cross-sector,plan product management,"plan products management
planning product management
set up product management
implement product management
arrange product management
plan production management
timetable product management",,released,2024-02-09T17:29:13.7Z,,,"http://data.europa.eu/esco/concept-scheme/skills,
http://data.europa.eu/esco/concept-scheme/member-skills","Manage the scheduling of procedures which aim to maximise sales objectives, such as forecasting market trends, product placement, and sales planning.",in_domain,linked to the selected IT occupations
KnowledgeSkillCompetence,http://data.europa.eu/esco/skill/2a3a96a3-709e-4d60-81f6-d247d6933f13,skill/competence,sector-specific,manage system security,manage information security,,released,2024-02-09T17:29:13.7Z,,,"http://data.europa.eu/esco/concept-scheme/skills,
http://data.europa.eu/esco/concept-scheme/member-skills,
http://data.europa.eu/esco/concept-scheme/6c930acd-c104-4ece-acf7-f44fd7333036",Analyse the critical assets of a company and identify weaknesses and vulnerabilities that lead to intrusion or attack. Apply security detection techniques. Understand cyber attack techniques and implement effective countermeasures.,in_domain,linked to the selected IT occupations
KnowledgeSkillCompetence,http://data.europa.eu/esco/skill/2b1e2927-3542-48da-9063-02925e7562c1,skill/competence,cross-sector,disseminate results to the scientific community,"disseminate scientific results
disclose scientific results
disclose findings of scientific research
disseminate findings of scientific research
disseminate results of scientific research",,released,2024-02-23T16:43:58.272Z,,,"http://data.europa.eu/esco/concept-scheme/skills,
http://data.europa.eu/esco/concept-scheme/member-skills,
http://data.europa.eu/esco/concept-scheme/research","Publicly disclose scientific results by any appropriate means, including conferences, workshops, colloquia and scientific publications.",in_domain,linked to the selected IT occupations
KnowledgeSkillCompetence,http://data.europa.eu/esco/skill/2b34764d-637c-48f5-aa70-31e15c965db6,skill/competence,sector-specific,operate open source software,"know open-source software licensing schemes
know open-source software coding practices
know open-source licensing schemes
know open-source coding practices
manage open-source software",,released,2024-02-23T16:25:28.327Z,,,"http://data.europa.eu/esco/concept-scheme/skills,
http://data.europa.eu/esco/concept-scheme/member-skills,
http://data.europa.eu/esco/concept-scheme/research,
http://data.europa.eu/esco/concept-scheme/6c930acd-c104-4ece-acf7-f44fd7333036","Operate Open Source software, knowing the main Open Source models, licensing schemes, and the coding practices commonly adopted in the production of Open Source software.",in_domain,linked to the selected IT occupations
KnowledgeSkillCompetence,http://data.europa.eu/esco/skill/2b7a79e5-84d8-4880-be66-3d9bb05bea17,skill/competence,sector-specific,use software design patterns,"use programming design patterns
utilise software design patterns",,released,2024-02-09T17:29:12.215Z,,,"http://data.europa.eu/esco/concept-scheme/skills,
http://data.europa.eu/esco/concept-scheme/member-skills,
http://data.europa.eu/esco/concept-scheme/6c930acd-c104-4ece-acf7-f44fd7333036","Utilise reusable solutions, formalised best practices, to solve common ICT development tasks in software development and design.",in_domain,linked to the selected IT occupations
KnowledgeSkillCompetence,http://data.europa.eu/esco/skill/2b92a5b2-6758-4ee3-9fb4-b6387a55cc8f,skill/competence,cross-sector,perform data analysis,"analyse data performance
perform analysis of data
implement data analysis
performing data analysis
undertake data analysis
complete data analysis",,released,2024-02-09T17:29:12.215Z,,,"http://data.europa.eu/esco/concept-scheme/skills,
http://data.europa.eu/esco/concept-scheme/member-skills,
http://data.europa.eu/esco/concept-scheme/6c930acd-c104-4ece-acf7-f44fd7333036","Collect data and statistics to test and evaluate in order to generate assertions and pattern predictions, with the aim of discovering useful information in a decision-making process.",in_domain,linked to the selected IT occupations
KnowledgeSkillCompetence,http://data.europa.eu/esco/skill/2bde42ae-e776-41c1-9ded-b07b30bfe985,knowledge,sector-specific,Prolog (computer programming),Prolog,,released,2022-07-05T14:34:21.232Z,,,"http://data.europa.eu/esco/concept-scheme/skills,
http://data.europa.eu/esco/concept-scheme/member-skills,
http://data.europa.eu/esco/concept-scheme/6c930acd-c104-4ece-acf7-f44fd7333036","The techniques and principles of software development, such as analysis, algorithms, coding, testing and compiling of programming paradigms in Prolog.",in_domain,linked to the selected IT occupations
KnowledgeSkillCompetence,http://data.europa.eu/esco/skill/2c28fc20-8a60-4311-8899-5ef8729c05b3,skill/competence,cross-sector,design process,"design-to-cost process
process design",,released,2025-04-11T13:05:59.459Z,,,"http://data.europa.eu/esco/concept-scheme/skills,
http://data.europa.eu/esco/concept-scheme/member-skills,
http://data.europa.eu/esco/concept-scheme/6c930acd-c104-4ece-acf7-f44fd7333036","Identify the workflow and resource requirements for a particular process, using a variety of tools such as process simulation software, flowcharting and scale models.",in_domain,linked to the selected IT occupations
KnowledgeSkillCompetence,http://data.europa.eu/esco/skill/2c4e11ef-da18-4e19-816b-e6bc19e12424,skill/competence,sector-specific,use logic programming,"utilise ICT tools for logic programming
use Datalog for logic programming
employ Answer Set Programming
employ ICT tools for logic programming
use Prolog for logic programming",,released,2025-06-25T12:15:04.406Z,,,"http://data.europa.eu/esco/concept-scheme/skills,
http://data.europa.eu/esco/concept-scheme/member-skills,
http://data.europa.eu/esco/concept-scheme/6c930acd-c104-4ece-acf7-f44fd7333036","Utilise specialised ICT tools to create computer code composed of series of sentences in logical form, expressing rules and facts about some problem domain. Use programming languages which support this method such as Prolog, Answer Set Programming and Datalog.",in_domain,linked to the selected IT occupations
KnowledgeSkillCompetence,http://data.europa.eu/esco/skill/2d140a3a-45a6-4248-80dd-b3760ebc9cc6,knowledge,sector-specific,operations management,business operations management,,released,2024-01-29T11:26:38.855Z,,,"http://data.europa.eu/esco/concept-scheme/skills,
http://data.europa.eu/esco/concept-scheme/member-skills",The backend business functions that are implemented with the aim of achieving the high efficiency and profitability within an organisation.,in_domain,linked to the selected IT occupations
KnowledgeSkillCompetence,http://data.europa.eu/esco/skill/2d6d4784-0992-48e7-b100-22d7229b3f0a,skill/competence,cross-sector,translate requirements into visual design,"develop visual design from given specifications
develop visual design concepts based on target audience
develop visual design based on target audience
translate requirement concepts into visual design
develop visual design concepts from given specifications",,released,2024-02-23T17:03:29.16Z,,,"http://data.europa.eu/esco/concept-scheme/skills,
http://data.europa.eu/esco/concept-scheme/member-skills,
http://data.europa.eu/esco/concept-scheme/6c930acd-c104-4ece-acf7-f44fd7333036","Develop visual design from given specifications and requirements, based on the analysis of the scope and target audience. Create a visual representation of ideas such as logos, website graphics, digital games and layouts.",in_domain,linked to the selected IT occupations
KnowledgeSkillCompetence,http://data.europa.eu/esco/skill/2daec0e6-f0c1-43e8-8178-aedba99130ec,skill/competence,sector-specific,establish data processes,"develop data processes
implement data processes",,released,2024-02-09T17:29:16.725Z,,,"http://data.europa.eu/esco/concept-scheme/skills,
http://data.europa.eu/esco/concept-scheme/member-skills,
http://data.europa.eu/esco/concept-scheme/6c930acd-c104-4ece-acf7-f44fd7333036","Use ICT tools to apply mathematical, algorithmic or other data manipulation processes in order to create information.",in_domain,linked to the selected IT occupations
KnowledgeSkillCompetence,http://data.europa.eu/esco/skill/2ddb1226-1117-4eb4-ae65-3a2f5a5a3c80,knowledge,sector-specific,ICT network security risks,"ICT network security threats
information systems security risks",,released,2025-06-25T08:20:05.218Z,,,"http://data.europa.eu/esco/concept-scheme/skills,
http://data.europa.eu/esco/concept-scheme/member-skills,
http://data.europa.eu/esco/concept-scheme/6c930acd-c104-4ece-acf7-f44fd7333036","The security risk factors, such as hardware and software components, devices, interfaces and policies in ICT networks, risk assessment techniques that can be applied to assess the severity and the consequences of security threats and contingency plans for each security risk factor.",in_domain,linked to the selected IT occupations
KnowledgeSkillCompetence,http://data.europa.eu/esco/skill/2de4572a-4724-4f76-afc2-72a568a264ac,skill/competence,cross-sector,speak different languages,"speak foreign languages
communicate in multiple languages
speak a different language",,released,2024-02-09T17:29:12.952Z,,,"http://data.europa.eu/esco/concept-scheme/skills,
http://data.europa.eu/esco/concept-scheme/member-skills,
http://data.europa.eu/esco/concept-scheme/research",Master foreign languages to be able to communicate in one or more foreign languages.,in_domain,linked to the selected IT occupations
KnowledgeSkillCompetence,http://data.europa.eu/esco/skill/2fb8480e-de3c-462b-b169-e8bbb344da68,knowledge,sector-specific,innovation processes,process of innovation,,released,2025-06-25T08:20:05.218Z,,,"http://data.europa.eu/esco/concept-scheme/skills,
http://data.europa.eu/esco/concept-scheme/member-skills","The techniques, models, methods and strategies which contribute to the promotion of steps towards innovation.",in_domain,linked to the selected IT occupations
KnowledgeSkillCompetence,http://data.europa.eu/esco/skill/300d432b-f457-4cd3-9cb1-1858c7d14954,knowledge,sector-specific,OpenEdge Advanced Business Language,OpenEdge Advanced Business Language techniques,,released,2025-06-25T08:20:05.218Z,,,"http://data.europa.eu/esco/concept-scheme/skills,
http://data.europa.eu/esco/concept-scheme/member-skills,
http://data.europa.eu/esco/concept-scheme/6c930acd-c104-4ece-acf7-f44fd7333036","The techniques and principles of software development, such as analysis, algorithms, coding, testing and compiling of programming paradigms in OpenEdge Advanced Business Language.",in_domain,linked to the selected IT occupations
KnowledgeSkillCompetence,http://data.europa.eu/esco/skill/31c69100-b612-4a61-8db5-fd314318854c,skill/competence,cross-sector,execute analytical mathematical calculations,apply analytical mathematical methods,,released,2025-06-25T12:15:04.406Z,,,"http://data.europa.eu/esco/concept-scheme/skills,
http://data.europa.eu/esco/concept-scheme/member-skills",Apply mathematical methods and make use of calculation technologies in order to perform analyses and devise solutions to specific problems.,in_domain,linked to the selected IT occupations
KnowledgeSkillCompetence,http://data.europa.eu/esco/skill/32428b21-514b-42c2-81b5-244a7804ea74,knowledge,sector-specific,procurement of ICT network equipment,"network equipment vendors
NEC
Alcatel-Lucent
Ericsson
Juniper Networks
Avaya
Ciena","NEC
Alcatel-Lucent
Ciena
Avaya
Juniper Networks
Ericsson",released,2024-02-09T17:29:14.494Z,,,"http://data.europa.eu/esco/concept-scheme/skills,
http://data.europa.eu/esco/concept-scheme/member-skills,
http://data.europa.eu/esco/concept-scheme/6c930acd-c104-4ece-acf7-f44fd7333036",The products available from network equipment providers and methods for selecting and procuring the equipment.,in_domain,linked to the selected IT occupations
KnowledgeSkillCompetence,http://data.europa.eu/esco/skill/327d15c8-29ff-4ad4-a4fe-6536d777a45f,knowledge,sector-specific,documentation types,"documentation types of product life cycle
internal documentation types of product life cycle
internal documentation types
technical documentation types
external documentation types",,released,2025-06-25T08:20:05.218Z,,,"http://data.europa.eu/esco/concept-scheme/skills,
http://data.europa.eu/esco/concept-scheme/member-skills",The characteristics of internal and external documentation types aligned with the product life cycle and their specific content types.,in_domain,linked to the selected IT occupations
KnowledgeSkillCompetence,http://data.europa.eu/esco/skill/334e3e49-fb02-4051-809a-f06adfdc1c40,skill/competence,cross-sector,troubleshoot,"troubleshoot problems
deal with problems
troubleshooting
identify problems
identifying problems
perform troubleshooting",,released,2025-04-16T10:29:22.901Z,,,"http://data.europa.eu/esco/concept-scheme/skills,
http://data.europa.eu/esco/concept-scheme/member-skills","Identify operating problems, decide what to do about it and report accordingly.",in_domain,linked to the selected IT occupations
KnowledgeSkillCompetence,http://data.europa.eu/esco/skill/339ac029-066a-4985-9f9d-b3d7c8fea0bb,skill/competence,cross-sector,manage staff,"supervise staff
coordinate and monitor employees
undertake HR processes
supervise personnel
implement HR actions
supervise employees
perform HR
conduct HR activities
manage personnel
manage subordinates
manage team
manage employees
coordinate and monitor subordinates
coordinate and monitor staff",,released,2025-08-01T12:53:44.051Z,,,"http://data.europa.eu/esco/concept-scheme/skills,
http://data.europa.eu/esco/concept-scheme/member-skills","Manage employees and subordinates, working in a team or individually, to maximise their performance and contribution. Schedule their work and activities, give instructions, motivate and direct the workers to meet the company objectives. Monitor and measure how an employee undertakes their responsibilities and how well these activities are executed. Identify areas for improvement and make suggestions to achieve this. Lead a group of people to help them achieve goals and maintain an effective working relationship among staff.",in_domain,linked to the selected IT occupations
KnowledgeSkillCompetence,http://data.europa.eu/esco/skill/33a82b83-c838-4889-ae62-fae1317481eb,skill/competence,cross-sector,protect personal data and privacy,"protect online privacy and identity
review online privacy settings
take action to ensure online privacy
safeguard online identity and privacy
protect digital privacy
protect digital identity
safeguarding online privacy and identity
safeguard online privacy and identity
keep online privacy and identity secure
defend online privacy and identity
safeguard online privacy and identities",,released,2025-02-27T12:45:08.961Z,,,"http://data.europa.eu/esco/concept-scheme/skills,
http://data.europa.eu/esco/concept-scheme/member-skills,
http://data.europa.eu/esco/concept-scheme/6c930acd-c104-4ece-acf7-f44fd7333036,
http://data.europa.eu/esco/concept-scheme/digcomp",Protect personal data and privacy in digital environments. Understand how to use and share personally identifiable information while being able to protect oneself and others from damages. Understand that digital services use a “Privacy policy” to inform how personal data is used.,in_domain,linked to the selected IT occupations
KnowledgeSkillCompetence,http://data.europa.eu/esco/skill/33d49d4f-31ec-473f-9b8a-b555aa5116bb,knowledge,sector-specific,iterative development,iterative development methodology,,released,2025-06-25T08:20:05.218Z,,,"http://data.europa.eu/esco/concept-scheme/skills,
http://data.europa.eu/esco/concept-scheme/member-skills,
http://data.europa.eu/esco/concept-scheme/6c930acd-c104-4ece-acf7-f44fd7333036",The iterative development model is a methodology to design software systems and applications.,in_domain,linked to the selected IT occupations
KnowledgeSkillCompetence,http://data.europa.eu/esco/skill/33e584f9-ff7a-4979-bfc0-5a3a374a145a,knowledge,cross-sector,social network analysis,social network analysis methods,,released,2023-11-03T09:56:01.053Z,,,"http://data.europa.eu/esco/concept-scheme/skills,
http://data.europa.eu/esco/concept-scheme/member-skills",The research method that is mainly explored in sociology and communication science and focuses on the analysis of the relations between individuals and among organisations and states.,in_domain,linked to the selected IT occupations
KnowledgeSkillCompetence,http://data.europa.eu/esco/skill/348b74cd-49ce-4844-8bdf-ec188b497213,knowledge,sector-specific,visual presentation techniques,"Infoviz
information visualisation
visualization interface
Infovis
information visualization",Prezi,released,2025-02-27T12:45:08.961Z,,,"http://data.europa.eu/esco/concept-scheme/skills,
http://data.europa.eu/esco/concept-scheme/member-skills,
http://data.europa.eu/esco/concept-scheme/6c930acd-c104-4ece-acf7-f44fd7333036","The visual representation and interaction techniques, such as histograms, scatter plots, surface plots, tree maps and parallel coordinate plots, that can be used to present abstract numerical and non-numerical data, in order to reinforce the human understanding of this information.",in_domain,linked to the selected IT occupations
KnowledgeSkillCompetence,http://data.europa.eu/esco/skill/3497ebe1-d417-4105-a68f-f7bbcac7ee5f,knowledge,cross-sector,ICT hardware specifications,"specifications for ICT hardware
ICT hardware needs
ICT hardware requirements
ICT hardware stipulations
ICT hardware characteristics
an ICT hardware specification
ICT hardware specification",,released,2024-02-09T17:29:12.215Z,,,"http://data.europa.eu/esco/concept-scheme/skills,
http://data.europa.eu/esco/concept-scheme/member-skills,
http://data.europa.eu/esco/concept-scheme/6c930acd-c104-4ece-acf7-f44fd7333036","The characteristics, uses and operations of various hardware products such as printers, screens, and laptops.",in_domain,linked to the selected IT occupations
KnowledgeSkillCompetence,http://data.europa.eu/esco/skill/3579208e-49b3-4ce4-98e7-20e41b1ce8d4,skill/competence,sector-specific,develop information security strategy,"define information security approach
define information security strategy",,released,2025-06-25T12:15:04.406Z,,,"http://data.europa.eu/esco/concept-scheme/skills,
http://data.europa.eu/esco/concept-scheme/member-skills","Create company strategy related to the safety and security of information in order to maximise information integrity, availability and data privacy.",in_domain,linked to the selected IT occupations
KnowledgeSkillCompetence,http://data.europa.eu/esco/skill/37a438f3-e28c-4e32-83c5-299f047c1dc9,skill/competence,cross-sector,apply tools for content development,"use terminology management tools
use content development tools
use translation memory systems
use language checkers
use language editing tools",,released,2025-06-25T12:15:04.406Z,,,"http://data.europa.eu/esco/concept-scheme/skills,
http://data.europa.eu/esco/concept-scheme/member-skills,
http://data.europa.eu/esco/concept-scheme/6c930acd-c104-4ece-acf7-f44fd7333036","Use specialised content development tools such as content and terminology management systems, translation memory systems, language checker and editors to generate, compile and transform content according to specified standards.",in_domain,linked to the selected IT occupations
KnowledgeSkillCompetence,http://data.europa.eu/esco/skill/37bc4dc0-1233-4008-98db-1116d0c1cfcc,skill/competence,sector-specific,define security policies,"plan and implement security policies
design and implement security policies",,released,2025-06-25T08:45:06.159Z,,,"http://data.europa.eu/esco/concept-scheme/skills,
http://data.europa.eu/esco/concept-scheme/member-skills","Design and execute a written set of rules and policies that have the aim of securing an organisation concerning constraints on behaviour between stakeholders, protective mechanical constraints and data-access constraints.",in_domain,linked to the selected IT occupations
KnowledgeSkillCompetence,http://data.europa.eu/esco/skill/382c11ed-20d5-4ae7-b60e-15fec527fa6c,skill/competence,cross-sector,apply statistical analysis techniques,"apply numerical analysis to data
apply JMP statistical analysis techniques
apply minitab statistical analysis techniques",,released,2025-04-11T12:49:54.827Z,,,"http://data.europa.eu/esco/concept-scheme/skills,
http://data.europa.eu/esco/concept-scheme/member-skills,
http://data.europa.eu/esco/concept-scheme/6c930acd-c104-4ece-acf7-f44fd7333036","Use models (descriptive or inferential statistics) and techniques (data mining or machine learning) for statistical analysis and ICT tools to analyse data, uncover correlations and forecast trends.",in_domain,linked to the selected IT occupations
KnowledgeSkillCompetence,http://data.europa.eu/esco/skill/385479b7-5da5-4367-9763-0d15b41bb65b,skill/competence,cross-sector,provide user documentation,develop user documentation,,released,2025-06-25T12:15:04.406Z,,,"http://data.europa.eu/esco/concept-scheme/skills,
http://data.europa.eu/esco/concept-scheme/member-skills","Develop and organise the distribution of structured documents to assist people using a particular product or system, such as written or visual information about an application system and how to use it.",in_domain,linked to the selected IT occupations
KnowledgeSkillCompetence,http://data.europa.eu/esco/skill/38716afc-a93b-44ab-96cc-2ecf67edcf32,skill/competence,sector-specific,do cloud refactoring,"optimise cloud services
perform cloud refactoring
optimise cloud features
refactor cloud services
do cloud features refactoring",,released,2024-03-01T08:13:15.154Z,,,"http://data.europa.eu/esco/concept-scheme/skills,
http://data.europa.eu/esco/concept-scheme/member-skills,
http://data.europa.eu/esco/concept-scheme/6c930acd-c104-4ece-acf7-f44fd7333036","Optimise application to best use cloud services and features, migrate existing application code to run on cloud infrastructure.",in_domain,linked to the selected IT occupations
KnowledgeSkillCompetence,http://data.europa.eu/esco/skill/38d49d88-9069-467b-b29e-3cae739bdd4d,skill/competence,sector-specific,build predictive models,"devise predictive models
assemble predictive models
building predictive models
construct predictive models
build a predictive model
produce predictive models
building a predictive model",,released,2024-02-09T17:29:13.7Z,,,"http://data.europa.eu/esco/concept-scheme/skills,
http://data.europa.eu/esco/concept-scheme/member-skills",Create models to predict the probability of an outcome.,in_domain,linked to the selected IT occupations
KnowledgeSkillCompetence,http://data.europa.eu/esco/skill/38da3c60-4b7c-4698-9256-574e4ee4e93b,knowledge,cross-sector,knowledge base,IT knowledge base,,released,2023-11-29T16:23:32.319Z,,,"http://data.europa.eu/esco/concept-scheme/skills,
http://data.europa.eu/esco/concept-scheme/member-skills,
http://data.europa.eu/esco/concept-scheme/6c930acd-c104-4ece-acf7-f44fd7333036",An online library that contains information about a product or service to help customers finding answers to their queries.,in_domain,linked to the selected IT occupations
KnowledgeSkillCompetence,http://data.europa.eu/esco/skill/397da142-ab35-48fe-b154-7c38f447adfb,knowledge,cross-sector,digital systems,digital information systems,,released,2023-11-29T16:26:49.348Z,,,"http://data.europa.eu/esco/concept-scheme/skills,
http://data.europa.eu/esco/concept-scheme/member-skills,
http://data.europa.eu/esco/concept-scheme/6c930acd-c104-4ece-acf7-f44fd7333036","Systems to store, process and spread information in digital form. They are hardware, software and networks, as well as the ways in which these can be employed.",in_domain,linked to the selected IT occupations
KnowledgeSkillCompetence,http://data.europa.eu/esco/skill/39f67488-cfd3-4370-8d7e-da98163102d9,skill/competence,cross-sector,evaluate research activities,"perform scholarly peer review
assess research results
assess research methodology",,released,2020-12-11T12:32:43.311Z,,,"http://data.europa.eu/esco/concept-scheme/skills,
http://data.europa.eu/esco/concept-scheme/member-skills,
http://data.europa.eu/esco/concept-scheme/research","Review proposals, progress, impact and outcomes of peer researchers, including through open peer review.",in_domain,linked to the selected IT occupations
KnowledgeSkillCompetence,http://data.europa.eu/esco/skill/3a2d5b45-56e4-4f5a-a55a-4a4a65afdc43,knowledge,cross-sector,machine learning,"ML
supervised learning
machine learning models
semi-supervised learning
unsupervised learning",,released,2024-02-23T13:19:35.365Z,,,"http://data.europa.eu/esco/concept-scheme/skills,
http://data.europa.eu/esco/concept-scheme/member-skills,
http://data.europa.eu/esco/concept-scheme/6c930acd-c104-4ece-acf7-f44fd7333036","The principles, methods and algorithms of machine learning, a subfield of artificial intelligence. Common machine learning models such as supervised or unsupervised models, semi- supervised models and reinforcement learning models.",in_domain,linked to the selected IT occupations
KnowledgeSkillCompetence,http://data.europa.eu/esco/skill/3a5231a0-8c30-48ee-b671-08e2debd4441,knowledge,sector-specific,organisational policies,"corporate policies
corporate regulations
organisational standards
organisational guidelines
institutional policies",,released,2024-03-01T11:19:24.397Z,,,"http://data.europa.eu/esco/concept-scheme/skills,
http://data.europa.eu/esco/concept-scheme/member-skills",The policies to achieve set of goals and targets regarding the development and maintenance of an organisation.,in_domain,linked to the selected IT occupations
KnowledgeSkillCompetence,http://data.europa.eu/esco/skill/3bddfd7c-ab6d-40c2-883d-5e97fb7640ba,skill/competence,sector-specific,create software design,create application design,,released,2024-02-09T17:29:14.494Z,,,"http://data.europa.eu/esco/concept-scheme/skills,
http://data.europa.eu/esco/concept-scheme/member-skills,
http://data.europa.eu/esco/concept-scheme/6c930acd-c104-4ece-acf7-f44fd7333036",Transpose a series of requirements into a clear and organised software design.,in_domain,linked to the selected IT occupations
KnowledgeSkillCompetence,http://data.europa.eu/esco/skill/3be6b84a-fa78-42b9-a8df-150cdb40b9d7,knowledge,sector-specific,ICT quality policy,ICT quality control,,released,2025-06-25T08:20:05.218Z,,,"http://data.europa.eu/esco/concept-scheme/skills,
http://data.europa.eu/esco/concept-scheme/member-skills,
http://data.europa.eu/esco/concept-scheme/6c930acd-c104-4ece-acf7-f44fd7333036","The quality policy of the organisation and its objectives, the acceptable level of quality and the techniques to measure it, its legal aspects and the duties of specific departments to ensure quality.",in_domain,linked to the selected IT occupations
KnowledgeSkillCompetence,http://data.europa.eu/esco/skill/3c03ee71-4a23-448f-b79e-81fd75d27dca,skill/competence,cross-sector,apply change management,"utilise change management
alter management
rework management
apply changing management
change management application
administer change management
revise management
implement change management
change management
employ change management
applying change management",,released,2025-08-01T12:52:57.837Z,,,"http://data.europa.eu/esco/concept-scheme/skills,
http://data.europa.eu/esco/concept-scheme/member-skills",Manage development within an organisation by anticipating changes and making managerial decisions to ensure that the members involved are as less disturbed as possible.,in_domain,linked to the selected IT occupations
KnowledgeSkillCompetence,http://data.europa.eu/esco/skill/3c76296d-4bbd-44ba-8eaa-95bf275f79b7,skill/competence,sector-specific,manage ICT project,lead ICT projects,,released,2025-06-25T12:15:04.406Z,,,"http://data.europa.eu/esco/concept-scheme/skills,
http://data.europa.eu/esco/concept-scheme/member-skills","Plan, organize, control and document procedures and resources, such as human capital, equipment and mastery, in order to achieve specific goals and objectives related to ICT systems, services or products, within specific constraints, such as scope, time, quality and budget.",in_domain,linked to the selected IT occupations
KnowledgeSkillCompetence,http://data.europa.eu/esco/skill/3cd35f5d-ce6d-4f14-9a09-53d7a28d834c,skill/competence,sector-specific,maintain relationship with suppliers,"maintaining relationship with suppliers
control relationship with suppliers
manage relationship with suppliers
sustain relationship with suppliers
maintain a relationship with suppliers
maintain relationship with a supplier
preserve relationship with suppliers",,released,2024-02-09T17:29:15.235Z,,,"http://data.europa.eu/esco/concept-scheme/skills,
http://data.europa.eu/esco/concept-scheme/member-skills","Build a lasting and meaningful relationship with suppliers and service providers in order to establish a positive, profitable and enduring collaboration, co-operation and contract negotiation.",in_domain,linked to the selected IT occupations
KnowledgeSkillCompetence,http://data.europa.eu/esco/skill/3cd569a2-4f88-4c1e-9995-8dce8c5e51a7,knowledge,sector-specific,JavaScript,"Client-side JavaScript
Live Script
Escript
CSJS
Mocha
Server-side JavaScript","JavaScript 1.7
Live-Script
Javascript
JavaScript 1.6
Live-script
Java script
JavaScript",released,2023-06-08T15:54:59.877Z,,,"http://data.europa.eu/esco/concept-scheme/skills,
http://data.europa.eu/esco/concept-scheme/member-skills,
http://data.europa.eu/esco/concept-scheme/6c930acd-c104-4ece-acf7-f44fd7333036","The techniques and principles of software development, such as analysis, algorithms, coding, testing and compiling of programming paradigms in JavaScript.",in_domain,linked to the selected IT occupations
KnowledgeSkillCompetence,http://data.europa.eu/esco/skill/3ce1fe19-7f9e-4070-941d-651673a5693b,knowledge,sector-specific,decision support systems,"decision-making tools
decision support matrix
decision support software",,released,2024-02-09T17:29:12.215Z,,,"http://data.europa.eu/esco/concept-scheme/skills,
http://data.europa.eu/esco/concept-scheme/member-skills,
http://data.europa.eu/esco/concept-scheme/6c930acd-c104-4ece-acf7-f44fd7333036",The ICT systems that can be used to support business or organisational decision making.,in_domain,linked to the selected IT occupations
KnowledgeSkillCompetence,http://data.europa.eu/esco/skill/3cee858e-79e8-4a4b-b99f-93c7f735d58b,knowledge,sector-specific,DB2,"DB2 Connect
DB2 for i
IBM DB2
IBM DB2 database software
DB2 for z/OS
DB2 database software
DB2 on Cloud",,released,2024-02-09T17:29:09.851Z,,,"http://data.europa.eu/esco/concept-scheme/skills,
http://data.europa.eu/esco/concept-scheme/member-skills,
http://data.europa.eu/esco/concept-scheme/6c930acd-c104-4ece-acf7-f44fd7333036","The computer program IBM DB2 is a tool for creating, updating and managing databases, developed by the software company IBM.",in_domain,linked to the selected IT occupations
KnowledgeSkillCompetence,http://data.europa.eu/esco/skill/3cfa46e9-b7da-44ac-b09e-9596dffe0425,skill/competence,sector-specific,optimise choice of ICT solution,"enhance choice of ICT solution
carry out ICT planning
carry out ICT strategic planning
select ICT solution
perform ICT planning
perform ICT strategic planning",,released,2024-02-28T10:39:38.322Z,,,"http://data.europa.eu/esco/concept-scheme/skills,
http://data.europa.eu/esco/concept-scheme/member-skills,
http://data.europa.eu/esco/concept-scheme/6c930acd-c104-4ece-acf7-f44fd7333036","Select the appropriate solutions in the field of ICT while taking into account potential risks, benefits and overall impact.",in_domain,linked to the selected IT occupations
KnowledgeSkillCompetence,http://data.europa.eu/esco/skill/3d03c40c-1b83-4793-8902-2523f40af59e,knowledge,sector-specific,Microsoft Access,"Microsoft Office Access
MS Access",,released,2025-04-16T10:33:05.323Z,,,"http://data.europa.eu/esco/concept-scheme/skills,
http://data.europa.eu/esco/concept-scheme/member-skills,
http://data.europa.eu/esco/concept-scheme/6c930acd-c104-4ece-acf7-f44fd7333036","The computer program Access is a tool for creating, updating and managing databases, developed by the software company Microsoft.",in_domain,linked to the selected IT occupations
KnowledgeSkillCompetence,http://data.europa.eu/esco/skill/3d3ee5c3-4286-457f-9f76-1704011f7e11,skill/competence,cross-sector,comply with legal regulations,"legal regulation compliance
comply with legal rules
comply with legal legislation
comply with legal laws
comply with legal statutes
comply with a legal regulation
complying with legal regulations",,released,2024-02-09T17:29:11.47Z,,,"http://data.europa.eu/esco/concept-scheme/skills,
http://data.europa.eu/esco/concept-scheme/member-skills","Ensure you are properly informed of the legal regulations that govern a specific activity and adhere to its rules, policies and laws.",in_domain,linked to the selected IT occupations
KnowledgeSkillCompetence,http://data.europa.eu/esco/skill/3e23db60-0c3d-498a-a6ac-ffbed0ecb033,knowledge,sector-specific,ICT accessibility standards,"digital accessibility standards
accessibility standards and guidelines
assistive technology standards",,released,2024-02-09T17:29:09.851Z,,,"http://data.europa.eu/esco/concept-scheme/skills,
http://data.europa.eu/esco/concept-scheme/member-skills,
http://data.europa.eu/esco/concept-scheme/6c930acd-c104-4ece-acf7-f44fd7333036","The recommendations for making ICT content and applications more accessible to a wider range of people, mostly with disabilities, such as blindness and low vision, deafness and hearing loss and cognitive limitations. It includes standards such as Web Content Accessibility Guidelines (WCAG).",in_domain,linked to the selected IT occupations
KnowledgeSkillCompetence,http://data.europa.eu/esco/skill/3e2ab38a-4519-4bef-b762-a8bf4836a775,skill/competence,cross-sector,perform dimensionality reduction,"data feature engineering
t-distributed stochastic neighbor embedding
data feature extraction
data feature selection
multidimensional scaling
t-SNE
Kohonen self-organizing map",,released,2022-07-05T14:37:59.932Z,,,"http://data.europa.eu/esco/concept-scheme/skills,
http://data.europa.eu/esco/concept-scheme/member-skills,
http://data.europa.eu/esco/concept-scheme/6c930acd-c104-4ece-acf7-f44fd7333036","Reduce the number of variables or features for a dataset in machine learning algorithms through methods such as principal component analysis, matrix factorization, autoencoder methods, and others.",in_domain,linked to the selected IT occupations
KnowledgeSkillCompetence,http://data.europa.eu/esco/skill/3e7516dc-0f7c-4686-8b2f-fade4e5d21be,knowledge,sector-specific,3D texturing,"3D Surface Texturing Techniques
3D texturing process",,released,2025-06-25T08:20:05.218Z,,,"http://data.europa.eu/esco/concept-scheme/skills,
http://data.europa.eu/esco/concept-scheme/member-skills,
http://data.europa.eu/esco/concept-scheme/6c930acd-c104-4ece-acf7-f44fd7333036",The process of applying a type of surface to a 3D image.,in_domain,linked to the selected IT occupations
KnowledgeSkillCompetence,http://data.europa.eu/esco/skill/3e9b580d-811b-48df-a5d1-a7bdd26f901f,skill/competence,cross-sector,prepare financial auditing reports,"write up auditing financial reports
make auditing financial reports ready
prepare auditing reports
formulate auditing financial reports
preparing financial auditing reports
prepare reports on financial audits
prepare auditing financial report",,released,2024-02-09T17:29:13.7Z,,,"http://data.europa.eu/esco/concept-scheme/skills,
http://data.europa.eu/esco/concept-scheme/member-skills","Compile information on audit findings of financial statements and financial management in order to prepare reports, point out improvement possibilities, and confirm governability.",in_domain,linked to the selected IT occupations
KnowledgeSkillCompetence,http://data.europa.eu/esco/skill/3ec2e4d6-7000-4905-bf1a-c5b1679416de,knowledge,occupation-specific,data warehouse,"enterprise data storage
data warehouse solutions
data repository",,released,2025-06-25T08:20:05.218Z,,,"http://data.europa.eu/esco/concept-scheme/skills,
http://data.europa.eu/esco/concept-scheme/member-skills,
http://data.europa.eu/esco/concept-scheme/6c930acd-c104-4ece-acf7-f44fd7333036",The data storage system that analyses and reports on data such as a data mart.,in_domain,linked to the selected IT occupations
KnowledgeSkillCompetence,http://data.europa.eu/esco/skill/3f4dab51-572b-4e2c-85ef-3b4c3f7094e1,knowledge,sector-specific,XQuery,XQuery language,"XQuery 3.0
XQuery 1.0",released,2023-06-09T15:22:49.234Z,,,"http://data.europa.eu/esco/concept-scheme/skills,
http://data.europa.eu/esco/concept-scheme/member-skills,
http://data.europa.eu/esco/concept-scheme/6c930acd-c104-4ece-acf7-f44fd7333036",The computer language XQuery is a query language for retrieval of information from a database and of documents containing the needed information. It is developed by the international standards organisation World Wide Web Consortium.,in_domain,linked to the selected IT occupations
KnowledgeSkillCompetence,http://data.europa.eu/esco/skill/3ff589b7-68df-4ea5-ae41-b395bdb2378f,knowledge,sector-specific,ICT security standards,"ICT security compliances
cyber security frameworks
IT security frameworks
cyber security compliances
ICT security frameworks
information security compliances
information security frameworks
cyber security standards
IT security compliances
IT security standards
information security standards",,released,2025-02-27T12:45:08.961Z,,,"http://data.europa.eu/esco/concept-scheme/skills,
http://data.europa.eu/esco/concept-scheme/member-skills,
http://data.europa.eu/esco/concept-scheme/6c930acd-c104-4ece-acf7-f44fd7333036","Best practices and guidelines established for securing information and communication technology (ICT) systems and data. Standards as is the case of ISO 27000 series, provide a framework for implementing effective security controls, including access control, risk assessment and incident management, as well as to provide compliance of anorganisation.",in_domain,linked to the selected IT occupations
KnowledgeSkillCompetence,http://data.europa.eu/esco/skill/401eb8d8-6daa-4f8b-90ad-60afc71eb4f8,knowledge,sector-specific,Perl,"Practical Extraction and Report Language
PONIE","PONIE
Practical Extraction and Report Language",released,2025-02-27T12:45:08.961Z,,,"http://data.europa.eu/esco/concept-scheme/skills,
http://data.europa.eu/esco/concept-scheme/member-skills,
http://data.europa.eu/esco/concept-scheme/6c930acd-c104-4ece-acf7-f44fd7333036","The techniques and principles of software development, such as analysis, algorithms, coding, testing and compiling of programming paradigms in Perl.",in_domain,linked to the selected IT occupations
KnowledgeSkillCompetence,http://data.europa.eu/esco/skill/4134622c-c3fb-4a41-beb6-6d58ba5107db,skill/competence,cross-sector,demonstrate disciplinary expertise,"exhibit academic proficiency
demonstrate complex understanding of a research area
demonstrate deep knowledge of a research area
demonstrate deep knowledge of a specific research area
demonstrate complex understanding of a specific research area",,released,2024-02-23T16:39:48.713Z,,,"http://data.europa.eu/esco/concept-scheme/skills,
http://data.europa.eu/esco/concept-scheme/member-skills,
http://data.europa.eu/esco/concept-scheme/research","Demonstrate deep knowledge and complex understanding of a specific research area, including responsible research, research ethics and scientific integrity principles, privacy and GDPR requirements, related to research activities within a specific discipline.",in_domain,linked to the selected IT occupations
KnowledgeSkillCompetence,http://data.europa.eu/esco/skill/415abd43-e8e5-4643-b5da-5f11307af57a,skill/competence,cross-sector,use different communication channels,"using different communication channels
operate specific communication channels
handle specific communication channels
utilise specific communication channels
apply specific communication channels
use of different communication channels",,released,2024-02-09T17:29:16.725Z,,,"http://data.europa.eu/esco/concept-scheme/skills,
http://data.europa.eu/esco/concept-scheme/member-skills","Make use of various types of communication channels such as verbal, handwritten, digital and telephonic communication with the purpose of constructing and sharing ideas or information.",in_domain,linked to the selected IT occupations
KnowledgeSkillCompetence,http://data.europa.eu/esco/skill/418a56a2-7cfc-4b6d-8cf5-5c2add99a849,skill/competence,sector-specific,provide ICT system training,deliver ICT system training,,released,2025-06-25T12:15:04.406Z,,,"http://data.europa.eu/esco/concept-scheme/skills,
http://data.europa.eu/esco/concept-scheme/member-skills,
http://data.europa.eu/esco/concept-scheme/6c930acd-c104-4ece-acf7-f44fd7333036","Plan and conduct training of staff on system and network issues. Utilise training material, evaluate and report on the learning progress of trainees.",in_domain,linked to the selected IT occupations
KnowledgeSkillCompetence,http://data.europa.eu/esco/skill/41bf7ede-fc84-4a57-8c89-b548d11b0ba1,skill/competence,cross-sector,manage business knowledge,"model ontologies
manage information and knowledge
manage knowledge
formalise knowledge in ICT-system",,released,2024-02-09T17:29:15.235Z,,,"http://data.europa.eu/esco/concept-scheme/skills,
http://data.europa.eu/esco/concept-scheme/member-skills","Set up structures and distribution policies to enable or improve information exploitation using appropriate tools to extract, create and expand business mastery.",in_domain,linked to the selected IT occupations
KnowledgeSkillCompetence,http://data.europa.eu/esco/skill/4216e465-7baa-4884-a241-54b197bb9278,skill/competence,sector-specific,perform data mining,"mine data
use model data",,released,2024-02-09T17:29:15.968Z,Includes activities on big data.,,"http://data.europa.eu/esco/concept-scheme/skills,
http://data.europa.eu/esco/concept-scheme/member-skills,
http://data.europa.eu/esco/concept-scheme/6c930acd-c104-4ece-acf7-f44fd7333036","Explore large datasets to reveal patterns using statistics, database systems or artificial intelligence and present the information in a comprehensible way.",in_domain,linked to the selected IT occupations
KnowledgeSkillCompetence,http://data.europa.eu/esco/skill/426ceaba-6867-481c-bb6b-aee3933da7d2,,,ICT safety,"ICT well-being maintenance
ICT welfare maintenance
ICT protection
information and communication technologies safety
ICT security
information and communication technology safety",,released,2025-02-27T12:45:08.961Z,,,"http://data.europa.eu/esco/concept-scheme/skills,
http://data.europa.eu/esco/concept-scheme/member-skills,
http://data.europa.eu/esco/concept-scheme/digcomp","Personal protection, data protection, digital identity protection, security measures, safe and sustainable use.",in_domain,linked to the selected IT occupations
KnowledgeSkillCompetence,http://data.europa.eu/esco/skill/42cb7669-c371-4903-9c0b-13db67b2e4bb,knowledge,cross-sector,emergent technologies,progressive technologies,,released,2025-06-25T08:20:05.218Z,,,"http://data.europa.eu/esco/concept-scheme/skills,
http://data.europa.eu/esco/concept-scheme/member-skills,
http://data.europa.eu/esco/concept-scheme/6c930acd-c104-4ece-acf7-f44fd7333036","The recent trends, developments and innovations in modern technologies such as biotechnology, artificial intelligence and robotics.",in_domain,linked to the selected IT occupations
KnowledgeSkillCompetence,http://data.europa.eu/esco/skill/42ed3bfb-1a01-4c8b-9758-fc6438865734,knowledge,sector-specific,Smalltalk (computer programming),"Smalltalk programming system
Smalltalk",,released,2024-02-26T15:03:18.995Z,,,"http://data.europa.eu/esco/concept-scheme/skills,
http://data.europa.eu/esco/concept-scheme/member-skills,
http://data.europa.eu/esco/concept-scheme/6c930acd-c104-4ece-acf7-f44fd7333036","The techniques and principles of software development, such as analysis, algorithms, coding, testing and compiling of programming paradigms in Smalltalk.",in_domain,linked to the selected IT occupations
KnowledgeSkillCompetence,http://data.europa.eu/esco/skill/4350c38d-0fe9-4ca7-bab9-40ed7f72b04f,knowledge,sector-specific,PHP,"Hypertext Preprocessor
Personal Home Page","PHP5-FPM
PHP-FPM
PHP 5.0
PHP 5.2
Php
PHTML
PHP 5.4
PHP 6.0
PHP 5.3
PHP 5.1
php",released,2023-06-09T15:53:37.912Z,,,"http://data.europa.eu/esco/concept-scheme/skills,
http://data.europa.eu/esco/concept-scheme/member-skills,
http://data.europa.eu/esco/concept-scheme/6c930acd-c104-4ece-acf7-f44fd7333036","The techniques and principles of software development, such as analysis, algorithms, coding, testing and compiling of programming paradigms in PHP.",in_domain,linked to the selected IT occupations
KnowledgeSkillCompetence,http://data.europa.eu/esco/skill/438ff259-d086-4004-acda-1ec3e1631bc6,knowledge,sector-specific,software anomalies,"software performance incidents
software behaviour deviations
software performance deviations
software bugs
software defects",,released,2025-06-25T08:20:05.218Z,,,"http://data.europa.eu/esco/concept-scheme/skills,
http://data.europa.eu/esco/concept-scheme/member-skills,
http://data.europa.eu/esco/concept-scheme/6c930acd-c104-4ece-acf7-f44fd7333036","The deviations of what is standard and exceptional events during software system performance, identification of incidents that can alter the flow and the process of system execution.",in_domain,linked to the selected IT occupations
KnowledgeSkillCompetence,http://data.europa.eu/esco/skill/43ae58b9-5e56-4524-b45a-b422777a0576,knowledge,cross-sector,database,"non-relational database
types of databases
relational database",,released,2025-02-27T12:45:08.961Z,,,"http://data.europa.eu/esco/concept-scheme/skills,
http://data.europa.eu/esco/concept-scheme/member-skills,
http://data.europa.eu/esco/concept-scheme/6c930acd-c104-4ece-acf7-f44fd7333036","The classification of databases, that includes their purpose, characteristics, terminology, models and use such as XML databases, document-oriented databases and full text databases.",in_domain,linked to the selected IT occupations
KnowledgeSkillCompetence,http://data.europa.eu/esco/skill/43b13058-68d0-40c6-8031-caf5a7b7d20c,skill/competence,cross-sector,keep task records,"maintain task records
task records maintaining
task record maintaining
maintaining task records
task records keeping
keeping task records
task record keeping",,released,2024-02-09T17:29:09.009Z,,,"http://data.europa.eu/esco/concept-scheme/skills,
http://data.europa.eu/esco/concept-scheme/member-skills",Organise and classify records of prepared reports and correspondence related to the performed work and progress records of tasks.,in_domain,linked to the selected IT occupations
KnowledgeSkillCompetence,http://data.europa.eu/esco/skill/43ec6db6-33f7-449b-a566-5779a7e8997a,knowledge,sector-specific,OpenEdge Database,"OpenEdge RDBMS Advanced Enterprise Edition
OpenEdge RDBMS
Progress OpenEdge Relational Database Management System",,released,2024-02-09T17:29:09.851Z,,,"http://data.europa.eu/esco/concept-scheme/skills,
http://data.europa.eu/esco/concept-scheme/member-skills,
http://data.europa.eu/esco/concept-scheme/6c930acd-c104-4ece-acf7-f44fd7333036","The computer program OpenEdge Database is a tool for creating, updating and managing databases, developed by the software company Progress Software Corporation.",in_domain,linked to the selected IT occupations
KnowledgeSkillCompetence,http://data.europa.eu/esco/skill/440d5784-52a5-4729-8b04-29f978bd896d,skill/competence,sector-specific,respond to incidents in cloud,"automate disaster recovery strategies in cloud
troubleshoot issues in cloud systems
troubleshoot cloud issues
manage cloud incidents
troubleshoot cloud incidents",,released,2024-02-23T15:51:27.085Z,,,"http://data.europa.eu/esco/concept-scheme/skills,
http://data.europa.eu/esco/concept-scheme/member-skills,
http://data.europa.eu/esco/concept-scheme/6c930acd-c104-4ece-acf7-f44fd7333036",Troubleshoot issues with the cloud and determine how to restore operations. Design and automate disaster recovery strategies and evaluate a deployment for points of failure.,in_domain,linked to the selected IT occupations
KnowledgeSkillCompetence,http://data.europa.eu/esco/skill/4463a721-69f3-413d-8321-43e3af13a4f1,skill/competence,cross-sector,use databases,"use database management systems
use database software
apply databases
use data bases
use Dbs
able to use using databases
use database
utilise databases
make use of databases",,released,2024-02-09T17:29:09.009Z,,,"http://data.europa.eu/esco/concept-scheme/skills,
http://data.europa.eu/esco/concept-scheme/member-skills,
http://data.europa.eu/esco/concept-scheme/6c930acd-c104-4ece-acf7-f44fd7333036","Use software tools for managing and organising data in a structured environment which consists of attributes, tables and relationships in order to query and modify the stored data.",in_domain,linked to the selected IT occupations
KnowledgeSkillCompetence,http://data.europa.eu/esco/skill/449d119b-2d66-43a9-9230-7d27f16afbb6,knowledge,sector-specific,Xcode,Xcode IDE,"Xcode 7
Xcode 5
Xcode 4
Xcode 6",released,2023-06-08T15:57:35.793Z,,,"http://data.europa.eu/esco/concept-scheme/skills,
http://data.europa.eu/esco/concept-scheme/member-skills,
http://data.europa.eu/esco/concept-scheme/6c930acd-c104-4ece-acf7-f44fd7333036","The computer program Xcode is a suite of software development tools for writing programs, such as compiler, debugger, code editor, code highlights, packaged in a unified user interface. It is developed by the software company Apple.",in_domain,linked to the selected IT occupations
KnowledgeSkillCompetence,http://data.europa.eu/esco/skill/45f1ae17-c20d-40fc-9307-7d33b6ca9213,knowledge,cross-sector,image recognition,"image interpretation
image detection
visual recognition
visual detection",,released,2023-11-29T16:28:36.358Z,,,"http://data.europa.eu/esco/concept-scheme/skills,
http://data.europa.eu/esco/concept-scheme/member-skills,
http://data.europa.eu/esco/concept-scheme/6c930acd-c104-4ece-acf7-f44fd7333036","A process designed to detect and identify a feature or object in an image or video. This process is used in medical imaging, security surveillance or defect detection, among other fields. Key technique for a wide range of applications such as automated driving, image classification, or visual inspection.",in_domain,linked to the selected IT occupations
KnowledgeSkillCompetence,http://data.europa.eu/esco/skill/46e93774-7c6a-4dc5-bae9-be97cc461093,knowledge,sector-specific,inter-organisational middleware system,IOMS,Microsoft BizTalk Server,released,2023-11-29T16:28:48.808Z,,,"http://data.europa.eu/esco/concept-scheme/skills,
http://data.europa.eu/esco/concept-scheme/member-skills,
http://data.europa.eu/esco/concept-scheme/6c930acd-c104-4ece-acf7-f44fd7333036","A software infrastructure that acts as an intermediary layer between applications to enable data exchange, interoperability and communication. It aims to provide standardised protocols and services between organisations to promote their interaction.",in_domain,linked to the selected IT occupations
KnowledgeSkillCompetence,http://data.europa.eu/esco/skill/46ec0033-3c71-415e-bcff-b065675ba2dc,skill/competence,sector-specific,integrate ICT data,combine ICT data,,released,2025-06-25T12:15:04.406Z,,,"http://data.europa.eu/esco/concept-scheme/skills,
http://data.europa.eu/esco/concept-scheme/member-skills,
http://data.europa.eu/esco/concept-scheme/6c930acd-c104-4ece-acf7-f44fd7333036",Combine data from sources to provide unified view of the set of these data.,in_domain,linked to the selected IT occupations
KnowledgeSkillCompetence,http://data.europa.eu/esco/skill/477173ca-5fc2-406b-9122-95d92811f284,skill/competence,cross-sector,communicate with stakeholders,"inform stakeholders of ideas and objectives
communicate with providers of business support services
communicating with stakeholders
communicate to stakeholders",,released,2024-02-09T17:29:12.215Z,,,"http://data.europa.eu/esco/concept-scheme/skills,
http://data.europa.eu/esco/concept-scheme/member-skills","Facilitate communication between organisations and interested third parties such as suppliers, distributors, shareholders and other stakeholders in order to inform them of the organisation and its objectives.",in_domain,linked to the selected IT occupations
KnowledgeSkillCompetence,http://data.europa.eu/esco/skill/47a49cd6-097d-457a-9f7b-c290c14930d5,skill/competence,cross-sector,analyse big data,"analyze big data
scrutinise big data
big data analysis
investigate big data
search big data
test big data
analysing big data
big data analysing",,released,2022-07-05T14:37:59.932Z,,,"http://data.europa.eu/esco/concept-scheme/skills,
http://data.europa.eu/esco/concept-scheme/member-skills,
http://data.europa.eu/esco/concept-scheme/6c930acd-c104-4ece-acf7-f44fd7333036","Collect and evaluate numerical data in large quantities, especially for the purpose of identifying patterns between the data.",in_domain,linked to the selected IT occupations
KnowledgeSkillCompetence,http://data.europa.eu/esco/skill/47b9bbcf-356c-4782-83a4-7f5a1b2b51a3,knowledge,sector-specific,Assembly (computer programming),"Assembly computer programming paradigms
Assembly software development techniques
Assembly software development principles
Assembly
Assembly algorithms",,released,2024-02-26T08:02:07.379Z,,,"http://data.europa.eu/esco/concept-scheme/skills,
http://data.europa.eu/esco/concept-scheme/member-skills,
http://data.europa.eu/esco/concept-scheme/6c930acd-c104-4ece-acf7-f44fd7333036","The techniques and principles of software development, such as analysis, algorithms, coding, testing and compiling of programming paradigms in Assembly.",in_domain,linked to the selected IT occupations
KnowledgeSkillCompetence,http://data.europa.eu/esco/skill/47ca0da1-cae5-4395-ae6b-fd97b9ff48d3,knowledge,cross-sector,system backup best practice,"backup systems reliability
disaster recovery best practice",,released,2025-04-11T13:43:48.91Z,,,"http://data.europa.eu/esco/concept-scheme/skills,
http://data.europa.eu/esco/concept-scheme/member-skills,
http://data.europa.eu/esco/concept-scheme/6c930acd-c104-4ece-acf7-f44fd7333036",The procedures related to preparing for recovery or continuation of technology infrastructure vital to an organisation.,in_domain,linked to the selected IT occupations
KnowledgeSkillCompetence,http://data.europa.eu/esco/skill/47d491a9-f7c0-4b13-a10f-983d3aa0113e,knowledge,cross-sector,safety engineering,"system safety engineering
safety science
safety management
process safety engineering",,released,2024-02-12T08:35:32.141Z,,,"http://data.europa.eu/esco/concept-scheme/skills,
http://data.europa.eu/esco/concept-scheme/green,
http://data.europa.eu/esco/concept-scheme/member-skills","The study of the risks associated with engineered designs and systems, accident prevention as well as the safety benefits of reducing deaths and injuries. The discipline focuses on analysing and mitigating potential hazards in engineering processes.",in_domain,linked to the selected IT occupations
KnowledgeSkillCompetence,http://data.europa.eu/esco/skill/4840338b-ac6c-486a-be1d-9ddfe00b8bdf,knowledge,sector-specific,Spiral development,Spiral development methodology,,released,2025-06-25T08:20:05.218Z,,,"http://data.europa.eu/esco/concept-scheme/skills,
http://data.europa.eu/esco/concept-scheme/member-skills,
http://data.europa.eu/esco/concept-scheme/6c930acd-c104-4ece-acf7-f44fd7333036",The spiral development model is a methodology to design software systems and applications.,in_domain,linked to the selected IT occupations
KnowledgeSkillCompetence,http://data.europa.eu/esco/skill/484d048c-a5d1-46a5-b57f-45b69c0ac552,skill/competence,sector-specific,analyse pipeline database information,"evaluate pipeline database information
perform analysis on pipeline database information
analyze pipeline database information
evaluate information in pipeline databases
retrieve and assess information from pipeline company database
conduct analysis on pipeline database information
retrieve and analyse information from pipeline company database
analyse information in pipeline databases
assess information in pipeline databases
assess pipeline database information",,released,2022-07-05T14:38:14.9Z,,,"http://data.europa.eu/esco/concept-scheme/skills,
http://data.europa.eu/esco/concept-scheme/member-skills,
http://data.europa.eu/esco/concept-scheme/6c930acd-c104-4ece-acf7-f44fd7333036","Retrieve and analyse different types of information extracted from the databases of pipelines companies. Analyse information such as risks, project management KPIs (key performance indicators), goods transportation times, and document back-up processes.",in_domain,linked to the selected IT occupations
KnowledgeSkillCompetence,http://data.europa.eu/esco/skill/484df271-bb52-49f1-8f50-f19624bf4df2,knowledge,sector-specific,software components libraries,,"OpenCV
Matplotlib
Scikit-Learn
PyTorch
Numpy",released,2025-02-27T12:45:08.961Z,,,"http://data.europa.eu/esco/concept-scheme/skills,
http://data.europa.eu/esco/concept-scheme/member-skills,
http://data.europa.eu/esco/concept-scheme/6c930acd-c104-4ece-acf7-f44fd7333036","The software packages, modules, web services and resources that cover a set of related functions and the databases where these reusable components can be found.",in_domain,linked to the selected IT occupations
KnowledgeSkillCompetence,http://data.europa.eu/esco/skill/48b68726-0fd6-4e03-a5eb-82236516ee7a,skill/competence,cross-sector,provide cost benefit analysis reports,"provide reports on cost benefit analysis
provide cost-benefit analysis reports
produce cost benefit analysis reports
generate cost benefit analysis reports
providing cost benefit analysis reports
create cost benefit analysis reports
provide cost benefit analysis report",,released,2024-02-09T17:29:17.515Z,,,"http://data.europa.eu/esco/concept-scheme/skills,
http://data.europa.eu/esco/concept-scheme/member-skills","Prepare, compile and communicate reports with broken down cost analysis on the proposal and budget plans of the company. Analyse the financial or social costs and benefits of a project or investment in advance over a given period of time.",in_domain,linked to the selected IT occupations
KnowledgeSkillCompetence,http://data.europa.eu/esco/skill/48db96bf-3314-45c6-bad8-fdb6e20e5639,knowledge,cross-sector,data engineering,data engineering methods,,released,2023-11-29T16:26:35.334Z,,,"http://data.europa.eu/esco/concept-scheme/skills,
http://data.europa.eu/esco/concept-scheme/member-skills,
http://data.europa.eu/esco/concept-scheme/6c930acd-c104-4ece-acf7-f44fd7333036",The process of developing and constructing systems for implementing data collection and analysis at large scale.,in_domain,linked to the selected IT occupations
KnowledgeSkillCompetence,http://data.europa.eu/esco/skill/4913d0c0-133a-4c46-aac3-f5d4989a982e,knowledge,cross-sector,product usage risks analysis,"customer product risks analysis
product risks analysis",,released,2024-02-09T17:29:13.7Z,,,"http://data.europa.eu/esco/concept-scheme/skills,
http://data.europa.eu/esco/concept-scheme/member-skills","The methods to analyse product associated risks, in possible customer environment, their magnitude, consequences and likely outcomes in order to mitigate them by warning messages, safety instructions and maintenance support.",in_domain,linked to the selected IT occupations
KnowledgeSkillCompetence,http://data.europa.eu/esco/skill/4959697d-3a24-4f46-af0c-b752318e6c54,knowledge,sector-specific,ObjectStore,"Ignite ObjectStore
ObjectStore Standard Edition
Ignite’s ObjectStore Standard Edition",,released,2024-02-09T17:29:16.725Z,,,"http://data.europa.eu/esco/concept-scheme/skills,
http://data.europa.eu/esco/concept-scheme/member-skills,
http://data.europa.eu/esco/concept-scheme/6c930acd-c104-4ece-acf7-f44fd7333036","The computer program ObjectStore is a tool for creating, updating and managing databases, developed by the software company Object Design, Incorporated.",in_domain,linked to the selected IT occupations
KnowledgeSkillCompetence,http://data.europa.eu/esco/skill/496932f1-0b6b-4f73-9432-d95c7ddcd43b,skill/competence,cross-sector,recruit employees,"hire new personnel
hiring new personnel
recruit staff
employ new personnel
manage recruitment of employees",,released,2024-01-16T13:56:51.003Z,It may include recruiting volunteers.,,"http://data.europa.eu/esco/concept-scheme/skills,
http://data.europa.eu/esco/concept-scheme/member-skills","Hire new employees by scoping the job role, advertising, performing interviews and selecting staff in line with company policy and legislation.",in_domain,linked to the selected IT occupations
KnowledgeSkillCompetence,http://data.europa.eu/esco/skill/4a193795-fa63-414e-9f2e-bfdb3924571e,skill/competence,cross-sector,handle data samples,"collect data samples
manage data samples
handle data samples for statistical purposes",,released,2025-06-25T12:15:04.406Z,,,"http://data.europa.eu/esco/concept-scheme/skills,
http://data.europa.eu/esco/concept-scheme/member-skills",Collect and select a set of data from a population by a statistical or other defined procedure.,in_domain,linked to the selected IT occupations
KnowledgeSkillCompetence,http://data.europa.eu/esco/skill/4a466c62-db7d-4905-9a41-f23214810acb,knowledge,sector-specific,GIMP (graphics editor software),"GIMP software
GIMP
GIMP for digital editing
GNU Image Manipulation Program
GIMP for graphics composition",,released,2024-02-26T09:59:15.954Z,,,"http://data.europa.eu/esco/concept-scheme/skills,
http://data.europa.eu/esco/concept-scheme/member-skills,
http://data.europa.eu/esco/concept-scheme/6c930acd-c104-4ece-acf7-f44fd7333036",The computer program GIMP is a graphical ICT tool which enables digital editing and composition of graphics to generate both 2D raster or 2D vector graphics. It is developed by The GIMP Development Team.,in_domain,linked to the selected IT occupations
KnowledgeSkillCompetence,http://data.europa.eu/esco/skill/4b51e76e-9e8a-455f-a289-5b48246345c4,knowledge,cross-sector,hardware components,"parts for hardware systems
hardware system components
hardware system parts
components of hardware systems
types of hardware components
typology of hardware components
range of hardware components
components for hardware systems
components of hardware",,released,2024-02-09T17:29:12.215Z,,,"http://data.europa.eu/esco/concept-scheme/skills,
http://data.europa.eu/esco/concept-scheme/member-skills,
http://data.europa.eu/esco/concept-scheme/6c930acd-c104-4ece-acf7-f44fd7333036","The essential components that make up a hardware system, such as liquid-crystal displays (LCD), camera sensors, microprocessors, memories, modems, batteries and their interconnections.",in_domain,linked to the selected IT occupations
KnowledgeSkillCompetence,http://data.europa.eu/esco/skill/4c016b68-4116-468c-9dc6-42710c239e4a,knowledge,sector-specific,C#,C Sharp,,released,2024-02-09T17:29:13.7Z,,,"http://data.europa.eu/esco/concept-scheme/skills,
http://data.europa.eu/esco/concept-scheme/member-skills,
http://data.europa.eu/esco/concept-scheme/6c930acd-c104-4ece-acf7-f44fd7333036","The techniques and principles of software development, such as analysis, algorithms, coding, testing and compiling of programming paradigms in C#.",in_domain,linked to the selected IT occupations
KnowledgeSkillCompetence,http://data.europa.eu/esco/skill/4cb51222-3e2e-417c-9a5c-e9ccf262721d,skill/competence,cross-sector,ensure compliance with company regulations,ensure compliance with company policies,,released,2025-06-25T12:15:04.406Z,,,"http://data.europa.eu/esco/concept-scheme/skills,
http://data.europa.eu/esco/concept-scheme/member-skills","Guarantee that employees' activities follow company regulations, as implemented through client and corporate guidelines, directives, policies and programmes.",in_domain,linked to the selected IT occupations
KnowledgeSkillCompetence,http://data.europa.eu/esco/skill/4cd85845-f31c-4306-994d-e12d45114d83,skill/competence,cross-sector,teach in academic or vocational contexts,"instruct in educational or vocational settings
provide instruction in academic or vocational domains
teach students in academic or vocational contexts",,released,2024-03-01T12:03:40.044Z,,,"http://data.europa.eu/esco/concept-scheme/skills,
http://data.europa.eu/esco/concept-scheme/member-skills,
http://data.europa.eu/esco/concept-scheme/research","Instruct students in the theory and practice of academic or vocational subjects, transferring the content of own and others' research activities.",in_domain,linked to the selected IT occupations
KnowledgeSkillCompetence,http://data.europa.eu/esco/skill/4d30ad07-9e39-4899-81dd-02b280f162f9,skill/competence,cross-sector,apply systemic design thinking,"use system design
apply combined systemic design
apply combined system design
apply combined system thinking methodologies
use systemic design",,released,2025-07-25T08:55:01.796Z,,,"http://data.europa.eu/esco/concept-scheme/skills,
http://data.europa.eu/esco/concept-scheme/green,
http://data.europa.eu/esco/concept-scheme/member-skills","Apply the process of combining systems thinking methodologies with human-centred design in order to solve complex societal challenges in an innovative and sustainable way. This is most often applied in social innovation practices that focus less on designing stand-alone products and services to designing complex service systems, organizations or policies that bring value to the society as a whole.",in_domain,linked to the selected IT occupations
KnowledgeSkillCompetence,http://data.europa.eu/esco/skill/4d39b27a-b34f-4c89-8d46-df844d42f728,skill/competence,cross-sector,increase the impact of science on policy and society,"influence decision making based on scientific evidence
enhance the impact of science influence on policy and society
boost the contribution of science to shaping policies and society
enhance the influence of science on governance and communities","knowledge management for policy impact
report facts",released,2024-02-29T16:33:21.333Z,,,"http://data.europa.eu/esco/concept-scheme/skills,
http://data.europa.eu/esco/concept-scheme/member-skills,
http://data.europa.eu/esco/concept-scheme/research",Influence evidence-informed policy and decision making by providing scientific input to and maintaining professional relationships with policymakers and other stakeholders.,in_domain,linked to the selected IT occupations
KnowledgeSkillCompetence,http://data.europa.eu/esco/skill/4d85b881-e490-4b4c-897a-2faa4ef53956,skill/competence,sector-specific,manage ICT data architecture,define enterprise data architecture,,released,2024-02-09T17:29:16.725Z,,,"http://data.europa.eu/esco/concept-scheme/skills,
http://data.europa.eu/esco/concept-scheme/member-skills,
http://data.europa.eu/esco/concept-scheme/6c930acd-c104-4ece-acf7-f44fd7333036","Oversee regulations and use ICT techniques to define the information systems architecture and to control data gathering, storing, consolidation, arrangement and usage in an organisation.",in_domain,linked to the selected IT occupations
KnowledgeSkillCompetence,http://data.europa.eu/esco/skill/4da171e5-779c-4983-a76f-91c16751e99f,knowledge,sector-specific,MySQL,"MySQL Classic Edition
MySQL Enterprise Edition
MySQL Embedded (OEM/ISV)
MySQL Standard Edition
MySQL Cluster CGE",,released,2024-02-09T17:29:15.968Z,,,"http://data.europa.eu/esco/concept-scheme/skills,
http://data.europa.eu/esco/concept-scheme/member-skills,
http://data.europa.eu/esco/concept-scheme/6c930acd-c104-4ece-acf7-f44fd7333036","The computer program MySQL is a tool for creating, updating and managing databases, currently developed by the software company Oracle.",in_domain,linked to the selected IT occupations
KnowledgeSkillCompetence,http://data.europa.eu/esco/skill/4da4587a-fd0b-4ca2-886c-c42a1562d432,skill/competence,sector-specific,design cloud networks,"create cloud network
implement cloud network",,released,2022-07-05T14:34:46.63Z,,,"http://data.europa.eu/esco/concept-scheme/skills,
http://data.europa.eu/esco/concept-scheme/member-skills,
http://data.europa.eu/esco/concept-scheme/6c930acd-c104-4ece-acf7-f44fd7333036","Apply cloud networking concepts and implement connectivity services of cloud. Given customer requirements, define network architectures on cloud, propose optimized designs based on the evaluation of an existing implementation. Evaluate and optimize cost allocations given a network design, its cloud resources, and application data flow.",in_domain,linked to the selected IT occupations
KnowledgeSkillCompetence,http://data.europa.eu/esco/skill/4df7a57a-9405-4995-8e02-4ca404832247,skill/competence,cross-sector,manage project changes,"supervise project adjustments
implement project changes",,released,2024-02-27T08:45:37.634Z,,,"http://data.europa.eu/esco/concept-scheme/skills,
http://data.europa.eu/esco/concept-scheme/member-skills","Manage requested or identified changes to the original project planning, assess the need to implement the changes and communicate them to the different project stakeholders. Update the relevant project documentation.",in_domain,linked to the selected IT occupations
KnowledgeSkillCompetence,http://data.europa.eu/esco/skill/4e5687e3-3d3a-4f5e-b76a-93da0124d453,knowledge,cross-sector,operational tactics for emergency responses,"operational strategies for emergency response
operational tactics for emergency response
proceedings for emergency responses
operational tactic for emergency response
operational tactics for major incidents and catastrophes",,released,2024-02-09T17:29:10.678Z,,,"http://data.europa.eu/esco/concept-scheme/skills,
http://data.europa.eu/esco/concept-scheme/member-skills",The characteristics and proceedings of operational tactics for emergency responses especially at major incidents and catastrophes.,in_domain,linked to the selected IT occupations
KnowledgeSkillCompetence,http://data.europa.eu/esco/skill/4e6d2538-a48e-48a7-8dad-14b067cfcb8b,knowledge,sector-specific,TripleStore,RDF store,,released,2025-06-25T08:20:05.218Z,,,"http://data.europa.eu/esco/concept-scheme/skills,
http://data.europa.eu/esco/concept-scheme/member-skills,
http://data.europa.eu/esco/concept-scheme/6c930acd-c104-4ece-acf7-f44fd7333036",The RDF store or TripleStore is a database used for storage and retrieval of Resource Description Framework triples (subject-predicate-object data entities) which can be accessed by semantic queries.,in_domain,linked to the selected IT occupations
KnowledgeSkillCompetence,http://data.europa.eu/esco/skill/4f5c1208-62fd-4e5a-a51e-306c06947e11,skill/competence,cross-sector,manage findable accessible interoperable and reusable data,"ensure data availability
ensure data reusability
support data reuse in research
ensure corrected data storing",,released,2022-07-05T14:37:59.932Z,,,"http://data.europa.eu/esco/concept-scheme/skills,
http://data.europa.eu/esco/concept-scheme/member-skills,
http://data.europa.eu/esco/concept-scheme/research,
http://data.europa.eu/esco/concept-scheme/6c930acd-c104-4ece-acf7-f44fd7333036","Produce, describe, store, preserve and (re) use scientific data based on FAIR (Findable, Accessible, Interoperable, and Reusable) principles, making data as open as possible, and as closed as necessary.",in_domain,linked to the selected IT occupations
KnowledgeSkillCompetence,http://data.europa.eu/esco/skill/4fabca9a-7435-4f33-b1da-3cdb00340fdc,skill/competence,cross-sector,perform scientific research,"performing scientific research
carry out scientific research
conduct scientific research
engage in scientific research",,released,2024-02-09T17:29:11.47Z,,,"http://data.europa.eu/esco/concept-scheme/skills,
http://data.europa.eu/esco/concept-scheme/member-skills,
http://data.europa.eu/esco/concept-scheme/research","Gain, correct or improve knowledge about phenomena by using scientific methods and techniques, based on empirical or measurable observations.",in_domain,linked to the selected IT occupations
KnowledgeSkillCompetence,http://data.europa.eu/esco/skill/501537a7-9d63-491d-ae02-09f04767ff1e,knowledge,sector-specific,attack vectors,"information security threats
cybersecurity threats
ICT security threats",,released,2023-03-10T16:46:25.567Z,,,"http://data.europa.eu/esco/concept-scheme/skills,
http://data.europa.eu/esco/concept-scheme/member-skills,
http://data.europa.eu/esco/concept-scheme/6c930acd-c104-4ece-acf7-f44fd7333036","Paths or methods that threat actors use to exploit vulnerabilities in information networks or systems from a concrete organisation and impact its availability, integrity and confidentiality. Attack vectors may include social engineering tactics such as phishing mails or pretexting, technical exploits as SQL injection as well as buffer overflow attacks.",in_domain,linked to the selected IT occupations
KnowledgeSkillCompetence,http://data.europa.eu/esco/skill/50597e96-9b6a-4736-ac79-dd80f36c0269,knowledge,sector-specific,Metasploit,Metasploit penetration testing tool,,released,2025-06-25T08:20:05.218Z,,,"http://data.europa.eu/esco/concept-scheme/skills,
http://data.europa.eu/esco/concept-scheme/member-skills,
http://data.europa.eu/esco/concept-scheme/6c930acd-c104-4ece-acf7-f44fd7333036",The framework Metasploit is a penetration testing tool which tests security weaknesses of the system for potentially unauthorised access to system information. The tool is based on the concept of 'exploit' which implies executing code on the target machine this way taking advantage of the bugs and vulnerabilities of the target machine.,in_domain,linked to the selected IT occupations
KnowledgeSkillCompetence,http://data.europa.eu/esco/skill/505e4ef3-7ce4-437d-b7b4-5c608f71c258,skill/competence,occupation-specific,build recommender systems,"build recommendation systems
recommender engine
recommender platform",,released,2024-02-09T17:29:12.952Z,,,"http://data.europa.eu/esco/concept-scheme/skills,
http://data.europa.eu/esco/concept-scheme/member-skills,
http://data.europa.eu/esco/concept-scheme/6c930acd-c104-4ece-acf7-f44fd7333036",Construct recommendation systems based on large data sets using programming languages or computer tools to create a subclass of information filtering system that seeks to predict the rating or preference a user gives to an item.,in_domain,linked to the selected IT occupations
KnowledgeSkillCompetence,http://data.europa.eu/esco/skill/5063a99f-975b-4a7c-85e3-69ecb375b4d3,knowledge,sector-specific,internet governance,"internet regulation
internet governance policies",,released,2025-06-25T08:20:05.218Z,,,"http://data.europa.eu/esco/concept-scheme/skills,
http://data.europa.eu/esco/concept-scheme/member-skills,
http://data.europa.eu/esco/concept-scheme/6c930acd-c104-4ece-acf7-f44fd7333036","The principles, regulations, norms and programs that shape the evolution and use of internet, such as internet domain names management, registries and registrars, according to ICANN/IANA regulations and recommendations, IP addresses and names, name servers, DNS, TLDs and aspects of IDNs and DNSSEC.",in_domain,linked to the selected IT occupations
KnowledgeSkillCompetence,http://data.europa.eu/esco/skill/50b100ea-74fd-4706-99db-3e4ca55e51b8,skill/competence,cross-sector,perform data cleansing,"complete data cleansing
performing data cleansing
undertake data cleansing
perform a data cleanse
data cleansing performance
implement data cleansing",,released,2024-02-09T17:29:16.725Z,,,"http://data.europa.eu/esco/concept-scheme/skills,
http://data.europa.eu/esco/concept-scheme/member-skills,
http://data.europa.eu/esco/concept-scheme/6c930acd-c104-4ece-acf7-f44fd7333036","Detect and correct corrupt records from data sets, ensure that the data become and remain structured according to guidelines.",in_domain,linked to the selected IT occupations
KnowledgeSkillCompetence,http://data.europa.eu/esco/skill/51586df8-1c46-4b47-8583-773cb63bf00b,knowledge,sector-specific,R,R software,,released,2025-06-25T08:20:05.218Z,,,"http://data.europa.eu/esco/concept-scheme/skills,
http://data.europa.eu/esco/concept-scheme/member-skills,
http://data.europa.eu/esco/concept-scheme/6c930acd-c104-4ece-acf7-f44fd7333036","The techniques and principles of software development, such as analysis, algorithms, coding, testing and compiling of programming paradigms in R.",in_domain,linked to the selected IT occupations
KnowledgeSkillCompetence,http://data.europa.eu/esco/skill/518dc04d-092d-4fa1-bd82-88b7a9278ef7,skill/competence,sector-specific,manage intellectual property rights,"manage copyrights
administer copyrights
administer intellectual property rights",,released,2024-02-26T16:26:56.216Z,,,"http://data.europa.eu/esco/concept-scheme/skills,
http://data.europa.eu/esco/concept-scheme/member-skills,
http://data.europa.eu/esco/concept-scheme/research",Deal with the private legal rights that protect the products of the intellect from unlawful infringement.,in_domain,linked to the selected IT occupations
KnowledgeSkillCompetence,http://data.europa.eu/esco/skill/52cf3037-ab53-4806-85ed-7fd21ea7f6a1,knowledge,sector-specific,Groovy,"Groovy software techniques
Groovy programming language
Groorvy software development",,released,2025-06-25T08:20:05.218Z,,,"http://data.europa.eu/esco/concept-scheme/skills,
http://data.europa.eu/esco/concept-scheme/member-skills,
http://data.europa.eu/esco/concept-scheme/6c930acd-c104-4ece-acf7-f44fd7333036","The techniques and principles of software development, such as analysis, algorithms, coding, testing and compiling of programming paradigms in Groovy.",in_domain,linked to the selected IT occupations
KnowledgeSkillCompetence,http://data.europa.eu/esco/skill/53456d90-8c0d-4bd2-9f1b-312619b6e2a6,knowledge,cross-sector,hardware testing methods,"ORT
testing methods for hardware
computer hardware testing methods
in-circuit test
testing methods for computer hardware
ongoing reliability test",,released,2025-04-16T11:39:42.137Z,,,"http://data.europa.eu/esco/concept-scheme/skills,
http://data.europa.eu/esco/concept-scheme/member-skills,
http://data.europa.eu/esco/concept-scheme/6c930acd-c104-4ece-acf7-f44fd7333036","Those processes in which hardware components or systems are tested, such as the system test (ST), the ongoing reliability test (ORT), and the in-circuit test (ICT).",in_domain,linked to the selected IT occupations
KnowledgeSkillCompetence,http://data.europa.eu/esco/skill/545c80e8-7ab2-42fe-af64-242211e94709,skill/competence,sector-specific,analyse network configuration and performance,"assess network setup and performance
examine network configuration and effectiveness
evaluate network setup and efficiency
analyse performance characteristics of ICT networks
assess network structure",,released,2024-02-29T16:30:12.342Z,,,"http://data.europa.eu/esco/concept-scheme/skills,
http://data.europa.eu/esco/concept-scheme/member-skills,
http://data.europa.eu/esco/concept-scheme/6c930acd-c104-4ece-acf7-f44fd7333036","Analyse essential network data (e.g., router configuration files, routing protocols), network traffic capacity and performance characteristics of ICT networks, such as wide area network and local area network, that connect computers using cable or wireless connections and allow them to exchange data.",in_domain,linked to the selected IT occupations
KnowledgeSkillCompetence,http://data.europa.eu/esco/skill/54924a2c-daca-40d3-9716-4b38ceb04f38,knowledge,cross-sector,algorithms,"formulae
formulas
algorithm
algorithmic",,released,2024-02-09T17:29:11.47Z,,,"http://data.europa.eu/esco/concept-scheme/skills,
http://data.europa.eu/esco/concept-scheme/member-skills,
http://data.europa.eu/esco/concept-scheme/6c930acd-c104-4ece-acf7-f44fd7333036","The self-contained step-by-step sets of operations that carry out calculations, data processing and automated reasoning, usually to solve problems.",in_domain,linked to the selected IT occupations
KnowledgeSkillCompetence,http://data.europa.eu/esco/skill/54c9c155-9293-4329-8ed2-2e76e8b519d4,skill/competence,sector-specific,define data quality criteria,"specify data quality criteria
set data quality benchmarks",,released,2025-06-25T12:15:04.406Z,,,"http://data.europa.eu/esco/concept-scheme/skills,
http://data.europa.eu/esco/concept-scheme/member-skills","Specify the criteria by which data quality is measured for business purposes, such as inconsistencies, incompleteness, usability for purpose and accuracy.",in_domain,linked to the selected IT occupations
KnowledgeSkillCompetence,http://data.europa.eu/esco/skill/54d774a3-de3b-4425-b0d7-c03bc99a0937,skill/competence,sector-specific,set up cybersecurity training programmes,"design cybersecurity training
deliver cybersecurity training
develop cybersecurity training",,released,2023-10-26T09:10:22.301Z,,,"http://data.europa.eu/esco/concept-scheme/skills,
http://data.europa.eu/esco/concept-scheme/member-skills,
http://data.europa.eu/esco/concept-scheme/6c930acd-c104-4ece-acf7-f44fd7333036","Design, develop and deliver educational activities (such as lectures and cyber ranges) to cover needs and/or raise awareness on cybersecurity.",in_domain,linked to the selected IT occupations
KnowledgeSkillCompetence,http://data.europa.eu/esco/skill/553ad092-b799-44c9-a94c-65a84fdc7526,skill/competence,cross-sector,identify processes for re-engineering,"identification of processes for re-engineering
identifying processes for re-engineering
classify processes for re-engineering
diagnose processes for re-engineering
identify a process for re-engineering
determine processes for re-engineering
analyse processes for re-engineering",,released,2025-02-27T12:45:08.961Z,,,"http://data.europa.eu/esco/concept-scheme/skills,
http://data.europa.eu/esco/concept-scheme/member-skills","Identify potential to restructure a company or part of its operations, e.g. by exploiting information technology.",in_domain,linked to the selected IT occupations
KnowledgeSkillCompetence,http://data.europa.eu/esco/skill/553e1d2d-abf1-4b37-8ac4-c5c78a8edbc0,knowledge,sector-specific,proxy servers,Nginx web server,,released,2023-05-05T16:04:40.934Z,,,"http://data.europa.eu/esco/concept-scheme/skills,
http://data.europa.eu/esco/concept-scheme/member-skills,
http://data.europa.eu/esco/concept-scheme/6c930acd-c104-4ece-acf7-f44fd7333036","The proxy tools which act as an intermediary for requests from users searching for resources e.g. files and web pages from other servers such as Burp, WebScarab, Charles or Fiddler.",in_domain,linked to the selected IT occupations
KnowledgeSkillCompetence,http://data.europa.eu/esco/skill/557e9247-1a2d-4497-aa7f-0cded7768da1,knowledge,sector-specific,Aircrack (penetration testing tool),Aircrack,,released,2022-07-05T14:34:21.232Z,,,"http://data.europa.eu/esco/concept-scheme/skills,
http://data.europa.eu/esco/concept-scheme/member-skills,
http://data.europa.eu/esco/concept-scheme/6c930acd-c104-4ece-acf7-f44fd7333036","The computer program Aircrack is a cracking program which recovers 802.11 WEP and WPA-PSK keys by making several network attacks such as FMS, KoreK and PTW attacks.",in_domain,linked to the selected IT occupations
KnowledgeSkillCompetence,http://data.europa.eu/esco/skill/56042303-972b-41be-9310-58467599ff7e,skill/competence,cross-sector,analyse business processes,"assess business operations
monitor business processes
study the contribution of work processes to business goals
evaluate business processes",,released,2024-03-01T08:08:47.147Z,,,"http://data.europa.eu/esco/concept-scheme/skills,
http://data.europa.eu/esco/concept-scheme/member-skills",Study the contribution of the work processes to the business goals and monitor their efficiency and productivity.,in_domain,linked to the selected IT occupations
KnowledgeSkillCompetence,http://data.europa.eu/esco/skill/5608d5a0-6d5e-43b7-be37-616501729bb4,knowledge,cross-sector,artificial neural networks,"ANN
neural networks
neural nets
artificial neural nets
NN",,released,2024-02-26T14:11:52.817Z,,,"http://data.europa.eu/esco/concept-scheme/skills,
http://data.europa.eu/esco/concept-scheme/member-skills,
http://data.europa.eu/esco/concept-scheme/6c930acd-c104-4ece-acf7-f44fd7333036",A network of artificial neurons composed for solving artificial intelligence problems. These computing systems are inspired by the biological neural networks that constitute brains. Understanding of its general model and its elements. Knowledge of its use possibilities for automation.,in_domain,linked to the selected IT occupations
KnowledgeSkillCompetence,http://data.europa.eu/esco/skill/561c2525-5bd8-4d86-8f45-820f4be7db93,skill/competence,cross-sector,report test findings,"report a test finding
summarise test findings
describe test findings: record test findings
note test findings",,released,2024-02-09T17:29:12.952Z,,,"http://data.europa.eu/esco/concept-scheme/skills,
http://data.europa.eu/esco/concept-scheme/member-skills","Report test results with a focus on findings and recommendations, differentiating results by levels of severity. Include relevant information from the test plan and outline the test methodologies, using metrics, tables, and visual methods to clarify where needed.",in_domain,linked to the selected IT occupations
KnowledgeSkillCompetence,http://data.europa.eu/esco/skill/56a7f561-1d55-43c9-9cd7-36a0a9bc6c50,knowledge,sector-specific,ASP.NET,ASP.NET framework,"ASP.NET 3.5
ASPX
ASP.net
ASP+
Aspx
ASP.NET 2.0",released,2023-06-09T16:07:58.414Z,,,"http://data.europa.eu/esco/concept-scheme/skills,
http://data.europa.eu/esco/concept-scheme/member-skills,
http://data.europa.eu/esco/concept-scheme/6c930acd-c104-4ece-acf7-f44fd7333036","The techniques and principles of software development, such as analysis, algorithms, coding, testing and compiling of programming paradigms in ASP.NET.",in_domain,linked to the selected IT occupations
KnowledgeSkillCompetence,http://data.europa.eu/esco/skill/57231a22-4da7-49c8-97b8-75672feadf1e,skill/competence,cross-sector,manage quantitative data,"gather data
manage data quantitatively
organise data
handle numerical data
process data
present data
interpret data
managing quantitative data",,released,2024-02-09T17:29:13.7Z,"Excludes <a resource=""http://data.europa.eu/esco/skill/9af1bd12-01bd-4d6a-947b-69e64f23150a"" typeOf=""http://data.europa.eu/esco/model#Skill"" href=""http://data.europa.eu/esco/skill/9af1bd12-01bd-4d6a-947b-69e64f23150a""><span property=""http://www.w3.org/2000/01/rdf-schema#label"" xml:lang=""en"">process qualitative information</span></a>.",,"http://data.europa.eu/esco/concept-scheme/skills,
http://data.europa.eu/esco/concept-scheme/member-skills,
http://data.europa.eu/esco/concept-scheme/6c930acd-c104-4ece-acf7-f44fd7333036","Gather, process and present quantitative data. Use the appropriate programs and methods for validating, organising and interpreting data.",in_domain,linked to the selected IT occupations
KnowledgeSkillCompetence,http://data.europa.eu/esco/skill/574257ea-7b64-4100-b7b6-e27c233fe143,,,digital communication and collaboration,"electronic communication
digital communications
paperless communication",,released,2025-02-27T12:45:08.961Z,,,"http://data.europa.eu/esco/concept-scheme/skills,
http://data.europa.eu/esco/concept-scheme/member-skills,
http://data.europa.eu/esco/concept-scheme/digcomp","Communicate in digital environments, share resources through online tools, link with others and collaborate through digital tools, interact with and participate in communities and networks, cross-cultural awareness.",in_domain,linked to the selected IT occupations
KnowledgeSkillCompetence,http://data.europa.eu/esco/skill/58783f72-5098-4807-b1d1-954ec2ae94c4,knowledge,sector-specific,Backbox (penetration testing tool),Backbox,,released,2022-07-05T14:34:21.232Z,,,"http://data.europa.eu/esco/concept-scheme/skills,
http://data.europa.eu/esco/concept-scheme/member-skills,
http://data.europa.eu/esco/concept-scheme/6c930acd-c104-4ece-acf7-f44fd7333036","The software BackBox is a Linux distribution which tests security weaknesses of the system for potentially unauthorised access to system information by information gathering, forensic, wireless and VoIP analysis, exploitation and reverse engineering.",in_domain,linked to the selected IT occupations
KnowledgeSkillCompetence,http://data.europa.eu/esco/skill/5898d99a-62a4-4e10-a2e3-0d815ce44248,knowledge,sector-specific,cyber attack counter-measures,"network communications security measures
cyber defence mechanisms
cyber/digital/IT/ICT/information security controls
cybersecurity measures","SSL traffic
SHA
MD5
PKI
S/MIME",released,2025-02-27T12:45:08.961Z,,,"http://data.europa.eu/esco/concept-scheme/skills,
http://data.europa.eu/esco/concept-scheme/member-skills,
http://data.europa.eu/esco/concept-scheme/6c930acd-c104-4ece-acf7-f44fd7333036","Methods, technologies and techniques used to defend (detect, monitor and recover) against cyber attacks. These cyber attacks include several attack vectors such as malware, denial of service (DoS) attacks and phishing. Intrusion prevention systems (IPS), firewall, antivirus, intrusion detection systems (IDS), cybersecurity training, backup, Information Security Management System (ISM), multi-factor authentication and employ awareness, are some examples of the methods used.",in_domain,linked to the selected IT occupations
KnowledgeSkillCompetence,http://data.europa.eu/esco/skill/58d7a289-dafd-4363-833f-d1dc4140885e,knowledge,sector-specific,APL,APL programming paradigms,,released,2025-06-25T08:20:05.218Z,,,"http://data.europa.eu/esco/concept-scheme/skills,
http://data.europa.eu/esco/concept-scheme/member-skills,
http://data.europa.eu/esco/concept-scheme/6c930acd-c104-4ece-acf7-f44fd7333036","The techniques and principles of software development, such as analysis, algorithms, coding, testing and compiling of programming paradigms in APL.",in_domain,linked to the selected IT occupations
KnowledgeSkillCompetence,http://data.europa.eu/esco/skill/5a0bffcf-4ff6-49cf-a7db-4142e63f5f04,skill/competence,cross-sector,answer incoming calls,"pick up incoming calls
answering incoming calls
take incoming calls
answering an incoming call
respond to incoming calls
deal with incoming calls
answer an incoming call",,released,2024-02-09T17:29:16.725Z,,,"http://data.europa.eu/esco/concept-scheme/skills,
http://data.europa.eu/esco/concept-scheme/member-skills",Respond to customers' inquiries and provide customers with appropriate information.,in_domain,linked to the selected IT occupations
KnowledgeSkillCompetence,http://data.europa.eu/esco/skill/5acf6408-e084-4202-9442-ffcf0119811c,knowledge,cross-sector,security threats,"threats to cyber/digital/IT/ICT security
security threat
physical security hazards
cyber/digital/IT/ICT security threats
threats to physical security
cyber/digital/IT/ICT security risks
security dangers
physical security risks
security hazards
physical security threats
security risks
threats to security
physical security dangers
cyber/digital/IT/ICT security dangers",,released,2025-02-27T12:45:08.961Z,,,"http://data.europa.eu/esco/concept-scheme/skills,
http://data.europa.eu/esco/concept-scheme/member-skills","Types of cyber or physical security threats to public and private security such as unauthorised entry, aggressive behaviour, molestation, robbery, theft, hacking, malware, phishing, identity theft, assault, kidnapping, murder and public demonstration.",in_domain,linked to the selected IT occupations
KnowledgeSkillCompetence,http://data.europa.eu/esco/skill/5b26f08b-88bc-45f0-b901-530d7786466b,knowledge,cross-sector,scientific computing,"computational science
scientific computation",,released,2023-11-29T16:24:35.284Z,,,"http://data.europa.eu/esco/concept-scheme/skills,
http://data.europa.eu/esco/concept-scheme/member-skills,
http://data.europa.eu/esco/concept-scheme/6c930acd-c104-4ece-acf7-f44fd7333036","The interdisciplinary field between computer science, mathematics and engineering. It concerns the employment of technical approaches and theoretical frameworks, and the use of computers, to address issues in science and engineering.",in_domain,linked to the selected IT occupations
KnowledgeSkillCompetence,http://data.europa.eu/esco/skill/5b8a3dd2-de10-48a0-8ce5-522f1fff8450,skill/competence,cross-sector,perform contract compliance audits,"carry out an in-depth audit
conduct compliance audit
perform contract quality audit
perform a detailed compliance audit report",,released,2024-02-09T17:29:14.494Z,,,"http://data.europa.eu/esco/concept-scheme/skills,
http://data.europa.eu/esco/concept-scheme/member-skills","Execute a thorough contract compliance audit, ensuring that goods or services are being delivered in a correct and timely fashion, checking for clerical errors or missed credits and discounts and starting procedures for cash recovery.",in_domain,linked to the selected IT occupations
KnowledgeSkillCompetence,http://data.europa.eu/esco/skill/5b9cde20-f1b9-4adc-bfb3-dbf70b14138d,skill/competence,sector-specific,use object-oriented programming,utilise object-oriented programming,,released,2025-06-25T12:15:04.406Z,,,"http://data.europa.eu/esco/concept-scheme/skills,
http://data.europa.eu/esco/concept-scheme/member-skills,
http://data.europa.eu/esco/concept-scheme/6c930acd-c104-4ece-acf7-f44fd7333036","Utilise specialised ICT tools for programming paradigm based on the concept of objects, which can contain data in the form of fields and code in the form of procedures. Use programming languages which support this method such as JAVA and C++.",in_domain,linked to the selected IT occupations
KnowledgeSkillCompetence,http://data.europa.eu/esco/skill/5be3d306-6cf1-4b49-aa1d-01651dd4ba4c,knowledge,sector-specific,object-oriented modelling,"object-oriented paradigm
object-oriented modeling
knowledge of object-oriented modelling",,released,2024-02-29T16:42:55.336Z,,,"http://data.europa.eu/esco/concept-scheme/skills,
http://data.europa.eu/esco/concept-scheme/member-skills,
http://data.europa.eu/esco/concept-scheme/6c930acd-c104-4ece-acf7-f44fd7333036","The object-oriented paradigm, which is based on classes, objects, methods and interfaces and their application in software design and analysis, programming organisation and techniques.",in_domain,linked to the selected IT occupations
KnowledgeSkillCompetence,http://data.europa.eu/esco/skill/5c606d18-6404-4047-b235-350f18e11827,knowledge,cross-sector,contract law,"law of contract
principles of contract law
contract laws
contract law regulations",,released,2024-02-09T17:29:16.725Z,,,"http://data.europa.eu/esco/concept-scheme/skills,
http://data.europa.eu/esco/concept-scheme/member-skills","The field of legal principles that govern written agreements between parties concerning the exchange of goods or services, including contractual obligations and termination.",in_domain,linked to the selected IT occupations
KnowledgeSkillCompetence,http://data.europa.eu/esco/skill/5c66ce3a-658d-43b1-9d8d-0f39be6c0f2e,knowledge,sector-specific,WebCMS,WebCMS software systems,,released,2025-06-25T08:20:05.218Z,,,"http://data.europa.eu/esco/concept-scheme/skills,
http://data.europa.eu/esco/concept-scheme/member-skills,
http://data.europa.eu/esco/concept-scheme/6c930acd-c104-4ece-acf7-f44fd7333036","The web-based software systems used for creating, editing, publishing and archiving blogs, articles, web pages or press releases which are mostly managed by users with limited web programming knowledge.",in_domain,linked to the selected IT occupations
KnowledgeSkillCompetence,http://data.europa.eu/esco/skill/5d34adde-0b78-42b4-9d3d-69e9388d8398,skill/competence,cross-sector,oversee quality control,"overseeing quality control
administer quality control
manage quality control
control quality control
oversee quality controls
oversight of quality control
supervise quality control",,released,2024-02-09T17:29:09.851Z,,,"http://data.europa.eu/esco/concept-scheme/skills,
http://data.europa.eu/esco/concept-scheme/member-skills",Monitor and assure the quality of the provided goods or services by overseeing that all the factors of the production meet quality requirements. Supervise product inspection and testing.,in_domain,linked to the selected IT occupations
KnowledgeSkillCompetence,http://data.europa.eu/esco/skill/5d74614d-32c8-4ca4-9818-6980e52424b1,skill/competence,sector-specific,plan software testing,oversee software testing plans,,released,2025-06-25T12:15:04.406Z,,,"http://data.europa.eu/esco/concept-scheme/skills,
http://data.europa.eu/esco/concept-scheme/member-skills,
http://data.europa.eu/esco/concept-scheme/6c930acd-c104-4ece-acf7-f44fd7333036","Create and supervise tests plans. Decide on allocation of resources, tools and techniques. Set testing criteria for balancing incurred risks in case of remaining defects, adapt budgets and plan additional costs.",in_domain,linked to the selected IT occupations
KnowledgeSkillCompetence,http://data.europa.eu/esco/skill/5d9e766b-8f17-4e17-bfab-3bb0e0719791,skill/competence,cross-sector,define quality standards,"define quality standard
defining quality standards
draw up quality standards
set quality standards
determine quality standards",,released,2024-02-09T17:29:09.851Z,,,"http://data.europa.eu/esco/concept-scheme/skills,
http://data.europa.eu/esco/concept-scheme/member-skills","Define, in collaboration with managers and quality experts, a set of quality standards to ensure compliance with regulations and help achieve customers' requirements.",in_domain,linked to the selected IT occupations
KnowledgeSkillCompetence,http://data.europa.eu/esco/skill/5da3c765-10a3-49eb-934c-ec401ceb1a34,skill/competence,cross-sector,analyse business plans,"define and validate business needs and goals
analyse business objectives
evaluate business plans
analyze business plans
analyse business plan feasibility
gauge business plans
analyse business formal statements
analyse business plan",,released,2025-08-01T12:53:12.48Z,,,"http://data.europa.eu/esco/concept-scheme/skills,
http://data.europa.eu/esco/concept-scheme/member-skills","Analyse the formal statements from businesses which outline their business goals and the strategies they set in place to meet them, in order to assess the feasibility of the plan and verify the business' ability to meet external requirements such as the repayment of a loan or return of investments.",in_domain,linked to the selected IT occupations
KnowledgeSkillCompetence,http://data.europa.eu/esco/skill/5da73370-f6b9-417d-a94c-09bf01f84aa2,skill/competence,sector-specific,use access control software,"define user roles for ICT system
define database user permissions",,released,2024-02-09T17:29:11.47Z,It includes programs such as Avaya Identity Engines or iLock.,,"http://data.europa.eu/esco/concept-scheme/skills,
http://data.europa.eu/esco/concept-scheme/member-skills,
http://data.europa.eu/esco/concept-scheme/6c930acd-c104-4ece-acf7-f44fd7333036","Utilise software to define the roles and manage user authentication, privileges and access rights to ICT systems, data and services.",in_domain,linked to the selected IT occupations
KnowledgeSkillCompetence,http://data.europa.eu/esco/skill/5da8018b-ae85-4cde-ad93-0394369018f3,knowledge,sector-specific,SPARQL,SPARQL Protocol and RDF Query Language,,released,2024-02-09T17:29:09.009Z,,,"http://data.europa.eu/esco/concept-scheme/skills,
http://data.europa.eu/esco/concept-scheme/member-skills,
http://data.europa.eu/esco/concept-scheme/6c930acd-c104-4ece-acf7-f44fd7333036",The computer language SPARQL is a query language for retrieval of information from a database and of documents containing the needed information. It is developed by the international standards organisation World Wide Web Consortium.,in_domain,linked to the selected IT occupations
KnowledgeSkillCompetence,http://data.europa.eu/esco/skill/5ef0c719-5bcb-49f8-b8eb-824388225333,skill/competence,sector-specific,use scripting programming,"employ ICT tools for computer code creation
use ICT tools for computer code generation
employ programming languages for computer code creation
use ICT tools for computer code development
use ICT tools for computer code creation",,released,2025-06-25T12:15:04.406Z,,,"http://data.europa.eu/esco/concept-scheme/skills,
http://data.europa.eu/esco/concept-scheme/member-skills,
http://data.europa.eu/esco/concept-scheme/6c930acd-c104-4ece-acf7-f44fd7333036","Utilise specialised ICT tools to create computer code that is interpreted by the corresponding run-time environments in order to extend applications and automate common computer operations. Use programming languages which support this method such as Unix Shell scripts, JavaScript, Python and Ruby.",in_domain,linked to the selected IT occupations
KnowledgeSkillCompetence,http://data.europa.eu/esco/skill/5f0082ab-2131-49b5-94d6-a1821daf57d6,skill/competence,cross-sector,apply for research funding,"apply for research grants
draft research grants applications
identify research grants
generate research funding",,released,2020-12-11T12:35:49.19Z,,,"http://data.europa.eu/esco/concept-scheme/skills,
http://data.europa.eu/esco/concept-scheme/member-skills,
http://data.europa.eu/esco/concept-scheme/research",Identify key relevant funding sources and prepare research grant application in order to obtain funds and grants. Write research proposals.,in_domain,linked to the selected IT occupations
KnowledgeSkillCompetence,http://data.europa.eu/esco/skill/5fd5c985-eaaa-47aa-8314-62359c54505a,skill/competence,cross-sector,develop digital content,,,released,2025-02-27T12:45:08.961Z,,,"http://data.europa.eu/esco/concept-scheme/skills,
http://data.europa.eu/esco/concept-scheme/member-skills,
http://data.europa.eu/esco/concept-scheme/6c930acd-c104-4ece-acf7-f44fd7333036,
http://data.europa.eu/esco/concept-scheme/digcomp","Create and edit digital content in different formats, express oneself through digital means.",in_domain,linked to the selected IT occupations
KnowledgeSkillCompetence,http://data.europa.eu/esco/skill/6014921e-1d25-4039-adc2-04852d61880e,knowledge,sector-specific,ICT debugging tools,"software debugging tools
ICT testing tools",,released,2025-06-25T08:20:05.218Z,,,"http://data.europa.eu/esco/concept-scheme/skills,
http://data.europa.eu/esco/concept-scheme/member-skills,
http://data.europa.eu/esco/concept-scheme/6c930acd-c104-4ece-acf7-f44fd7333036","The ICT tools used to test and debug programs and software code, such as GNU Debugger (GDB), Intel Debugger (IDB), Microsoft Visual Studio Debugger, Valgrind and WinDbg.",in_domain,linked to the selected IT occupations
KnowledgeSkillCompetence,http://data.europa.eu/esco/skill/611ed16b-99bf-4840-9cab-f55d1d286e0a,skill/competence,cross-sector,store digital data and systems,"store systems and digital data
backup digital data and systems
cache digital data and systems
use data and systems archiving procedures
back up data
archive digital data and systems
use data and systems archiving tools
storing digital data and systems
store digital data and system
restore data",,released,2024-02-09T17:29:09.009Z,,,"http://data.europa.eu/esco/concept-scheme/skills,
http://data.europa.eu/esco/concept-scheme/member-skills,
http://data.europa.eu/esco/concept-scheme/6c930acd-c104-4ece-acf7-f44fd7333036","Use software tools to archive data by copying and backing them up, in order to ensure their integrity and to prevent data loss.",in_domain,linked to the selected IT occupations
KnowledgeSkillCompetence,http://data.europa.eu/esco/skill/6195c5f7-a4fb-425d-a3dd-c4467c4471a3,skill/competence,sector-specific,deploy cloud resource,"cloud deployment
deployment and provisioning
provision cloud resources",,released,2022-07-05T14:34:46.63Z,,,"http://data.europa.eu/esco/concept-scheme/skills,
http://data.europa.eu/esco/concept-scheme/member-skills,
http://data.europa.eu/esco/concept-scheme/6c930acd-c104-4ece-acf7-f44fd7333036","Identify and execute steps required to provision cloud resources, such as networks, servers, storage, applications, GPUs, and services. Define the cloud global infrastructure and remediate deployment issues.",in_domain,linked to the selected IT occupations
KnowledgeSkillCompetence,http://data.europa.eu/esco/skill/61970f8b-099c-4e7e-82e0-9ccdced0baf3,skill/competence,sector-specific,assist customers,"help customers
assisting customers
aid customers
customers assistance
assist a customer
facilitate customers
support customers",,released,2024-02-09T17:29:15.235Z,,,"http://data.europa.eu/esco/concept-scheme/skills,
http://data.europa.eu/esco/concept-scheme/member-skills","Provide support and advice to customers in making purchasing decisions by finding out their needs, selecting suitable service and products for them and politely answering questions about products and services.",in_domain,linked to the selected IT occupations
KnowledgeSkillCompetence,http://data.europa.eu/esco/skill/625b57ee-29d4-425b-bf99-9fd54dd021fe,knowledge,sector-specific,Kali Linux,"Kali Tools
Kali Docs
Kali NetHunter
Kali penetration testing tool
Kali Linux distribution",,released,2025-06-25T08:20:05.218Z,,,"http://data.europa.eu/esco/concept-scheme/skills,
http://data.europa.eu/esco/concept-scheme/member-skills,
http://data.europa.eu/esco/concept-scheme/6c930acd-c104-4ece-acf7-f44fd7333036","The Kali Linux tool is a penetration testing tool which tests security weaknesses of the systems for potentially unauthorised access to system information by information gathering, vulnerability analysis and wireless and passwords attacks.",in_domain,linked to the selected IT occupations
KnowledgeSkillCompetence,http://data.europa.eu/esco/skill/628664ec-a63b-4486-8d65-02aba81c82a0,knowledge,sector-specific,ICT sales methodologies,ICT sales techniques,,released,2025-06-25T08:20:05.218Z,,,"http://data.europa.eu/esco/concept-scheme/skills,
http://data.europa.eu/esco/concept-scheme/member-skills,
http://data.europa.eu/esco/concept-scheme/6c930acd-c104-4ece-acf7-f44fd7333036","The practices used in the ICT sector to promote and sell products, services or applications such as SPIN Selling, Conceptual Selling and SNAP Selling.",in_domain,linked to the selected IT occupations
KnowledgeSkillCompetence,http://data.europa.eu/esco/skill/629685b8-5f9e-4522-8cff-b3e2c4ec625a,,,digital data processing,"electronic data processing
processing of data digitally
data processing
paperless data processing",,released,2025-02-27T12:45:08.961Z,,,"http://data.europa.eu/esco/concept-scheme/skills,
http://data.europa.eu/esco/concept-scheme/member-skills,
http://data.europa.eu/esco/concept-scheme/digcomp","Identify, locate, retrieve, store, organise and analyse digital information, judging its relevance and purpose.",in_domain,linked to the selected IT occupations
KnowledgeSkillCompetence,http://data.europa.eu/esco/skill/6360a934-cc87-4954-9656-b32db20592e3,knowledge,cross-sector,quantitative analysis,quantitative data analysis,,released,2023-11-29T16:26:13.467Z,,,"http://data.europa.eu/esco/concept-scheme/skills,
http://data.europa.eu/esco/concept-scheme/member-skills,
http://data.europa.eu/esco/concept-scheme/6c930acd-c104-4ece-acf7-f44fd7333036",The technique of employing statistical and mathematical modelling and measurement to represent a specific reality through numbers.,in_domain,linked to the selected IT occupations
KnowledgeSkillCompetence,http://data.europa.eu/esco/skill/63f0aa84-5e4c-4eb6-8e8c-876d9feedf1f,knowledge,sector-specific,Outsourcing model,OBS,,released,2025-06-25T08:20:05.218Z,,,"http://data.europa.eu/esco/concept-scheme/skills,
http://data.europa.eu/esco/concept-scheme/member-skills,
http://data.europa.eu/esco/concept-scheme/6c930acd-c104-4ece-acf7-f44fd7333036","The outsourcing model consists of principles and fundamentals of service-oriented modelling for business and software systems that allow the design and specification of service-oriented business systems within a variety of architectural styles, such as enterprise architecture.",in_domain,linked to the selected IT occupations
KnowledgeSkillCompetence,http://data.europa.eu/esco/skill/6417a4cc-6f61-4459-a114-761a7fa0279d,knowledge,sector-specific,Puppet (tools for software configuration management),Puppet,,released,2022-07-05T14:33:44.716Z,,,"http://data.europa.eu/esco/concept-scheme/skills,
http://data.europa.eu/esco/concept-scheme/member-skills,
http://data.europa.eu/esco/concept-scheme/6c930acd-c104-4ece-acf7-f44fd7333036","The tool Puppet is a software program to perform configuration identification, control, status accounting and audit.",in_domain,linked to the selected IT occupations
KnowledgeSkillCompetence,http://data.europa.eu/esco/skill/6430eb0d-c6de-46b7-a7fc-3dd2e8e62a69,skill/competence,cross-sector,use ICT ticketing system,use e-ticketing system,,released,2023-05-05T16:10:20.935Z,,,"http://data.europa.eu/esco/concept-scheme/skills,
http://data.europa.eu/esco/concept-scheme/member-skills,
http://data.europa.eu/esco/concept-scheme/6c930acd-c104-4ece-acf7-f44fd7333036","Utilise a specialised system to track registration, processing and resolution of issues in an organisation by assigning each of these issues a ticket, registering inputs from involved persons, tracking changes and displaying the status of the ticket, until it is completed.",in_domain,linked to the selected IT occupations
KnowledgeSkillCompetence,http://data.europa.eu/esco/skill/6474fc36-67ae-436b-9d39-c14402c6a89b,skill/competence,sector-specific,use ICT hardware,"utilise ICT hardware
operate ICT hardware",,released,2023-12-19T15:39:28.824Z,,,"http://data.europa.eu/esco/concept-scheme/skills,
http://data.europa.eu/esco/concept-scheme/member-skills,
http://data.europa.eu/esco/concept-scheme/6c930acd-c104-4ece-acf7-f44fd7333036","Ability to use equipment such as monitor, mouse, keyboard, storage devices, printers, scanners etc to perform operations such as plugging in, starting up, shutting down, rebooting, saving files and other operations.",in_domain,linked to the selected IT occupations
KnowledgeSkillCompetence,http://data.europa.eu/esco/skill/64852ade-6ae1-4760-ba4a-976bf07ca255,skill/competence,cross-sector,manage disaster recovery plans,prepare disaster recovery plans,,released,2025-06-25T08:45:06.159Z,,,"http://data.europa.eu/esco/concept-scheme/skills,
http://data.europa.eu/esco/concept-scheme/member-skills,
http://data.europa.eu/esco/concept-scheme/6c930acd-c104-4ece-acf7-f44fd7333036","Prepare, test and execute, when necessary, a plan of action to retrieve or compensate lost information system data.",in_domain,linked to the selected IT occupations
KnowledgeSkillCompetence,http://data.europa.eu/esco/skill/64db87c7-2360-4e20-88d3-d222402e477c,skill/competence,sector-specific,write database documentation,provide database documentation,,released,2024-02-09T17:29:09.851Z,,,"http://data.europa.eu/esco/concept-scheme/skills,
http://data.europa.eu/esco/concept-scheme/member-skills",Develop documentation containing information about the database that is relevant to end users.,in_domain,linked to the selected IT occupations
KnowledgeSkillCompetence,http://data.europa.eu/esco/skill/6561c8e7-3851-4878-bcf4-d2ffd63d835e,skill/competence,cross-sector,use repair manuals,interpret repair manuals,,released,2024-02-09T17:29:13.7Z,,,"http://data.europa.eu/esco/concept-scheme/skills,
http://data.europa.eu/esco/concept-scheme/member-skills","Apply the information, such as periodic maintenance charts, step by step repair instructions, troubleshooting information and overhaul procedures to perform routine maintenance and repairs.",in_domain,linked to the selected IT occupations
KnowledgeSkillCompetence,http://data.europa.eu/esco/skill/65e58886-bd1e-4c5b-8ca5-8d9b353c8aa1,knowledge,cross-sector,data visualisation software,data presentation software,"Microsoft Power BI
ggplot2
Power BI
Tableau",released,2023-11-29T16:28:10.548Z,,,"http://data.europa.eu/esco/concept-scheme/skills,
http://data.europa.eu/esco/concept-scheme/member-skills,
http://data.europa.eu/esco/concept-scheme/6c930acd-c104-4ece-acf7-f44fd7333036","A computer tool or application that creates a graphical and visual representation of data, allowing a better understanding and interpretation of complex data through visual elements such as maps, charts, infographics or graphs.",in_domain,linked to the selected IT occupations
KnowledgeSkillCompetence,http://data.europa.eu/esco/skill/67a118f4-8a5f-48f7-8e5f-de34b9ca2c37,knowledge,sector-specific,hybrid model,"knowledge of hybrid model
theory of hybrid model
Hybrid model
hybrid model principles
hybrid model fundamentals",,released,2024-02-28T15:50:30.82Z,,,"http://data.europa.eu/esco/concept-scheme/skills,
http://data.europa.eu/esco/concept-scheme/member-skills,
http://data.europa.eu/esco/concept-scheme/6c930acd-c104-4ece-acf7-f44fd7333036","The hybrid model consists of principles and fundamentals of service-oriented modelling for business and software systems that allow the design and specification of service-oriented business systems within a variety of architectural styles, such as enterprise architecture.",in_domain,linked to the selected IT occupations
KnowledgeSkillCompetence,http://data.europa.eu/esco/skill/6833e58b-eceb-4599-9375-1b7e6ec64087,skill/competence,cross-sector,ensure information security,"secure information surveillance
assure information security
assure information surveillance
provide information security
enable information surveillance
secure information security
provide information surveillance
enable information security",,released,2024-02-09T17:29:16.725Z,,,"http://data.europa.eu/esco/concept-scheme/skills,
http://data.europa.eu/esco/concept-scheme/member-skills","Ensure that the information gathered during surveillance or investigations remains in the hands of those authorised to receive and use it, and does not fall into enemy or otherwise non-authorised individuals' hands.",in_domain,linked to the selected IT occupations
KnowledgeSkillCompetence,http://data.europa.eu/esco/skill/68698869-c13c-4563-adc7-118b7644f45d,skill/competence,sector-specific,identify customer's needs,"diagnose customer's needs
analyse customer's needs
identifying a customer's needs
map out customer requirements into pragmatic actions
identifying customer's needs
classify customer's needs
determine customer's needs
identify a customer's needs",,released,2025-02-27T12:45:08.961Z,,,"http://data.europa.eu/esco/concept-scheme/skills,
http://data.europa.eu/esco/concept-scheme/member-skills","Use appropriate questions and active listening in order to identify customer expectations, desires and requirements according to product and services.",in_domain,linked to the selected IT occupations
KnowledgeSkillCompetence,http://data.europa.eu/esco/skill/68ef0e4d-5542-4e64-84f4-752cce5a3c22,knowledge,sector-specific,statistical modeling techniques,statistical modeling,,released,2023-10-30T10:14:30.511Z,,,"http://data.europa.eu/esco/concept-scheme/skills,
http://data.europa.eu/esco/concept-scheme/member-skills",The approaches for employing statistical analysis to dataset within the data science field. It seeks to elaborate reality predictions through statistical models and explicit assumptions.,in_domain,linked to the selected IT occupations
KnowledgeSkillCompetence,http://data.europa.eu/esco/skill/694dc996-52f3-4afa-a802-672e19f061b7,knowledge,sector-specific,crowdsourcing strategy,crowdsourcing plans,,released,2025-06-25T08:20:05.218Z,This knowledge excludes insourcing and outsourcing activities.,,"http://data.europa.eu/esco/concept-scheme/skills,
http://data.europa.eu/esco/concept-scheme/member-skills","The high level planning for managing and optimising business processes, ideas or content by gathering contributions from a big community of people, including on-line groups.",in_domain,linked to the selected IT occupations
KnowledgeSkillCompetence,http://data.europa.eu/esco/skill/695c3249-18e7-4435-bdb8-54a16011159d,skill/competence,cross-sector,develop documentation in accordance with legal requirements,comply documentation with standards,,released,2024-02-09T17:29:13.7Z,,,"http://data.europa.eu/esco/concept-scheme/skills,
http://data.europa.eu/esco/concept-scheme/member-skills","Create professionally written content describing products, applications, components, functions or services in compliance with legal requirements and internal or external standards.",in_domain,linked to the selected IT occupations
KnowledgeSkillCompetence,http://data.europa.eu/esco/skill/696e3b5b-8b61-45af-ae4c-3ab700f197ec,knowledge,sector-specific,information extraction,information extraction techniques,,released,2025-06-25T08:20:05.218Z,,,"http://data.europa.eu/esco/concept-scheme/skills,
http://data.europa.eu/esco/concept-scheme/member-skills,
http://data.europa.eu/esco/concept-scheme/6c930acd-c104-4ece-acf7-f44fd7333036",The techniques and methods used for eliciting and extracting information from unstructured or semi-structured digital documents and sources.,in_domain,linked to the selected IT occupations
KnowledgeSkillCompetence,http://data.europa.eu/esco/skill/69bbd53f-fbb0-4476-b4b2-ef7844464e28,knowledge,sector-specific,web programming,markup programming,,released,2024-02-09T17:29:10.678Z,,,"http://data.europa.eu/esco/concept-scheme/skills,
http://data.europa.eu/esco/concept-scheme/member-skills,
http://data.europa.eu/esco/concept-scheme/6c930acd-c104-4ece-acf7-f44fd7333036","The programming paradigm that is based on combining markup (which adds context and structure to text) and other web programming code, such as AJAX, javascript and PHP, in order to carry out appropriate actions and visualise the content.",in_domain,linked to the selected IT occupations
KnowledgeSkillCompetence,http://data.europa.eu/esco/skill/69cfc5ed-6569-4aca-a4cc-fd782ba51d9c,skill/competence,sector-specific,implement ICT risk management,,,released,2025-02-27T12:45:08.961Z,,,"http://data.europa.eu/esco/concept-scheme/skills,
http://data.europa.eu/esco/concept-scheme/member-skills,
http://data.europa.eu/esco/concept-scheme/6c930acd-c104-4ece-acf7-f44fd7333036","Develop and implement procedures for identifying, assessing, treating and mitigating ICT risks, such as hacks or data leaks, according to the company's risk strategy, procedures and policies. Analyse and manage security risks and incidents. Recommend measures to improve digital security strategy.",in_domain,linked to the selected IT occupations
KnowledgeSkillCompetence,http://data.europa.eu/esco/skill/69f0167e-75d9-46cf-847f-72a592880ebb,knowledge,sector-specific,STAF,STAF software,,released,2025-06-25T08:20:05.218Z,,,"http://data.europa.eu/esco/concept-scheme/skills,
http://data.europa.eu/esco/concept-scheme/member-skills,
http://data.europa.eu/esco/concept-scheme/6c930acd-c104-4ece-acf7-f44fd7333036","The tool STAF is a software program to perform configuration identification, control, status accounting and audit.",in_domain,linked to the selected IT occupations
KnowledgeSkillCompetence,http://data.europa.eu/esco/skill/6a322874-e32f-4cd8-9683-badce67a7f73,skill/competence,sector-specific,develop automated software tests,"generate automated software tests
build automated software tests
design automated software tests",,released,2024-02-09T17:29:14.494Z,,,"http://data.europa.eu/esco/concept-scheme/skills,
http://data.europa.eu/esco/concept-scheme/member-skills,
http://data.europa.eu/esco/concept-scheme/6c930acd-c104-4ece-acf7-f44fd7333036","Create software test sets in an automated manner, ​using specialised languages or tools, that can be performed by testing tools in order to save resources, gain efficiency and effectiveness in test execution.",in_domain,linked to the selected IT occupations
KnowledgeSkillCompetence,http://data.europa.eu/esco/skill/6a536b36-c5c7-4d10-bf67-a4fb0f8549b2,knowledge,cross-sector,audit techniques,"audit procedures
battery audit process",,released,2025-06-25T08:20:05.218Z,,,"http://data.europa.eu/esco/concept-scheme/skills,
http://data.europa.eu/esco/concept-scheme/member-skills,
http://data.europa.eu/esco/concept-scheme/6c930acd-c104-4ece-acf7-f44fd7333036","The techniques and methods that support a systematic and independent examination of data, policies, operations and performances using computer-assisted audit tools and techniques (CAATs) such as spreadsheets, databases, statistical analysis and business intelligence software.",in_domain,linked to the selected IT occupations
KnowledgeSkillCompetence,http://data.europa.eu/esco/skill/6a7792a9-888a-46ad-afc9-2c0d94c8fde6,skill/competence,cross-sector,create business process models,"develop business process diagrams
design business process models",,released,2025-06-25T08:45:06.159Z,,,"http://data.europa.eu/esco/concept-scheme/skills,
http://data.europa.eu/esco/concept-scheme/member-skills","Develop formal and informal descriptions of the business processes and the organisational structure by using business process models, notations and tools.",in_domain,linked to the selected IT occupations
KnowledgeSkillCompetence,http://data.europa.eu/esco/skill/6a876489-7ad8-4a13-b09c-c9b8e97a302e,knowledge,sector-specific,Waterfall development,"Waterfall project management
Waterfall software development",,released,2025-06-25T08:20:05.218Z,,,"http://data.europa.eu/esco/concept-scheme/skills,
http://data.europa.eu/esco/concept-scheme/member-skills,
http://data.europa.eu/esco/concept-scheme/6c930acd-c104-4ece-acf7-f44fd7333036",The waterfall development model is a methodology to design software systems and applications.,in_domain,linked to the selected IT occupations
KnowledgeSkillCompetence,http://data.europa.eu/esco/skill/6ad40ca3-dc34-4442-b23f-0b1b28936f56,skill/competence,occupation-specific,maintain responsive design,ensure responsive design of website,,released,2025-06-25T12:15:04.406Z,,,"http://data.europa.eu/esco/concept-scheme/skills,
http://data.europa.eu/esco/concept-scheme/member-skills,
http://data.europa.eu/esco/concept-scheme/6c930acd-c104-4ece-acf7-f44fd7333036",Ensure that the website runs on the latest technology and is multi-platform compatible and mobile-friendly.,in_domain,linked to the selected IT occupations
KnowledgeSkillCompetence,http://data.europa.eu/esco/skill/6aef2baa-5fa7-4c16-bd28-3e070ec4e4df,skill/competence,cross-sector,educate on data confidentiality,"teach data confidentiality principles
instruct on data confidentiality
educating about data confidentiality
educating on data confidentiality
educate about data confidentiality",,released,2024-02-09T17:29:15.235Z,,,"http://data.europa.eu/esco/concept-scheme/skills,
http://data.europa.eu/esco/concept-scheme/member-skills","Share information with and instruct users in the risks involved with data, especially risks to the confidentiality, integrity, or availability of data. Educate them on how to ensure data protection.",in_domain,linked to the selected IT occupations
KnowledgeSkillCompetence,http://data.europa.eu/esco/skill/6b3afb82-c4ea-4f14-be54-a757fb762663,knowledge,sector-specific,Vagrant,"Vagrant tool
Vagrant software",,released,2025-06-25T08:20:05.218Z,,,"http://data.europa.eu/esco/concept-scheme/skills,
http://data.europa.eu/esco/concept-scheme/member-skills,
http://data.europa.eu/esco/concept-scheme/6c930acd-c104-4ece-acf7-f44fd7333036","The tool Vagrant is a software program to perform configuration identification, control, status accounting and audit.",in_domain,linked to the selected IT occupations
KnowledgeSkillCompetence,http://data.europa.eu/esco/skill/6b643893-0a1f-4f6c-83a1-e7eef75849b9,skill/competence,sector-specific,develop with cloud services,"code with cloud services
write code with cloud services
develop cloud applications",,released,2022-07-05T14:33:28.658Z,,,"http://data.europa.eu/esco/concept-scheme/skills,
http://data.europa.eu/esco/concept-scheme/member-skills,
http://data.europa.eu/esco/concept-scheme/6c930acd-c104-4ece-acf7-f44fd7333036","Write code that interacts with cloud services by using APIs, SDKs, and cloud CLI. Write code for serverless applications, translate functional requirements into application design, implement application design into application code.",in_domain,linked to the selected IT occupations
KnowledgeSkillCompetence,http://data.europa.eu/esco/skill/6b6a9252-2ed7-4862-a02f-1578f4a532ea,knowledge,sector-specific,Eclipse (integrated development environment software),"Eclipse
knowledge of Eclipse
Eclipse IDE",,released,2024-02-29T16:25:37.513Z,,,"http://data.europa.eu/esco/concept-scheme/skills,
http://data.europa.eu/esco/concept-scheme/member-skills,
http://data.europa.eu/esco/concept-scheme/6c930acd-c104-4ece-acf7-f44fd7333036","The computer program Eclipse is a suite of software development tools for writing programs, such as compiler, debugger, code editor, code highlights, packaged in a unified user interface. It is developed by the Eclipse Foundation.",in_domain,linked to the selected IT occupations
KnowledgeSkillCompetence,http://data.europa.eu/esco/skill/6c08403c-a5bb-4868-b8c2-b7d039c0e511,skill/competence,sector-specific,design database scheme,develop database scheme,,released,2025-06-25T12:15:04.406Z,,,"http://data.europa.eu/esco/concept-scheme/skills,
http://data.europa.eu/esco/concept-scheme/member-skills,
http://data.europa.eu/esco/concept-scheme/6c930acd-c104-4ece-acf7-f44fd7333036","Draft a database scheme by following the Relational Database Management System (RDBMS) rules in order to create a logically arranged group of objects such as tables, columns and processes.",in_domain,linked to the selected IT occupations
KnowledgeSkillCompetence,http://data.europa.eu/esco/skill/6d289e8b-2cc1-4eda-ab1f-ad1090ef98f0,knowledge,sector-specific,WordPress,WordPress CMS,,released,2025-06-25T08:20:05.218Z,,,"http://data.europa.eu/esco/concept-scheme/skills,
http://data.europa.eu/esco/concept-scheme/member-skills,
http://data.europa.eu/esco/concept-scheme/6c930acd-c104-4ece-acf7-f44fd7333036","The open-source web-based software systems used for creating, editing, publishing and archiving blogs, articles, web pages or press releases which are mostly managed by users with limited web programming knowledge.",in_domain,linked to the selected IT occupations
KnowledgeSkillCompetence,http://data.europa.eu/esco/skill/6e4f75b4-c60f-4623-a9ba-760c8245753b,knowledge,sector-specific,ICT communications protocols,"ICT communications protocols in automotive
IT communications protocols",,released,2025-04-11T13:21:53.384Z,,,"http://data.europa.eu/esco/concept-scheme/skills,
http://data.europa.eu/esco/concept-scheme/member-skills,
http://data.europa.eu/esco/concept-scheme/6c930acd-c104-4ece-acf7-f44fd7333036",The system of rules which allow the exchange of information between computers or other devices via computer networks.,in_domain,linked to the selected IT occupations
KnowledgeSkillCompetence,http://data.europa.eu/esco/skill/6e53fd99-b646-4327-9580-ac062ab21188,knowledge,sector-specific,3D lighting,,,released,2024-02-09T17:29:09.009Z,,,"http://data.europa.eu/esco/concept-scheme/skills,
http://data.europa.eu/esco/concept-scheme/member-skills,
http://data.europa.eu/esco/concept-scheme/6c930acd-c104-4ece-acf7-f44fd7333036",The arrangement or digital effect which simulates lighting in a 3D environment.,in_domain,linked to the selected IT occupations
KnowledgeSkillCompetence,http://data.europa.eu/esco/skill/6eff134b-e34f-4d6e-a6e8-5e47cf2228d0,knowledge,cross-sector,risk management,"risk governance
risk administration
hazard manamagent
risk assessment",,released,2024-02-09T17:29:10.678Z,,,"http://data.europa.eu/esco/concept-scheme/skills,
http://data.europa.eu/esco/concept-scheme/member-skills","The process of identifying, assessing, and prioritising of all types of risks and where they could come from, such as natural causes, legal changes, or uncertainty in any given context, and the methods for dealing with risks effectively.",in_domain,linked to the selected IT occupations
KnowledgeSkillCompetence,http://data.europa.eu/esco/skill/6f1edc19-191f-4ba5-a048-ee69aff05bab,knowledge,cross-sector,security engineering,"information security engineering
network security engineering
systems security engineering
security management",,released,2024-01-29T11:34:28.451Z,,,"http://data.europa.eu/esco/concept-scheme/skills,
http://data.europa.eu/esco/concept-scheme/member-skills","Interdisciplinary field of study that focuses on the realisation of secure systems and the technology to protect individuals or information from malice, errors, or unauthorized access. It involves defining security protection requirements, processes, and methods to ensure the resilience of systems and data.",in_domain,linked to the selected IT occupations
KnowledgeSkillCompetence,http://data.europa.eu/esco/skill/6f8a40d6-f9ce-43ec-a72f-d4213a53f3ed,knowledge,sector-specific,Ansible,Ansible automation tool,,released,2025-06-25T08:20:05.218Z,,,"http://data.europa.eu/esco/concept-scheme/skills,
http://data.europa.eu/esco/concept-scheme/member-skills,
http://data.europa.eu/esco/concept-scheme/6c930acd-c104-4ece-acf7-f44fd7333036","The tool Ansible is a software program to perform configuration identification, control, status accounting and audit.",in_domain,linked to the selected IT occupations
KnowledgeSkillCompetence,http://data.europa.eu/esco/skill/6f8baa62-bc2b-4cc1-942b-f540c837cfa2,knowledge,sector-specific,outsourcing strategy,"outsourcing policies and procedures
outsourcing and partner management strategy
outsourcing management strategy",,released,2025-06-25T08:20:05.218Z,This knowledge excludes insourcing and crowdsourcing. Includes offshoring and nearshoring.,,"http://data.europa.eu/esco/concept-scheme/skills,
http://data.europa.eu/esco/concept-scheme/member-skills",The high level planning for managing and optimising external services of providers to execute business processes.,in_domain,linked to the selected IT occupations
KnowledgeSkillCompetence,http://data.europa.eu/esco/skill/6fa1c2c0-a012-4ca0-9642-e01569ba322c,knowledge,sector-specific,ICT system integration,system integration,,released,2024-02-09T17:29:15.235Z,,,"http://data.europa.eu/esco/concept-scheme/skills,
http://data.europa.eu/esco/concept-scheme/member-skills,
http://data.europa.eu/esco/concept-scheme/6c930acd-c104-4ece-acf7-f44fd7333036","The principles of integrating ICT components and products from a number of sources to create an operational ICT system, techniques which ensure interoperability and interfaces between components and the system.",in_domain,linked to the selected IT occupations
KnowledgeSkillCompetence,http://data.europa.eu/esco/skill/6fe76a8b-4d5f-4cea-b76b-5908463fb014,skill/competence,cross-sector,study website behaviour patterns,"study website behaviour trends
study website behaviour findings
study website behaviour activity
study a website behaviour pattern
study website behavior patterns
studying website behaviour patterns
the study of website behaviour patterns
study website behaviour results",,released,2022-07-05T14:34:21.232Z,,,"http://data.europa.eu/esco/concept-scheme/skills,
http://data.europa.eu/esco/concept-scheme/member-skills,
http://data.europa.eu/esco/concept-scheme/6c930acd-c104-4ece-acf7-f44fd7333036","Research, analyse and optimise business results and user experience online through the use of tracking website metric tools.",in_domain,linked to the selected IT occupations
KnowledgeSkillCompetence,http://data.europa.eu/esco/skill/709ef32a-7435-48e2-8fa2-16e389ecab8a,knowledge,sector-specific,Cisco,"Network Magic
Cisco Systems","Cisco 7600
CISCO",released,2023-06-08T15:59:18.902Z,,,"http://data.europa.eu/esco/concept-scheme/skills,
http://data.europa.eu/esco/concept-scheme/member-skills,
http://data.europa.eu/esco/concept-scheme/6c930acd-c104-4ece-acf7-f44fd7333036",The products available from the network equipment provider Cisco and methods for selecting and procuring the equipment.,in_domain,linked to the selected IT occupations
KnowledgeSkillCompetence,http://data.europa.eu/esco/skill/70de94f5-9575-4edd-bca7-c797b023b9d6,knowledge,sector-specific,Oracle WebLogic,Oracle WebLogic Server,,released,2025-06-25T08:20:05.218Z,,,"http://data.europa.eu/esco/concept-scheme/skills,
http://data.europa.eu/esco/concept-scheme/member-skills,
http://data.europa.eu/esco/concept-scheme/6c930acd-c104-4ece-acf7-f44fd7333036",The application server Oracle WebLogic is Java EE based application server which serves as a middle tier that links the back-end databases to the related applications.,in_domain,linked to the selected IT occupations
KnowledgeSkillCompetence,http://data.europa.eu/esco/skill/7111b95d-0ce3-441a-9d92-4c75d05c4388,knowledge,sector-specific,project management,"fundamentals of programme management
management of programmes
management of projects
fundamentals of project management
principles of project management
programme management
principles of programme management
programme management activities
project management activities",,released,2025-02-27T12:45:08.961Z,,,"http://data.europa.eu/esco/concept-scheme/skills,
http://data.europa.eu/esco/concept-scheme/member-skills","The discipline of project management, the activities which comprise this area and the variables implied in it, such as time, resources, requirements, deadlines, and responding to unexpected events.",in_domain,linked to the selected IT occupations
KnowledgeSkillCompetence,http://data.europa.eu/esco/skill/713fb616-118e-40bc-9366-4a69879a49d5,skill/competence,cross-sector,implement data quality processes,verify data,,released,2024-02-09T17:29:10.678Z,,,"http://data.europa.eu/esco/concept-scheme/skills,
http://data.europa.eu/esco/concept-scheme/member-skills,
http://data.europa.eu/esco/concept-scheme/6c930acd-c104-4ece-acf7-f44fd7333036","Apply quality analysis, validation and verification techniques on data to check data quality integrity.",in_domain,linked to the selected IT occupations
KnowledgeSkillCompetence,http://data.europa.eu/esco/skill/7159e587-c7cb-4ec0-a662-03e1dee2cccb,knowledge,cross-sector,research design,research design methods,,released,2024-07-03T13:27:58.973Z,,,"http://data.europa.eu/esco/concept-scheme/skills,
http://data.europa.eu/esco/concept-scheme/member-skills","The set of methods and techniques of research that are used to conduct a study. It includes practical steps in research such as purpose statement, data collection, methodology, and data analysis.",in_domain,linked to the selected IT occupations
KnowledgeSkillCompetence,http://data.europa.eu/esco/skill/71717c33-dd63-4acf-b052-a5fd5d9fc490,skill/competence,sector-specific,ensure information privacy,"ensure data privacy
maintain privacy and confidentiality of information
ensure confidentiality of data and information",,released,2025-06-25T12:15:04.406Z,,,"http://data.europa.eu/esco/concept-scheme/skills,
http://data.europa.eu/esco/concept-scheme/member-skills","Design and implement business processes and technical solutions to guarantee data and information confidentiality in compliance with legal requirements, also considering public expectations and political issues of privacy.",in_domain,linked to the selected IT occupations
KnowledgeSkillCompetence,http://data.europa.eu/esco/skill/71746a0b-e58d-4dc4-ad03-bd84082eae21,skill/competence,cross-sector,collect customer feedback on applications,analyse business objectives and customer interests,,released,2024-02-09T17:29:15.235Z,,,"http://data.europa.eu/esco/concept-scheme/skills,
http://data.europa.eu/esco/concept-scheme/member-skills",Gather a response and analyse data from customers to identify requests or problems in order to improve applications and overall customer satisfaction.,in_domain,linked to the selected IT occupations
KnowledgeSkillCompetence,http://data.europa.eu/esco/skill/7193cb6d-8334-494f-86e5-21e6d03a47c3,knowledge,sector-specific,unified modelling language,"standard modelling language
unified modeling language
uml",,released,2024-02-28T11:23:26.825Z,,,"http://data.europa.eu/esco/concept-scheme/skills,
http://data.europa.eu/esco/concept-scheme/member-skills,
http://data.europa.eu/esco/concept-scheme/6c930acd-c104-4ece-acf7-f44fd7333036",The general-purpose modelling language used in software development to offer a standard visualisation of system designs.,in_domain,linked to the selected IT occupations
KnowledgeSkillCompetence,http://data.europa.eu/esco/skill/7253d98c-4a6d-4e37-8b6c-accca9f4b639,skill/competence,sector-specific,develop ICT test suite,design software testing,,released,2024-02-09T17:29:12.952Z,,,"http://data.europa.eu/esco/concept-scheme/skills,
http://data.europa.eu/esco/concept-scheme/member-skills,
http://data.europa.eu/esco/concept-scheme/6c930acd-c104-4ece-acf7-f44fd7333036",Create a series of test cases to check software behaviour versus specifications. These test cases are then to be used during subsequent testing.,in_domain,linked to the selected IT occupations
KnowledgeSkillCompetence,http://data.europa.eu/esco/skill/726abd5a-d23c-44b9-abb0-f22bbe95f1d3,knowledge,cross-sector,operational research,"operations research
operations analysis",,released,2024-01-29T11:26:26.565Z,,,"http://data.europa.eu/esco/concept-scheme/skills,
http://data.europa.eu/esco/concept-scheme/member-skills","The application of scientific methods to provide solutions to administrative and management issues of organised systems as industrial, commercial, or governmental processes.",in_domain,linked to the selected IT occupations
KnowledgeSkillCompetence,http://data.europa.eu/esco/skill/72a74f69-5cf1-43c5-99b9-62a444578919,knowledge,sector-specific,engineering processes,"engineering strategy
engineering methodologies",,released,2025-06-25T08:20:05.218Z,,,"http://data.europa.eu/esco/concept-scheme/skills,
http://data.europa.eu/esco/concept-scheme/member-skills",The systematic approach to the development and maintenance of engineering systems.,in_domain,linked to the selected IT occupations
KnowledgeSkillCompetence,http://data.europa.eu/esco/skill/732cb4dd-af91-4c88-9a9f-5fc62144e500,skill/competence,cross-sector,provide information,"arrange information
provision of information
furnish information
information provision
contribute information
providing information
administer information",,released,2024-02-09T17:29:10.678Z,,,"http://data.europa.eu/esco/concept-scheme/skills,
http://data.europa.eu/esco/concept-scheme/member-skills","Ensure quality and correctness of provided information, depending on the type of audience and context.",in_domain,linked to the selected IT occupations
KnowledgeSkillCompetence,http://data.europa.eu/esco/skill/7364cc39-b9c0-449f-9416-57723e2fd9c4,skill/competence,sector-specific,use methodologies for user-centered design,"apply approaches for user-centered design
utilise user-centered design methodologies
apply methodologies for user centered design
employ techniques for user-oriented design",,released,2024-02-28T11:17:44.147Z,,,"http://data.europa.eu/esco/concept-scheme/skills,
http://data.europa.eu/esco/concept-scheme/member-skills","Use design methodologies in which the needs, wishes and limitations of end users of a product, service or process are given extensive attention at each stage of the design process.",in_domain,linked to the selected IT occupations
KnowledgeSkillCompetence,http://data.europa.eu/esco/skill/7369f779-4b71-4aab-8836-48b69c676eec,skill/competence,sector-specific,operate relational database management system,DBMS,,released,2024-02-09T17:29:09.009Z,"This activity excludes programming activities, changing structure of database or designing databases.",,"http://data.europa.eu/esco/concept-scheme/skills,
http://data.europa.eu/esco/concept-scheme/member-skills,
http://data.europa.eu/esco/concept-scheme/6c930acd-c104-4ece-acf7-f44fd7333036","Extract, store and verify information using database management systems based on the relational database model, which arranges data into tables of rows and columns, such as Oracle Database, Microsoft SQL Server and MySQL.",in_domain,linked to the selected IT occupations
KnowledgeSkillCompetence,http://data.europa.eu/esco/skill/744442ac-c157-4350-8be0-ce454df4f5c5,skill/competence,cross-sector,perform ICT troubleshooting,"undertake ICT troubleshooting
implement ICT troubleshooting
performing ICT troubleshooting
complete ICT troubleshooting
ICT troubleshooting performance",,released,2024-02-09T17:29:15.968Z,,,"http://data.europa.eu/esco/concept-scheme/skills,
http://data.europa.eu/esco/concept-scheme/member-skills,
http://data.europa.eu/esco/concept-scheme/6c930acd-c104-4ece-acf7-f44fd7333036","Identify problems with servers, desktops, printers, networks, and remote access, and perform actions which solve the problems.",in_domain,linked to the selected IT occupations
KnowledgeSkillCompetence,http://data.europa.eu/esco/skill/7482a123-e801-48de-9733-262125671410,knowledge,cross-sector,task algorithmisation,task algorithm development,,released,2025-06-25T08:20:05.218Z,,,"http://data.europa.eu/esco/concept-scheme/skills,
http://data.europa.eu/esco/concept-scheme/member-skills,
http://data.europa.eu/esco/concept-scheme/6c930acd-c104-4ece-acf7-f44fd7333036",The techniques to convert unstructured descriptions of a process into step-by-step sequence of actions of a finite number of steps.,in_domain,linked to the selected IT occupations
KnowledgeSkillCompetence,http://data.europa.eu/esco/skill/74e49482-75e8-4637-bdb1-fff868d02f7a,knowledge,cross-sector,scientific literature,scientific publications,,released,2023-10-30T10:06:59.008Z,,,"http://data.europa.eu/esco/concept-scheme/skills,
http://data.europa.eu/esco/concept-scheme/member-skills","The medium of informing the scientific community, including academic researchers, about the results of scientific research. It constitutes a permanent and cumulative collection of all the findings of scientific research in various fields and at any point in time.",in_domain,linked to the selected IT occupations
KnowledgeSkillCompetence,http://data.europa.eu/esco/skill/751941a0-5645-4f8b-b97e-b252909d5edb,skill/competence,sector-specific,develop ICT workflow,design ICT workflows,,released,2025-06-25T12:15:04.406Z,,,"http://data.europa.eu/esco/concept-scheme/skills,
http://data.europa.eu/esco/concept-scheme/member-skills,
http://data.europa.eu/esco/concept-scheme/6c930acd-c104-4ece-acf7-f44fd7333036","Create repeatable patterns of ICT activity within an organisation which enhances the systematic transformations of products, informational processes and services through their production.",in_domain,linked to the selected IT occupations
KnowledgeSkillCompetence,http://data.europa.eu/esco/skill/7557f0f4-b8bc-4ac0-b91e-222ab1ba744f,knowledge,sector-specific,tools for ICT test automation,"test automation tools
Selenium
tools for test automation",,released,2024-02-09T17:29:11.47Z,,,"http://data.europa.eu/esco/concept-scheme/skills,
http://data.europa.eu/esco/concept-scheme/member-skills,
http://data.europa.eu/esco/concept-scheme/6c930acd-c104-4ece-acf7-f44fd7333036","The specialised software to execute or control tests and compare predicted testing outputs with actual testing results such as Selenium, QTP and LoadRunner.",in_domain,linked to the selected IT occupations
KnowledgeSkillCompetence,http://data.europa.eu/esco/skill/75b30aeb-34c0-40f4-b77d-271d75a98b14,skill/competence,cross-sector,improve business processes,"manage processes
improve processes",,released,2024-02-09T17:29:14.494Z,,,"http://data.europa.eu/esco/concept-scheme/skills,
http://data.europa.eu/esco/concept-scheme/member-skills",Optimise the series of operations of an organisation to achieve efficiency. Analyse and adapt existing business operations in order to set new objectives and meet new goals.,in_domain,linked to the selected IT occupations
KnowledgeSkillCompetence,http://data.europa.eu/esco/skill/75f839c2-fd9a-4ad3-8921-6e734608568d,skill/competence,sector-specific,use query languages,"using structured query language
use database query language
query language using
using query language
retrieve data using a query language
using database query language
retrieve data using a structured query language
retrieving data using a query language
use information retrieval query language
using information retrieval query language
data retrieving using a query language
use structured query language
data retrieving using a structured query language
retrieving data using a structured query language",,released,2024-02-09T17:29:15.968Z,,,"http://data.europa.eu/esco/concept-scheme/skills,
http://data.europa.eu/esco/concept-scheme/member-skills,
http://data.europa.eu/esco/concept-scheme/6c930acd-c104-4ece-acf7-f44fd7333036",Retrieve information from a database or information system using computer languages designed for the retrieval of data.,in_domain,linked to the selected IT occupations
KnowledgeSkillCompetence,http://data.europa.eu/esco/skill/76ef6ed3-1658-4a1a-9593-204d799c6d0c,knowledge,sector-specific,NoSQL,"Not Only SQL non-relational database
NoSQL database management system
NoSQL non-relational database
Not Only SQL database management system",,released,2025-06-25T08:20:05.218Z,,,"http://data.europa.eu/esco/concept-scheme/skills,
http://data.europa.eu/esco/concept-scheme/member-skills,
http://data.europa.eu/esco/concept-scheme/6c930acd-c104-4ece-acf7-f44fd7333036","The Not Only SQL non-relational database used for creating, updating and managing large amounts of unstructured data stored in the cloud.",in_domain,linked to the selected IT occupations
KnowledgeSkillCompetence,http://data.europa.eu/esco/skill/770d4956-b5e0-4d44-bf42-3a766b232c5d,skill/competence,cross-sector,maintain a central project repository,"maintain a central project database
preserve a central project repository
preserve a central project database",,released,2024-02-26T14:10:26.757Z,,,"http://data.europa.eu/esco/concept-scheme/skills,
http://data.europa.eu/esco/concept-scheme/member-skills,
http://data.europa.eu/esco/concept-scheme/6c930acd-c104-4ece-acf7-f44fd7333036",Store project files and documents in a central repository accessible to the project manager and to all the project teams. Use available online tools and dedicated software.,in_domain,linked to the selected IT occupations
KnowledgeSkillCompetence,http://data.europa.eu/esco/skill/772a9c72-abef-4333-9788-f4cb48ad8e08,skill/competence,cross-sector,identify software for warehouse management,"determine software for warehouse management
identify applications for warehouse management
identify software applications for warehouse management
discover warehouse management software
recognize software for warehouse management",,released,2025-07-25T08:55:01.796Z,,,"http://data.europa.eu/esco/concept-scheme/skills,
http://data.europa.eu/esco/concept-scheme/green,
http://data.europa.eu/esco/concept-scheme/member-skills,
http://data.europa.eu/esco/concept-scheme/6c930acd-c104-4ece-acf7-f44fd7333036","Identify relevant software and applications used for warehouse management systems, their characteristics and value added to warehouse management operations.",in_domain,linked to the selected IT occupations
KnowledgeSkillCompetence,http://data.europa.eu/esco/skill/778ca7ad-6c5d-4868-9b96-a7777dca799c,knowledge,sector-specific,ICT help platforms,"ICT help desks
ICT help desk platforms",,released,2025-06-25T08:20:05.218Z,,,"http://data.europa.eu/esco/concept-scheme/skills,
http://data.europa.eu/esco/concept-scheme/member-skills,
http://data.europa.eu/esco/concept-scheme/6c930acd-c104-4ece-acf7-f44fd7333036",The platforms for delivering help systems for operating systems.,in_domain,linked to the selected IT occupations
KnowledgeSkillCompetence,http://data.europa.eu/esco/skill/7814e88f-c133-4c3b-b27f-857afa145d42,knowledge,sector-specific,ICT security legislation,"cyber-security regulation
network and information security legislation
ICT law
legal aspects of computing",,released,2023-04-06T15:01:39.429Z,,,"http://data.europa.eu/esco/concept-scheme/skills,
http://data.europa.eu/esco/concept-scheme/member-skills,
http://data.europa.eu/esco/concept-scheme/6c930acd-c104-4ece-acf7-f44fd7333036","The set of legislative rules that safeguards information technology, ICT networks and computer systems and legal consequences which result from their misuse. Regulated measures include firewalls, intrusion detection, anti-virus software and encryption.",in_domain,linked to the selected IT occupations
KnowledgeSkillCompetence,http://data.europa.eu/esco/skill/78a74fd1-efc6-49dc-adb1-1b0fbe35c22c,skill/competence,sector-specific,provide software testing documentation,"provide software testing procedures
provide software test procedures documentation",,released,2025-06-25T08:45:06.159Z,,,"http://data.europa.eu/esco/concept-scheme/skills,
http://data.europa.eu/esco/concept-scheme/member-skills,
http://data.europa.eu/esco/concept-scheme/6c930acd-c104-4ece-acf7-f44fd7333036",Describe software testing procedures to technical team and analysis of test outcomes to users and clients in order to inform them about state and efficiency of software.,in_domain,linked to the selected IT occupations
KnowledgeSkillCompetence,http://data.europa.eu/esco/skill/7961413f-61d0-4722-9cd9-20a050a29899,skill/competence,sector-specific,perform software unit testing,perform unit testing,,released,2025-06-25T08:45:06.159Z,,,"http://data.europa.eu/esco/concept-scheme/skills,
http://data.europa.eu/esco/concept-scheme/member-skills,
http://data.europa.eu/esco/concept-scheme/6c930acd-c104-4ece-acf7-f44fd7333036",Test single units of source code to determine whether or not they are suitable for use by creating short code fragments.,in_domain,linked to the selected IT occupations
KnowledgeSkillCompetence,http://data.europa.eu/esco/skill/797a4416-0b8d-44f3-8fcd-eb10bd0be6b4,skill/competence,sector-specific,develop software prototype,"develop software throw-away simulation
develop software mockup",,released,2024-02-09T17:29:13.7Z,,,"http://data.europa.eu/esco/concept-scheme/skills,
http://data.europa.eu/esco/concept-scheme/member-skills,
http://data.europa.eu/esco/concept-scheme/6c930acd-c104-4ece-acf7-f44fd7333036",Create a first incomplete or preliminary version of a piece of software application to simulate some specific aspects of the final product.,in_domain,linked to the selected IT occupations
KnowledgeSkillCompetence,http://data.europa.eu/esco/skill/79e29b8b-47d1-470d-b7b1-32506bfe7d9a,skill/competence,cross-sector,collect ICT data,"obtain digital data
gather digital data; obtain digital data
gather digital data
collect digital data",,released,2025-11-26T10:19:14.155Z,,,"http://data.europa.eu/esco/concept-scheme/skills,
http://data.europa.eu/esco/concept-scheme/member-skills,
http://data.europa.eu/esco/concept-scheme/6c930acd-c104-4ece-acf7-f44fd7333036",Gather data by designing and applying search and sampling methods.,in_domain,linked to the selected IT occupations
KnowledgeSkillCompetence,http://data.europa.eu/esco/skill/79f24a62-7718-46e1-9b41-37be0560a5ca,knowledge,sector-specific,organisational resilience,"business resilience
operational resilience
organizational resilience",,released,2016-08-04T15:18:17Z,,,"http://data.europa.eu/esco/concept-scheme/skills,
http://data.europa.eu/esco/concept-scheme/member-skills","The strategies, methods and techniques that increase the organisation's capacity to protect and sustain the services and operations that fulfil the organisational mission and create lasting values by effectively addressing the combined issues of security, preparedness, risk and disaster recovery.",in_domain,linked to the selected IT occupations
KnowledgeSkillCompetence,http://data.europa.eu/esco/skill/7a17d7ce-01a2-4746-bbcc-22ffe22fa16e,skill/competence,cross-sector,monitor technology trends,"stay up to date with technology trends
monitor emerging technologies and industry trends
stay up to date on existing and emerging technology trends
monitor trends and innovations in technology
keep up with the latest technology trends
keep abreast of technical innovations
follow technology industry trends and new technologies",,released,2025-06-25T12:15:04.406Z,,,"http://data.europa.eu/esco/concept-scheme/skills,
http://data.europa.eu/esco/concept-scheme/member-skills","Survey and investigate recent trends and developments in technology. Observe and anticipate their evolution, according to current or future market and business conditions.",in_domain,linked to the selected IT occupations
KnowledgeSkillCompetence,http://data.europa.eu/esco/skill/7a8fb784-67fa-41e9-a75c-6b491d91f800,skill/competence,cross-sector,develop strategy to solve problems,"create implementation strategy
devise action plan
design strategy to solve problems
develop strategies to solve problems
decide priorities
identify tasks
develop objectives
strategic thinking
developing strategy to solve problems
devise strategy
develop problem solving strategy
set targets
come up with strategy to solve problems
adapt implementation strategy
create strategy to solve problems
identify goals
set goals
develop strategy to solve problem",,released,2024-02-09T17:29:13.7Z,"Excludes <a resource=""http://data.europa.eu/esco/skill/d9013e0e-e937-43d5-ab71-0e917ee882b8"" typeOf=""http://data.europa.eu/esco/model#Skill"" href=""http://data.europa.eu/esco/skill/d9013e0e-e937-43d5-ab71-0e917ee882b8""><span property=""http://www.w3.org/2000/01/rdf-schema#label"" xml:lang=""en"">manage time</span></a>.",,"http://data.europa.eu/esco/concept-scheme/skills,
http://data.europa.eu/esco/concept-scheme/member-skills","Develop specific goals and plans to prioritise, organise, and accomplish work.",in_domain,linked to the selected IT occupations
KnowledgeSkillCompetence,http://data.europa.eu/esco/skill/7adb8473-bcc6-4ff8-9850-76d945d40092,skill/competence,sector-specific,analyse ICT system,"assess ICT system
analyse information and communications technology system
analyze information and communications technology system
assess information and communications technology system
analyze ICT system",,released,2024-02-28T15:39:50.76Z,,,"http://data.europa.eu/esco/concept-scheme/skills,
http://data.europa.eu/esco/concept-scheme/member-skills,
http://data.europa.eu/esco/concept-scheme/6c930acd-c104-4ece-acf7-f44fd7333036","Analyse the functioning and performance of information systems in order to define their goals, architecture and services and set procedures and operations to meet end users requirements.",in_domain,linked to the selected IT occupations
KnowledgeSkillCompetence,http://data.europa.eu/esco/skill/7af6e9e8-1e11-4c0b-b7c6-ac96bbbbc674,skill/competence,cross-sector,coordinate engineering teams,"coordinating engineering teams
co-ordinating engineering teams
engineering team co-ordinating
engineering activities supervising
supervise engineering activities
co-ordinate engineering teams
engineering teams co-ordinating
engineering team coordinating
engineering teams coordinating
supervising engineering activities",,released,2024-02-09T17:29:09.009Z,,,"http://data.europa.eu/esco/concept-scheme/skills,
http://data.europa.eu/esco/concept-scheme/member-skills","Plan, coordinate and supervise engineering activities together with engineers and engineering technicians. Ensure clear and effective channels of communication across all departments. Make sure the team is aware of the standards and objectives of the research and development.",in_domain,linked to the selected IT occupations
KnowledgeSkillCompetence,http://data.europa.eu/esco/skill/7b0d5000-00da-4864-b776-6de49a87a669,knowledge,cross-sector,computer vision,"OCR
cuda
matlab
tensorflow
simpleCV
openCV
keras",,released,2022-07-05T14:34:46.63Z,,,"http://data.europa.eu/esco/concept-scheme/skills,
http://data.europa.eu/esco/concept-scheme/member-skills,
http://data.europa.eu/esco/concept-scheme/6c930acd-c104-4ece-acf7-f44fd7333036","The definition and functioning of computer vision. Computer vision tools to allow computers to extract information from digital images such as photographs or video. Areas of application to solve real-world problems like security, autonomous driving, robotic manufacturing and inspection, digital image classification, medical image processing and diagnosis, and others.",in_domain,linked to the selected IT occupations
KnowledgeSkillCompetence,http://data.europa.eu/esco/skill/7b5cce4d-c7fe-4119-b48f-70aa05391787,knowledge,cross-sector,computer science,"informatics
informatics studies",,released,2024-02-09T17:29:16.725Z,,,"http://data.europa.eu/esco/concept-scheme/skills,
http://data.europa.eu/esco/concept-scheme/member-skills,
http://data.europa.eu/esco/concept-scheme/6c930acd-c104-4ece-acf7-f44fd7333036","The scientific and practical study that deals with the foundations of information and computation, namely algorithms, data structures, programming, and data architecture. It deals with the practicability, structure and mechanisation of the methodical procedures that manage the acquisition, processing, and access to information.",in_domain,linked to the selected IT occupations
KnowledgeSkillCompetence,http://data.europa.eu/esco/skill/7bf4539a-3f2e-4485-876b-1c9306b181af,knowledge,sector-specific,John The Ripper (penetration testing tool),John The Ripper,,released,2022-07-05T14:37:18.921Z,,,"http://data.europa.eu/esco/concept-scheme/skills,
http://data.europa.eu/esco/concept-scheme/member-skills,
http://data.europa.eu/esco/concept-scheme/6c930acd-c104-4ece-acf7-f44fd7333036",The tool John the Ripper is a password recovery tool which tests security weaknesses of the systems for potentially unauthorised access to system information. The key features of this tool are the strength-checking code and password hash code.,in_domain,linked to the selected IT occupations
KnowledgeSkillCompetence,http://data.europa.eu/esco/skill/7c5b66c6-36a1-4e03-bb57-64e8688b8f58,skill/competence,sector-specific,operate private branch exchange,PBX,,released,2024-02-09T17:29:09.009Z,,,"http://data.europa.eu/esco/concept-scheme/skills,
http://data.europa.eu/esco/concept-scheme/member-skills,
http://data.europa.eu/esco/concept-scheme/6c930acd-c104-4ece-acf7-f44fd7333036","Handle Private Branch Exchange (PBX), a telecommunication system within an organisation that switches calls between users on local lines. At the same time the system allows all users to share external phone lines.",in_domain,linked to the selected IT occupations
KnowledgeSkillCompetence,http://data.europa.eu/esco/skill/7d10fcb2-b368-48ab-996b-7c9fafcf68ed,skill/competence,sector-specific,use automatic programming,use visual programming,,released,2024-02-09T17:29:15.235Z,Includes visual programming.,,"http://data.europa.eu/esco/concept-scheme/skills,
http://data.europa.eu/esco/concept-scheme/member-skills,
http://data.europa.eu/esco/concept-scheme/6c930acd-c104-4ece-acf7-f44fd7333036","Utilise specialised software tools to generate computer code from specifications, such as diagrams, structured informations or other means of describing functionality.",in_domain,linked to the selected IT occupations
KnowledgeSkillCompetence,http://data.europa.eu/esco/skill/7d35602d-bc94-4975-aa7c-f4e8e05ce8e0,knowledge,sector-specific,cost management,"cost oversight
cost optimisation
cost monitoring
managing cost
cost managing
cost supervision
managing costs",,released,2025-04-11T13:05:25.569Z,,,"http://data.europa.eu/esco/concept-scheme/skills,
http://data.europa.eu/esco/concept-scheme/member-skills","The process of planning, monitoring and adjusting the expenses and revenues of a business in order to achieve cost efficiency and capability.",in_domain,linked to the selected IT occupations
KnowledgeSkillCompetence,http://data.europa.eu/esco/skill/7d5ff73e-7bea-436d-974f-3a51ce24a138,skill/competence,sector-specific,develop virtual game engine,create game development framework,,released,2025-06-25T12:15:04.406Z,,,"http://data.europa.eu/esco/concept-scheme/skills,
http://data.europa.eu/esco/concept-scheme/member-skills,
http://data.europa.eu/esco/concept-scheme/6c930acd-c104-4ece-acf7-f44fd7333036",Create a virtual software framework that abstracts the details of doing common game-related tasks.,in_domain,linked to the selected IT occupations
KnowledgeSkillCompetence,http://data.europa.eu/esco/skill/7e1f9657-ab4e-407c-842f-b846197060e3,skill/competence,sector-specific,execute ICT audits,"execute information security audits
execute IT security audits
execute cyber security audits
execute ICT security audits",,released,2023-03-10T17:45:05.216Z,,,"http://data.europa.eu/esco/concept-scheme/skills,
http://data.europa.eu/esco/concept-scheme/member-skills,
http://data.europa.eu/esco/concept-scheme/6c930acd-c104-4ece-acf7-f44fd7333036","Organise and execute audits in order to evaluate ICT systems, compliance of components of systems, information processing systems and information security. Identify and collect potential critical issues and recommend solutions based on required standards and solutions.",in_domain,linked to the selected IT occupations
KnowledgeSkillCompetence,http://data.europa.eu/esco/skill/7e5147d1-60b1-4a68-804b-1f5cb0396b91,,,problem-solving with digital tools,"problem-solving with ICT hardware and tools
resolving issues with ICT tools and hardware
problem-solving with information and communication technologies tools and hardware
finding solutions with ICT tools and hardware
ICT tools and hardware problem solving
problem-solve with ICT tools and hardware",,released,2025-02-27T12:45:08.961Z,,,"http://data.europa.eu/esco/concept-scheme/skills,
http://data.europa.eu/esco/concept-scheme/member-skills,
http://data.europa.eu/esco/concept-scheme/digcomp","Identify digital needs and resources, make informed decisions on most appropriate digital tools according to the purpose or need, solve conceptual problems through digital means, creatively use technologies, solve technical problems, update own and other's competence.",in_domain,linked to the selected IT occupations
KnowledgeSkillCompetence,http://data.europa.eu/esco/skill/7e796b51-49d7-4e73-95af-2e7323763f15,skill/competence,sector-specific,design database in the cloud,"apply design principles for cloud data architecture
develop cloud database design
apply design principles for cloud database design
design automated cloud databases
design cloud data architecture",,released,2024-02-26T09:55:44.119Z,,,"http://data.europa.eu/esco/concept-scheme/skills,
http://data.europa.eu/esco/concept-scheme/member-skills,
http://data.europa.eu/esco/concept-scheme/6c930acd-c104-4ece-acf7-f44fd7333036","Apply design principles for an adaptive, elastic, automated, loosely coupled databases making use of cloud infrastructure. Aim to remove any single point of failure through distributed database design.",in_domain,linked to the selected IT occupations
KnowledgeSkillCompetence,http://data.europa.eu/esco/skill/7ee4c2ea-b349-4bd2-81a3-ec31475d4833,knowledge,cross-sector,statistics,"experimental data
use of data in performance of work
use of statistics
organisation of data
data analysis
survey data
use of statistics in performance of work
data collection
stats
data work
big data
metadata
statistical analysis
use of data
administrative data",,released,2025-04-16T11:50:25.475Z,,,"http://data.europa.eu/esco/concept-scheme/skills,
http://data.europa.eu/esco/concept-scheme/member-skills","The study of statistical theory, methods and practices such as collection, organisation, analysis, interpretation and presentation of data. It deals with all aspects of data including the planning of data collection in terms of the design of surveys and experiments in order to forecast and plan work-related activities.",in_domain,linked to the selected IT occupations
KnowledgeSkillCompetence,http://data.europa.eu/esco/skill/7f0b1a66-ebaf-4c8a-b606-4c1844eb692e,skill/competence,sector-specific,attend to ICT systems quality,"ensure ICT systems meet required standards
ensure ICT system quality",,released,2025-06-25T12:15:04.406Z,,,"http://data.europa.eu/esco/concept-scheme/skills,
http://data.europa.eu/esco/concept-scheme/member-skills,
http://data.europa.eu/esco/concept-scheme/6c930acd-c104-4ece-acf7-f44fd7333036","Ensure correct operations which comply fully with specific needs and outcomes in terms of the development, integration, security and overall management of ICT systems.",in_domain,linked to the selected IT occupations
KnowledgeSkillCompetence,http://data.europa.eu/esco/skill/7f2afce6-e98b-4bbe-8441-d52b45e28ab8,knowledge,sector-specific,telecom regulations,Electronic Communications Code,,released,2023-11-29T16:29:57.116Z,,,"http://data.europa.eu/esco/concept-scheme/skills,
http://data.europa.eu/esco/concept-scheme/member-skills,
http://data.europa.eu/esco/concept-scheme/6c930acd-c104-4ece-acf7-f44fd7333036","Code of rules to protect telecommunication consumers, ensuring high standards of communication services such as equivalent and affordable access, connectivity, transparency of contracts or security against malware. The regulation covers web-based and traditional services.",in_domain,linked to the selected IT occupations
KnowledgeSkillCompetence,http://data.europa.eu/esco/skill/8088750d-8388-4170-a76f-48354c469c44,knowledge,sector-specific,cyber security,"ICT security
cybersecurity
digital security
information and communications technology security
IT security
information security",,released,2023-03-10T16:28:05.23Z,,,"http://data.europa.eu/esco/concept-scheme/skills,
http://data.europa.eu/esco/concept-scheme/member-skills,
http://data.europa.eu/esco/concept-scheme/6c930acd-c104-4ece-acf7-f44fd7333036","The methods and best practices that protect ICT systems, networks, computers, devices, services, processes and people against unauthorised access, modification and/or denial of service of assets.",in_domain,linked to the selected IT occupations
KnowledgeSkillCompetence,http://data.europa.eu/esco/skill/81633a44-f1db-4a01-a940-804c6905e330,skill/competence,cross-sector,use word processing software,"Google Docs
GNU TeXmacs
IBM Lotus Word Pro
AbiWord
TextEdit
LaTeX
WordGraph
QuickOffice
Calligra Words
Kingsoft Office Writer
LibreOffice Writer
use document processing program
Atlantis Word Processor
Polaris Office
produce text files
type text
make use of word processing software
apply word processing software
use word processor
using word processor
Microsoft Office Word
Apple Pages
Zoho Writer
use word processing
WordPad
able to use using word processing software
Textilus
utilise word processing software
ThinkFree Office
IntelliTalk
use text processing program","GNU TeXmacs
Kingsoft Office Writer
LibreOffice Writer
WordPad
LaTeX
ThinkFree Office
QuickOffice
Calligra Words
Atlantis Word Processor
Textilus
WordGraph
IntelliTalk
Polaris Office
TextEdit
Google Docs
Zoho Writer
AbiWord
IBM Lotus Word Pro
Apple Pages
Microsoft Office Word",released,2024-02-09T17:29:16.725Z,,,"http://data.europa.eu/esco/concept-scheme/skills,
http://data.europa.eu/esco/concept-scheme/member-skills,
http://data.europa.eu/esco/concept-scheme/6c930acd-c104-4ece-acf7-f44fd7333036","Use computer software applications for composition, editing, formatting, and printing of any sort of written material.",in_domain,linked to the selected IT occupations
KnowledgeSkillCompetence,http://data.europa.eu/esco/skill/8181aa4c-42bc-4036-a3d2-5cb6bbb34239,skill/competence,sector-specific,handle cybersecurity incidents,"analyse cybersecurity incidents
handle cybersecurity incidents in production facilities
monitor security logs
respond to cyber incidents
monitor the security of digital systems",,released,2025-04-11T13:15:41.317Z,,,"http://data.europa.eu/esco/concept-scheme/skills,
http://data.europa.eu/esco/concept-scheme/member-skills,
http://data.europa.eu/esco/concept-scheme/6c930acd-c104-4ece-acf7-f44fd7333036","Detect, identify, analyze, and respond, to cybersecurity incidents in an organization's systems or network. It involves incident response plans such as intrusion detection systems, log analysis, and documenting detailed information about potential incidents.",in_domain,linked to the selected IT occupations
KnowledgeSkillCompetence,http://data.europa.eu/esco/skill/82de2df7-0d6c-42b1-94ac-b3e9a029e917,skill/competence,cross-sector,use back-up and recovery tools,"use recovery software
use back-up and recovery software
use back-up software
use recovery tools
back-up and recovery tools using
using back-up and recovery tools
using back-up and recovery software
use back-up tools",,released,2024-02-09T17:29:14.494Z,,,"http://data.europa.eu/esco/concept-scheme/skills,
http://data.europa.eu/esco/concept-scheme/member-skills,
http://data.europa.eu/esco/concept-scheme/6c930acd-c104-4ece-acf7-f44fd7333036","Use tools which allow users to copy and archive computer software, configurations and data and recover them in case of loss.",in_domain,linked to the selected IT occupations
KnowledgeSkillCompetence,http://data.europa.eu/esco/skill/8300443c-c793-4102-bff5-aa917a0cb39f,skill/competence,cross-sector,define roadmap for blockchain in applications,create a blockchain roadmap in applications,,released,2023-11-29T16:36:04.907Z,,,"http://data.europa.eu/esco/concept-scheme/skills,
http://data.europa.eu/esco/concept-scheme/member-skills,
http://data.europa.eu/esco/concept-scheme/6c930acd-c104-4ece-acf7-f44fd7333036","Define and follow a roadmap for the introduction of blockchain in a particular application. Identify the key actions and roles required, as well as the essential milestones and deliverables to achieve.",in_domain,linked to the selected IT occupations
KnowledgeSkillCompetence,http://data.europa.eu/esco/skill/83218cac-3599-417e-93d2-26013cdccd98,knowledge,sector-specific,service-oriented modelling,"ICT service models
service oriented models
SaaS model
Software as a service
SaaS
service-oriented modeling",,released,2025-08-01T12:46:31.249Z,,,"http://data.europa.eu/esco/concept-scheme/skills,
http://data.europa.eu/esco/concept-scheme/member-skills,
http://data.europa.eu/esco/concept-scheme/6c930acd-c104-4ece-acf7-f44fd7333036","The principles and fundamentals of service-oriented modelling for business and software systems that allow the design and specification of service-oriented business systems within a variety of architectural styles, such as enterprise architecture and application architecture.",in_domain,linked to the selected IT occupations
KnowledgeSkillCompetence,http://data.europa.eu/esco/skill/833289fa-3646-4010-9d9e-93ba8c9ef2d8,skill/competence,cross-sector,apply research ethics and scientific integrity principles in research activities,"adhere to scientific research code of ethics
obey scientific research code of conduct
follow scientific research code of conduct",,released,2020-12-11T12:37:37.532Z,,,"http://data.europa.eu/esco/concept-scheme/skills,
http://data.europa.eu/esco/concept-scheme/member-skills,
http://data.europa.eu/esco/concept-scheme/research","Apply fundamental ethical principles and legislation to scientific research, including issues of research integrity. Perform, review, or report research avoiding misconducts such as fabrication, falsification, and plagiarism.",in_domain,linked to the selected IT occupations
KnowledgeSkillCompetence,http://data.europa.eu/esco/skill/8359bd04-d2cb-4757-af1f-39a921df9efe,skill/competence,cross-sector,remove computer virus or malware from a computer,"removing virus from a computer
removing malware from a computer
cleaning malware-infected computer
removing computer virus or malware from a computer
remove virus from a computer
clean malware-infected computer
clean virus-infected computer
cleaning virus-infected computer
computer virus or malware removing from a computer
remove malware from a computer",,released,2024-02-09T17:29:09.851Z,,,"http://data.europa.eu/esco/concept-scheme/skills,
http://data.europa.eu/esco/concept-scheme/member-skills,
http://data.europa.eu/esco/concept-scheme/6c930acd-c104-4ece-acf7-f44fd7333036",Carry out actions to remove computer viruses or other types of malware from a computer.,in_domain,linked to the selected IT occupations
KnowledgeSkillCompetence,http://data.europa.eu/esco/skill/8369c2d6-c100-4cf6-bd83-9668d8678433,skill/competence,sector-specific,utilise machine learning,"carry out machine learning
use machine learning
utilize machine learning
perform machine learning",,released,2024-02-28T10:50:04.633Z,,,"http://data.europa.eu/esco/concept-scheme/skills,
http://data.europa.eu/esco/concept-scheme/member-skills,
http://data.europa.eu/esco/concept-scheme/6c930acd-c104-4ece-acf7-f44fd7333036","Use techniques and algorithms that are able to extract mastery out of data, learn from it and make predictions, to be used for program optimisation, application adaptation, pattern recognition, filtering, search engines and computer vision.",in_domain,linked to the selected IT occupations
KnowledgeSkillCompetence,http://data.europa.eu/esco/skill/8369ede5-4200-4a44-be2e-bc60ef959259,knowledge,sector-specific,Microsoft Visual C++,"MS Visual C++
Visual C++
VC++
MSVC",,released,2024-02-09T17:29:14.494Z,,,"http://data.europa.eu/esco/concept-scheme/skills,
http://data.europa.eu/esco/concept-scheme/member-skills,
http://data.europa.eu/esco/concept-scheme/6c930acd-c104-4ece-acf7-f44fd7333036","The computer program Visual C++ is a suite of software development tools for writing programs, such as compiler, debugger, code editor, code highlights, packaged in a unified user interface. It is developed by the software company Microsoft.",in_domain,linked to the selected IT occupations
KnowledgeSkillCompetence,http://data.europa.eu/esco/skill/83b33952-3872-46ec-9a2e-b28f91303a7e,skill/competence,sector-specific,oversee development of software,"oversee development of applications
coordinate development of applications
monitor development of software
manage the development of a software
coordinate development of software",,released,2025-06-25T12:15:04.406Z,,,"http://data.europa.eu/esco/concept-scheme/skills,
http://data.europa.eu/esco/concept-scheme/member-skills,
http://data.europa.eu/esco/concept-scheme/6c930acd-c104-4ece-acf7-f44fd7333036","Organise, plan and supervise the development of the applications and frameworks in order to create a software product, from the earliest planning stages to the final product test.",in_domain,linked to the selected IT occupations
KnowledgeSkillCompetence,http://data.europa.eu/esco/skill/84251cb1-babf-4d17-a3cd-baa642c24c8d,knowledge,sector-specific,IBM Informix,"Informix Extended Parallel Server
Informix Advanced Workgroup Edition
Informix Workgroup Edition
Informix Enterprise Edition
Informix Dynamic Server
Informix Advanced Enterprise Edition
Informix Express Edition",,released,2024-02-09T17:29:12.215Z,,,"http://data.europa.eu/esco/concept-scheme/skills,
http://data.europa.eu/esco/concept-scheme/member-skills,
http://data.europa.eu/esco/concept-scheme/6c930acd-c104-4ece-acf7-f44fd7333036","The computer program IBM Informix is a tool for creating, updating and managing databases, developed by the software company IBM.",in_domain,linked to the selected IT occupations
KnowledgeSkillCompetence,http://data.europa.eu/esco/skill/84f583f4-f32a-4202-9b92-e25f0c978410,knowledge,sector-specific,core banking software,core banking application,"Avaloq
Globus
Olympic
Midas
Ibsy",released,2023-11-29T16:27:45.815Z,,,"http://data.europa.eu/esco/concept-scheme/skills,
http://data.europa.eu/esco/concept-scheme/member-skills,
http://data.europa.eu/esco/concept-scheme/6c930acd-c104-4ece-acf7-f44fd7333036","The selection of software for core banking activities management (e.g. deposits, payments, loans, bank transactions, customer data) and other functions related to banking.",in_domain,linked to the selected IT occupations
KnowledgeSkillCompetence,http://data.europa.eu/esco/skill/84f58e3d-8669-4d83-8c1d-5dd1e73a654f,skill/competence,sector-specific,create database diagrams,"create database blueprint
create database models",,released,2024-02-09T17:29:11.47Z,,,"http://data.europa.eu/esco/concept-scheme/skills,
http://data.europa.eu/esco/concept-scheme/member-skills,
http://data.europa.eu/esco/concept-scheme/6c930acd-c104-4ece-acf7-f44fd7333036",Develop the database design models and diagrams which establish the structure of a database by using modelling software tools to be implemented in further processes.,in_domain,linked to the selected IT occupations
KnowledgeSkillCompetence,http://data.europa.eu/esco/skill/85038d57-1fdd-40de-b908-2c005545a8c3,knowledge,sector-specific,SketchBook Pro,"Autodesk SketchBook Pro
SketchBook",,released,2024-02-09T17:29:12.952Z,,,"http://data.europa.eu/esco/concept-scheme/skills,
http://data.europa.eu/esco/concept-scheme/member-skills,
http://data.europa.eu/esco/concept-scheme/6c930acd-c104-4ece-acf7-f44fd7333036",The computer program SketchBook Pro is a graphical ICT tool which enables digital editing and composition of graphics to generate both 2D raster or 2D vector graphics. It is developed by the software company Autodesk.,in_domain,linked to the selected IT occupations
KnowledgeSkillCompetence,http://data.europa.eu/esco/skill/85616cc4-98bf-4355-9cf1-72ff11752848,skill/competence,occupation-specific,develop ICT device driver,"design ICT device driver
build ICT device driver",,released,2025-06-25T12:15:04.406Z,,,"http://data.europa.eu/esco/concept-scheme/skills,
http://data.europa.eu/esco/concept-scheme/member-skills,
http://data.europa.eu/esco/concept-scheme/6c930acd-c104-4ece-acf7-f44fd7333036",Create a software program that controls the working of an ICT device and its interaction with other applications.,in_domain,linked to the selected IT occupations
KnowledgeSkillCompetence,http://data.europa.eu/esco/skill/85c11255-469f-41bd-a6d1-382bc4a87783,skill/competence,sector-specific,interpret technical texts,interpret technical information,,released,2025-06-25T12:15:04.406Z,,,"http://data.europa.eu/esco/concept-scheme/skills,
http://data.europa.eu/esco/concept-scheme/member-skills","Read and understand technical texts that provide information on how to perform a task, usually explained in steps.",in_domain,linked to the selected IT occupations
KnowledgeSkillCompetence,http://data.europa.eu/esco/skill/85f46538-ae70-498a-bfbc-b8ddafe96c7d,knowledge,sector-specific,levels of software testing,software integration testing,,released,2025-06-25T08:20:05.218Z,,,"http://data.europa.eu/esco/concept-scheme/skills,
http://data.europa.eu/esco/concept-scheme/member-skills,
http://data.europa.eu/esco/concept-scheme/6c930acd-c104-4ece-acf7-f44fd7333036","The levels of testing in the software development process, such as unit testing, integration testing, system testing and acceptance testing.",in_domain,linked to the selected IT occupations
KnowledgeSkillCompetence,http://data.europa.eu/esco/skill/861313ba-3a1a-4d33-842a-1b8e45e2415b,skill/competence,sector-specific,manage ICT legacy implication,analyse legacy implication,,released,2024-02-09T17:29:13.7Z,,,"http://data.europa.eu/esco/concept-scheme/skills,
http://data.europa.eu/esco/concept-scheme/member-skills,
http://data.europa.eu/esco/concept-scheme/6c930acd-c104-4ece-acf7-f44fd7333036","Oversee the transfer process from a legacy (an outdated system) to a current system by mapping, interfacing, migrating, documenting and transforming data.",in_domain,linked to the selected IT occupations
KnowledgeSkillCompetence,http://data.europa.eu/esco/skill/861cc783-6d4c-442e-9081-3a6e389be454,skill/competence,sector-specific,install electronic communication equipment,set up electronic communication equipment,,released,2025-06-25T12:15:04.406Z,,,"http://data.europa.eu/esco/concept-scheme/skills,
http://data.europa.eu/esco/concept-scheme/member-skills,
http://data.europa.eu/esco/concept-scheme/6c930acd-c104-4ece-acf7-f44fd7333036",Set up and deploy digital and analogue electronic communications. Understand electronic diagrams and equipment specifications.,in_domain,linked to the selected IT occupations
KnowledgeSkillCompetence,http://data.europa.eu/esco/skill/867137fb-ff1b-4ca3-99f3-cb6969aa2c68,knowledge,sector-specific,TypeScript,TypeScript programming language,,released,2025-06-25T08:20:05.218Z,,,"http://data.europa.eu/esco/concept-scheme/skills,
http://data.europa.eu/esco/concept-scheme/member-skills,
http://data.europa.eu/esco/concept-scheme/6c930acd-c104-4ece-acf7-f44fd7333036","The techniques and principles of software development, such as analysis, algorithms, coding, testing and compiling of programming paradigms in TypeScript.",in_domain,linked to the selected IT occupations
KnowledgeSkillCompetence,http://data.europa.eu/esco/skill/8696aff0-18c0-4ba6-a4d0-9a21861b3e5e,knowledge,cross-sector,World Wide Web Consortium standards,W3C standards,,released,2024-02-09T17:29:14.494Z,,,"http://data.europa.eu/esco/concept-scheme/skills,
http://data.europa.eu/esco/concept-scheme/member-skills,
http://data.europa.eu/esco/concept-scheme/6c930acd-c104-4ece-acf7-f44fd7333036","The standards, technical specifications and guidelines developed by the international organisation World Wide Web Consortium (W3C) which allow the design and development of web applications.",in_domain,linked to the selected IT occupations
KnowledgeSkillCompetence,http://data.europa.eu/esco/skill/86d2e2ea-1ba2-4aa6-b465-8a1f9abc81b8,skill/competence,sector-specific,apply information security policies,"protect data
information security policy
comply with data protection regulations
ensure CIA
ensure confidentiality principles
secure data
protect information
apply data protection
data protection regulations
data security",,released,2024-02-09T17:29:13.7Z,,,"http://data.europa.eu/esco/concept-scheme/skills,
http://data.europa.eu/esco/concept-scheme/member-skills","Implement policies, methods and regulations for data and information security in order to respect confidentiality, integrity and availability principles.",in_domain,linked to the selected IT occupations
KnowledgeSkillCompetence,http://data.europa.eu/esco/skill/86f7126d-97fd-4da5-be96-d1cf6ecd54e6,knowledge,sector-specific,Microsoft Visio,"Visio 2013
MS Visio
Visio 2016
Microsoft Office Visio
Office Visio 2007
Office Visio 2003
Visio 2010
Visio 2000
Visio 2002",,released,2024-02-09T17:29:14.494Z,,,"http://data.europa.eu/esco/concept-scheme/skills,
http://data.europa.eu/esco/concept-scheme/member-skills,
http://data.europa.eu/esco/concept-scheme/6c930acd-c104-4ece-acf7-f44fd7333036",The computer program Microsoft Visio is a graphical ICT tool which enables digital editing and composition of graphics to generate both 2D raster or 2D vector graphics. It is developed by the software company Microsoft.,in_domain,linked to the selected IT occupations
KnowledgeSkillCompetence,http://data.europa.eu/esco/skill/872a1632-f1db-4feb-bb27-0a6a359b7591,skill/competence,cross-sector,promote open innovation in research,"encourage open innovation in research
promote integrated collaboration in research
boost open innovation in research
stimulate collaborative innovation in research
foster collaborative innovation in research",,released,2024-02-22T15:09:51.665Z,,,"http://data.europa.eu/esco/concept-scheme/skills,
http://data.europa.eu/esco/concept-scheme/member-skills,
http://data.europa.eu/esco/concept-scheme/research","Apply techniques, models, methods and strategies which contribute to the promotion of steps towards innovation through collaboration with people and organizations outside the organisation.",in_domain,linked to the selected IT occupations
KnowledgeSkillCompetence,http://data.europa.eu/esco/skill/8785ccda-6f9f-4cf3-9033-fda10653d0be,knowledge,sector-specific,JSSS,JavaScript Style Sheets,,released,2024-02-09T17:29:11.47Z,,,"http://data.europa.eu/esco/concept-scheme/skills,
http://data.europa.eu/esco/concept-scheme/member-skills,
http://data.europa.eu/esco/concept-scheme/6c930acd-c104-4ece-acf7-f44fd7333036","The computer language JSSS is a style sheet language that conveys the presentation of structured documents. These documents have to adhere to style sheets, a set of stylistic rules such as font, color and layout.",in_domain,linked to the selected IT occupations
KnowledgeSkillCompetence,http://data.europa.eu/esco/skill/897b393f-e7e0-4248-a40d-d77119694e83,knowledge,sector-specific,distributed computing,"parallel computing
grid computing
cluster computing",,released,2025-06-25T08:20:05.218Z,,,"http://data.europa.eu/esco/concept-scheme/skills,
http://data.europa.eu/esco/concept-scheme/member-skills,
http://data.europa.eu/esco/concept-scheme/6c930acd-c104-4ece-acf7-f44fd7333036",The software process in which computer components interact over a network and send messages to communicate on their actions.,in_domain,linked to the selected IT occupations
KnowledgeSkillCompetence,http://data.europa.eu/esco/skill/89f6560b-2194-45c9-9ece-d33049a73eef,knowledge,cross-sector,computer engineering,"science of computer engineering
computer software development
integration of hardware and software
software design
discipline of computer engineering
computer hardware development
engineering of computers
field of computer engineering",,released,2024-02-09T17:29:13.7Z,,,"http://data.europa.eu/esco/concept-scheme/skills,
http://data.europa.eu/esco/concept-scheme/member-skills,
http://data.europa.eu/esco/concept-scheme/6c930acd-c104-4ece-acf7-f44fd7333036","Engineering discipline that combines computer science with electrical engineering to develop computer hardware and software. Computer engineering occupies itself with electronics, software design, and the integration of hardware and software.",in_domain,linked to the selected IT occupations
KnowledgeSkillCompetence,http://data.europa.eu/esco/skill/8a16add0-6faa-4387-896c-ee641568d89f,knowledge,sector-specific,trigonometry,"triangle geometry
trigonometric functions",,released,2025-06-25T08:20:05.218Z,,,"http://data.europa.eu/esco/concept-scheme/skills,
http://data.europa.eu/esco/concept-scheme/member-skills",The subdiscipline of mathematics which explores relationships among angles and lengths of triangles.,in_domain,linked to the selected IT occupations
KnowledgeSkillCompetence,http://data.europa.eu/esco/skill/8a30eb28-eca0-4ab6-8c05-32c47d3e0dd6,knowledge,sector-specific,BlackArch,BlackArch testing tool,,released,2025-06-25T08:20:05.218Z,,,"http://data.europa.eu/esco/concept-scheme/skills,
http://data.europa.eu/esco/concept-scheme/member-skills,
http://data.europa.eu/esco/concept-scheme/6c930acd-c104-4ece-acf7-f44fd7333036",The BlackArch Linux distribution is a penetration testing tool which tests security weaknesses of the system for potentially unauthorised access to system information.,in_domain,linked to the selected IT occupations
KnowledgeSkillCompetence,http://data.europa.eu/esco/skill/8b0f73ff-d36b-4196-bb83-464c3a6ef07d,knowledge,cross-sector,game theory,"conflict resolution theory
game theory for blockchain
rational choice theory
interactive decision theory",,released,2023-10-26T16:28:01.128Z,,,"http://data.europa.eu/esco/concept-scheme/skills,
http://data.europa.eu/esco/concept-scheme/member-skills","The study of mathematical models of strategic decisions among stakeholders. It has applications in all fields of social science, as well as in systems science, computer science and logic. Essential concepts are the Nash Equilibrium and the Prisoner's Dilemma.",in_domain,linked to the selected IT occupations
KnowledgeSkillCompetence,http://data.europa.eu/esco/skill/8b94aa1e-89c9-459d-b3b4-1dfab8dec2df,skill/competence,sector-specific,use software libraries,utilise software libraries,,released,2024-02-09T17:29:15.968Z,,,"http://data.europa.eu/esco/concept-scheme/skills,
http://data.europa.eu/esco/concept-scheme/member-skills,
http://data.europa.eu/esco/concept-scheme/6c930acd-c104-4ece-acf7-f44fd7333036",Utilise collections of codes and software packages which capture frequently used routines to help programmers simplify their work.,in_domain,linked to the selected IT occupations
KnowledgeSkillCompetence,http://data.europa.eu/esco/skill/8c4c49d4-9708-433f-8ca7-bf2c5211ee49,skill/competence,cross-sector,develop creative ideas,"produce creative ideas
generate creative ideas
developing creative ideas
create creative ideas",,released,2024-02-09T17:29:11.47Z,,,"http://data.europa.eu/esco/concept-scheme/skills,
http://data.europa.eu/esco/concept-scheme/member-skills",Developing new artistic concepts and creative ideas.,in_domain,linked to the selected IT occupations
KnowledgeSkillCompetence,http://data.europa.eu/esco/skill/8c88d336-c249-4537-b26e-d679a85c4b9b,knowledge,sector-specific,Ajax Framework,"Ajax Framework features
Ajax Framework features for web applications development
Ajax framework for web applications development
Ajax Framework components
AJAX Development Environments
AJAX Framework for Web Application Development
Ajax framework features for web applications development
Ajax software development environments
Ajax framework components
Ajax framework features
AJAX Framework Features for Web Development
Ajax Framework for web applications development",,released,2025-06-25T08:20:05.218Z,,,"http://data.europa.eu/esco/concept-scheme/skills,
http://data.europa.eu/esco/concept-scheme/member-skills,
http://data.europa.eu/esco/concept-scheme/6c930acd-c104-4ece-acf7-f44fd7333036",The Ajax software development environments which provide specific features and components that support and guide web applications development.,in_domain,linked to the selected IT occupations
KnowledgeSkillCompetence,http://data.europa.eu/esco/skill/8d4271ca-c9fd-40b3-875f-15f78332a49e,knowledge,cross-sector,quality standards,quality standards for products,,released,2025-06-25T08:20:05.218Z,,,"http://data.europa.eu/esco/concept-scheme/skills,
http://data.europa.eu/esco/concept-scheme/member-skills","The national and international requirements, specifications and guidelines to ensure that products, services and processes are of good quality and fit for purpose.",in_domain,linked to the selected IT occupations
KnowledgeSkillCompetence,http://data.europa.eu/esco/skill/8dcbcabe-09f7-4d11-940d-125af57bbc40,skill/competence,cross-sector,track key performance indicators,"undertake key performance indicators
complete key performance indicators
implement key performance indicators
track a key performance indicator
tracking a key performance indicator
tracking key performance indicators",,released,2024-02-09T17:29:16.725Z,,,"http://data.europa.eu/esco/concept-scheme/skills,
http://data.europa.eu/esco/concept-scheme/member-skills","Identify the quantifiable measures that a company or industry uses to gauge or compare performance in terms of meeting their operational and strategic goals, using preset performance indicators.",in_domain,linked to the selected IT occupations
KnowledgeSkillCompetence,http://data.europa.eu/esco/skill/8efa6a7a-6556-4cb8-908d-59d3b5c58d2f,knowledge,sector-specific,cloud monitoring and reporting,"cloud monitoring
cloud computing monitoring and reporting
cloud reporting",,released,2022-07-05T14:37:59.932Z,,,"http://data.europa.eu/esco/concept-scheme/skills,
http://data.europa.eu/esco/concept-scheme/member-skills,
http://data.europa.eu/esco/concept-scheme/6c930acd-c104-4ece-acf7-f44fd7333036","The metrics and alarms utilizing cloud monitoring services, in particular performance and availability metrics.",in_domain,linked to the selected IT occupations
KnowledgeSkillCompetence,http://data.europa.eu/esco/skill/8f6ed69b-29d0-4c01-81ba-f05920a185f3,knowledge,occupation-specific,digital curation,digital research curation,,released,2023-11-29T16:25:12.512Z,,,"http://data.europa.eu/esco/concept-scheme/skills,
http://data.europa.eu/esco/concept-scheme/member-skills,
http://data.europa.eu/esco/concept-scheme/6c930acd-c104-4ece-acf7-f44fd7333036","The field that deals with maintaining, preserving and adding value to digital research.",in_domain,linked to the selected IT occupations
KnowledgeSkillCompetence,http://data.europa.eu/esco/skill/8fa510d0-a8a6-4932-a361-00f8442cfe23,knowledge,sector-specific,Wireshark,Wireshark tool,,released,2025-06-25T08:20:05.218Z,,,"http://data.europa.eu/esco/concept-scheme/skills,
http://data.europa.eu/esco/concept-scheme/member-skills,
http://data.europa.eu/esco/concept-scheme/6c930acd-c104-4ece-acf7-f44fd7333036","The Wireshark tool is a penetration testing tool which evaluates security weaknesses, analysing network protocols through deep protocol inspection, live capture, display filters, offline analysis, VoIP analysis, protocol decryption.",in_domain,linked to the selected IT occupations
KnowledgeSkillCompetence,http://data.europa.eu/esco/skill/8fa840f7-e66a-4370-8e6d-7d554260c31c,skill/competence,sector-specific,forecast future ICT network needs,"foresee future ICT network demands
estimate future ICT network needs",,released,2025-06-25T12:15:04.406Z,,,"http://data.europa.eu/esco/concept-scheme/skills,
http://data.europa.eu/esco/concept-scheme/member-skills,
http://data.europa.eu/esco/concept-scheme/6c930acd-c104-4ece-acf7-f44fd7333036",Identify current data traffic and estimate how growth will affect the ICT network.,in_domain,linked to the selected IT occupations
KnowledgeSkillCompetence,http://data.europa.eu/esco/skill/8ff015a0-98ea-4d80-a23e-1f68110a919e,knowledge,sector-specific,software design methodologies,"software design approaches
software design techniques",,released,2025-06-25T08:20:05.218Z,,,"http://data.europa.eu/esco/concept-scheme/skills,
http://data.europa.eu/esco/concept-scheme/member-skills,
http://data.europa.eu/esco/concept-scheme/6c930acd-c104-4ece-acf7-f44fd7333036","The methodologies such as Scrum, V-model and Waterfall to design software systems and applications.",in_domain,linked to the selected IT occupations
KnowledgeSkillCompetence,http://data.europa.eu/esco/skill/901105f8-3a08-453e-b1dc-23619e317fd3,skill/competence,cross-sector,create flowchart diagram,"generate flow chart
develop flow diagram
design flow diagram
compose flow diagram
develop flow chart
build flow diagram
design flow chart
build flowchart
compose flow chart
generate flow diagram",,released,2025-06-25T12:15:04.406Z,,,"http://data.europa.eu/esco/concept-scheme/skills,
http://data.europa.eu/esco/concept-scheme/member-skills",Compose a diagram that illustrates systematic progress through a procedure or system using connecting lines and a set of symbols.,in_domain,linked to the selected IT occupations
KnowledgeSkillCompetence,http://data.europa.eu/esco/skill/902fb91c-3113-4004-9b4f-79aa86b638b7,knowledge,sector-specific,web application security threats,"open web application security project
OWASP",,released,2024-02-09T17:29:14.494Z,,,"http://data.europa.eu/esco/concept-scheme/skills,
http://data.europa.eu/esco/concept-scheme/member-skills,
http://data.europa.eu/esco/concept-scheme/6c930acd-c104-4ece-acf7-f44fd7333036","The attacks, vectors, emergent threats on websites, web applications and web services, the rankings of their severity identified by dedicated communities such as OWASP.",in_domain,linked to the selected IT occupations
KnowledgeSkillCompetence,http://data.europa.eu/esco/skill/906323f4-00c4-4c3b-ab5a-8af77be3456e,skill/competence,cross-sector,create data sets,"data set creation
establish data sets
create a data set
produce data sets
design data sets
develop data sets
creating data sets",,released,2024-02-09T17:29:16.725Z,,,"http://data.europa.eu/esco/concept-scheme/skills,
http://data.europa.eu/esco/concept-scheme/member-skills,
http://data.europa.eu/esco/concept-scheme/6c930acd-c104-4ece-acf7-f44fd7333036",Generate a collection of new or existing related data sets that are made up out of separate elements but can be manipulated as one unit.,in_domain,linked to the selected IT occupations
KnowledgeSkillCompetence,http://data.europa.eu/esco/skill/909a28ce-d4b6-4567-9b74-d111f1ed9633,skill/competence,sector-specific,maintain plan for continuity of operations,maintain a systematic plan of methods for business continuity,,released,2025-06-25T08:45:06.159Z,,,"http://data.europa.eu/esco/concept-scheme/skills,
http://data.europa.eu/esco/concept-scheme/member-skills","Update methodology which contains steps to ensure that facilities of an organisation are able to continue operating, in case of broad range of unforeseen events.",in_domain,linked to the selected IT occupations
KnowledgeSkillCompetence,http://data.europa.eu/esco/skill/90be83d9-56f1-46a4-a6bc-96c51f6c9025,skill/competence,sector-specific,acquire system component,"procure system component
obtain system component",,released,2025-06-25T12:15:04.406Z,,,"http://data.europa.eu/esco/concept-scheme/skills,
http://data.europa.eu/esco/concept-scheme/member-skills,
http://data.europa.eu/esco/concept-scheme/6c930acd-c104-4ece-acf7-f44fd7333036","Obtain hardware, software or network components which match other system components in order to expand it and perform necessary tasks.",in_domain,linked to the selected IT occupations
KnowledgeSkillCompetence,http://data.europa.eu/esco/skill/9136cbf1-7916-4f1c-bc9a-0318ee1d6016,knowledge,sector-specific,human-computer interaction,HCI,,released,2024-02-09T17:29:09.009Z,,,"http://data.europa.eu/esco/concept-scheme/skills,
http://data.europa.eu/esco/concept-scheme/member-skills,
http://data.europa.eu/esco/concept-scheme/6c930acd-c104-4ece-acf7-f44fd7333036",The study of the behaviour and interaction between digital devices and human beings.,in_domain,linked to the selected IT occupations
KnowledgeSkillCompetence,http://data.europa.eu/esco/skill/913e7e83-b8f8-4574-b1ca-1b38f3fd974a,skill/competence,sector-specific,execute software tests,"test application
test programs",,released,2024-02-09T17:29:12.215Z,,,"http://data.europa.eu/esco/concept-scheme/skills,
http://data.europa.eu/esco/concept-scheme/member-skills,
http://data.europa.eu/esco/concept-scheme/6c930acd-c104-4ece-acf7-f44fd7333036","Perform tests to ensure that a software product will perform flawlessly under the specified customer requirements and identify software defects (bugs) and malfunctions, using specialised software tools and testing techniques.",in_domain,linked to the selected IT occupations
KnowledgeSkillCompetence,http://data.europa.eu/esco/skill/9190d87f-9792-42e0-bb7f-64294a656bcd,skill/competence,sector-specific,monitor system performance,system logging,,released,2024-02-09T17:29:09.009Z,,,"http://data.europa.eu/esco/concept-scheme/skills,
http://data.europa.eu/esco/concept-scheme/member-skills,
http://data.europa.eu/esco/concept-scheme/6c930acd-c104-4ece-acf7-f44fd7333036","Measure system reliability and performance before, during and after component integration and during system operation and maintenance. Select and use performance monitoring tools and techniques, such as special software.",in_domain,linked to the selected IT occupations
KnowledgeSkillCompetence,http://data.europa.eu/esco/skill/925463a7-d51f-4d5b-9f79-4d28cf30acde,knowledge,sector-specific,integrated development environment software,"Zeus IDE
Borland C++ Builder
CodeForge
Dev-C++
DialogBlocks
CodeLite
Anjuta
Philasmicos Entwickler Studio
SPE
NetBeans
MinGW Developer Studio
wxHatch
IDE
Code::Blocks","Zeus IDE
Dev-C++
NetBeans
Android Studio
CodeLite
RStudio
Visual Studio Code
IntelliJ IDEA
Anjuta
wxHatch
LabVIEW
Code::Blocks
Borland C++ Builder
SPE
CodeForge
Philasmicos Entwickler Studio
VisualWX
DialogBlocks
MinGW Developer Studio",released,2025-02-27T12:45:08.961Z,,,"http://data.europa.eu/esco/concept-scheme/skills,
http://data.europa.eu/esco/concept-scheme/member-skills,
http://data.europa.eu/esco/concept-scheme/6c930acd-c104-4ece-acf7-f44fd7333036","The suite of software development tools for writing programs, such as compiler, debugger, code editor, code highlights, packaged in a unified user interface, such as Visual Studio or Eclipse.",in_domain,linked to the selected IT occupations
KnowledgeSkillCompetence,http://data.europa.eu/esco/skill/92721092-fe7c-4689-96bd-4f02385bc0e7,skill/competence,cross-sector,manage contracts,"supervise manage contracts
managing a contract
regulate manage contracts
oversee manage contracts
manage a contract
maintain manage contracts
contract management",,released,2024-02-09T17:29:14.494Z,,,"http://data.europa.eu/esco/concept-scheme/skills,
http://data.europa.eu/esco/concept-scheme/member-skills","Negotiate the terms, conditions, costs and other specifications of a contract while making sure they comply with legal requirements and are legally enforceable. Oversee the execution of the contract, agree on and document any changes in line with any legal limitations.",in_domain,linked to the selected IT occupations
KnowledgeSkillCompetence,http://data.europa.eu/esco/skill/93aaf65c-5aad-4e6f-a7ba-ce9bf7c0e6e6,knowledge,sector-specific,information categorisation,"design of information structures
information classification",,released,2025-06-25T08:20:05.218Z,,,"http://data.europa.eu/esco/concept-scheme/skills,
http://data.europa.eu/esco/concept-scheme/member-skills,
http://data.europa.eu/esco/concept-scheme/6c930acd-c104-4ece-acf7-f44fd7333036",The process of classifying the information into categories and showing relationships between the data for some clearly defined purposes.,in_domain,linked to the selected IT occupations
KnowledgeSkillCompetence,http://data.europa.eu/esco/skill/93b22bbf-ece1-4e2d-8d47-0c9392c5a4fd,skill/competence,cross-sector,develop blockchain technology,"incorporate blockchain technology
integrate blockchain technology",,released,2023-11-29T16:35:35.896Z,,,"http://data.europa.eu/esco/concept-scheme/skills,
http://data.europa.eu/esco/concept-scheme/member-skills,
http://data.europa.eu/esco/concept-scheme/6c930acd-c104-4ece-acf7-f44fd7333036","Develop and integrate blockchain technology in new or existing ICT infrastructures, and understand the key challenges and solution approaches to this integration.",in_domain,linked to the selected IT occupations
KnowledgeSkillCompetence,http://data.europa.eu/esco/skill/93e65de1-923c-437e-aa5b-e6002967ce71,knowledge,sector-specific,web based collaborative platforms,"digital collaboration tools
online collaborative tools",Microsoft SharePoint Server,released,2023-11-29T16:30:21.845Z,,,"http://data.europa.eu/esco/concept-scheme/skills,
http://data.europa.eu/esco/concept-scheme/member-skills,
http://data.europa.eu/esco/concept-scheme/6c930acd-c104-4ece-acf7-f44fd7333036",Online tools which facilitate communication and collaboration among Internet users in real time. Platforms with a range of functionalities created to facilitate organisational team work or promote productive workflow among other features.,in_domain,linked to the selected IT occupations
KnowledgeSkillCompetence,http://data.europa.eu/esco/skill/946c1229-1171-40d4-82cc-fe3f483ca100,skill/competence,cross-sector,perform escalation procedure,"implement escalation procedure
undertake escalation procedure
complete escalation procedure
performing escalation procedure
perform an escalation procedure
perform escalation procedures",,released,2024-02-09T17:29:13.7Z,,,"http://data.europa.eu/esco/concept-scheme/skills,
http://data.europa.eu/esco/concept-scheme/member-skills","Assess situations in which a solution cannot be provided right away, and ensure that it is brought to the next levels of support.",in_domain,linked to the selected IT occupations
KnowledgeSkillCompetence,http://data.europa.eu/esco/skill/94b2c46e-6338-4a1d-950a-d44eef018c53,skill/competence,cross-sector,collaborate with engineers,"cooperate with engineers
collude with engineers
engage with engineers
interface with engineers
interface with servicing operatives
engage with servicing operatives
collude with servicing operatives
cooperate with servicing operatives",,released,2024-02-09T17:29:12.215Z,,,"http://data.europa.eu/esco/concept-scheme/skills,
http://data.europa.eu/esco/concept-scheme/member-skills",Work closely and communicate with engineers on designs or new products.,in_domain,linked to the selected IT occupations
KnowledgeSkillCompetence,http://data.europa.eu/esco/skill/94dd823c-148e-4614-a6e8-99249b16357d,knowledge,sector-specific,ICT project management,management of IT related projects,,released,2025-06-25T08:20:05.218Z,,,"http://data.europa.eu/esco/concept-scheme/skills,
http://data.europa.eu/esco/concept-scheme/member-skills,
http://data.europa.eu/esco/concept-scheme/6c930acd-c104-4ece-acf7-f44fd7333036","The methodologies for the planning, implementation, review and follow-up of ICT projects, such as the development, integration, modification and sales of ICT products and services, as well as projects relating technological innovation in the field of ICT.",in_domain,linked to the selected IT occupations
KnowledgeSkillCompetence,http://data.europa.eu/esco/skill/9531fe02-1e1f-4a36-95f7-a76a77cd4b8d,skill/competence,sector-specific,consult with business clients,"consult with clients of business
consulting with business clients
communicate with business clients
obtain feedback from business clients",,released,2024-02-09T17:29:13.7Z,,,"http://data.europa.eu/esco/concept-scheme/skills,
http://data.europa.eu/esco/concept-scheme/member-skills","Communicate with clients of a business or business project in order to introduce new ideas, obtain feedback, and find solutions to problems.",in_domain,linked to the selected IT occupations
KnowledgeSkillCompetence,http://data.europa.eu/esco/skill/96eb286a-58b7-45ff-a916-5578d0b79b8c,knowledge,sector-specific,Rapid application development,"Rapid application development model
Rapid application development methodology",,released,2025-06-25T08:20:05.218Z,,,"http://data.europa.eu/esco/concept-scheme/skills,
http://data.europa.eu/esco/concept-scheme/member-skills,
http://data.europa.eu/esco/concept-scheme/6c930acd-c104-4ece-acf7-f44fd7333036",The rapid application development model is a methodology to design software systems and applications.,in_domain,linked to the selected IT occupations
KnowledgeSkillCompetence,http://data.europa.eu/esco/skill/9707091a-323b-4240-877a-5999a19286f0,skill/competence,sector-specific,apply ICT system usage policies,"administer ICT system usage policies
implement ICT system usage policies
handle ICT system usage policies
follow written laws for ICT system usage
follow ethical standards for ICT system usage",,released,2025-06-25T12:15:04.406Z,,,"http://data.europa.eu/esco/concept-scheme/skills,
http://data.europa.eu/esco/concept-scheme/member-skills,
http://data.europa.eu/esco/concept-scheme/6c930acd-c104-4ece-acf7-f44fd7333036",Follow written and ethical laws and policies regarding proper ICT system usage and administration.,in_domain,linked to the selected IT occupations
KnowledgeSkillCompetence,http://data.europa.eu/esco/skill/9714735d-6f60-440b-bdbc-aaf45ebcbe78,skill/competence,cross-sector,analyse the context of an organisation,"analyse context of a business
analyze the context of an organization
assess the context of an organisation",,released,2024-02-29T17:15:04.783Z,,,"http://data.europa.eu/esco/concept-scheme/skills,
http://data.europa.eu/esco/concept-scheme/member-skills",Study the external and internal environment of an organisation by identifying its strengths and weaknesses in order to provide a base for company strategies and further planning.,in_domain,linked to the selected IT occupations
KnowledgeSkillCompetence,http://data.europa.eu/esco/skill/976455eb-5bbe-4493-ae64-ed16c3b009ea,knowledge,sector-specific,mobile operating systems,"Firefox OS
Sailfish OS
Ubuntu Touch OS
Tizen
cell phone operating systems","Firefox OS
Sailfish OS
Tizen
Ubuntu Touch OS",released,2022-07-05T14:34:33.959Z,,,"http://data.europa.eu/esco/concept-scheme/skills,
http://data.europa.eu/esco/concept-scheme/member-skills,
http://data.europa.eu/esco/concept-scheme/6c930acd-c104-4ece-acf7-f44fd7333036","The features, restrictions, architectures and other characteristics of operating systems designed to run on mobile devices, such as Android or iOS.",in_domain,linked to the selected IT occupations
KnowledgeSkillCompetence,http://data.europa.eu/esco/skill/979cf728-896f-4f2c-8fa8-2698ca0d4930,skill/competence,cross-sector,publish academic research,"publishes academic research
publish doctoral research
publishing academic research
publish research
publish academic studies",,released,2024-02-09T17:29:09.851Z,,,"http://data.europa.eu/esco/concept-scheme/skills,
http://data.europa.eu/esco/concept-scheme/member-skills,
http://data.europa.eu/esco/concept-scheme/research","Conduct academic research, in universities and research institutions, or on a personal account, publish it in books or academic journals with the aim of contributing to a field of expertise and achieving personal academic accreditation.",in_domain,linked to the selected IT occupations
KnowledgeSkillCompetence,http://data.europa.eu/esco/skill/97bd1c21-66b2-4b7e-ad0f-e3cda590e378,knowledge,cross-sector,data analytics,data anlysis,,released,2024-02-15T17:28:13.792Z,,,"http://data.europa.eu/esco/concept-scheme/skills,
http://data.europa.eu/esco/concept-scheme/member-skills,
http://data.europa.eu/esco/concept-scheme/6c930acd-c104-4ece-acf7-f44fd7333036",The science of analysing and making decisions based on raw data collected from various sources. Includes knowledge of techniques using algorithms that derive insights or trends from that data to support decision-making processes.,in_domain,linked to the selected IT occupations
KnowledgeSkillCompetence,http://data.europa.eu/esco/skill/98301d4a-2cc3-439d-8d7f-0b6ac76302bb,knowledge,sector-specific,business process modelling,"process modelling
BPMN
business process modeling",,released,2016-08-04T15:19:18Z,,,"http://data.europa.eu/esco/concept-scheme/skills,
http://data.europa.eu/esco/concept-scheme/member-skills","The tools, methods and notations such as Business Process Model and Notation (BPMN) and Business Process Execution Language (BPEL), used to describe and analyse the characteristics of a business process and model its further development.",in_domain,linked to the selected IT occupations
KnowledgeSkillCompetence,http://data.europa.eu/esco/skill/9889b795-d755-41b2-8afd-2e3c87a65a38,skill/competence,cross-sector,use customer relationship management software,"use a customer relationship management software programme
apply customer relationship management software
adopt customer relationship management software
use of customer relationship management software
using customer relationship management software
handle customer relationship management software
operate customer relationship management software",,released,2024-02-09T17:29:10.678Z,,,"http://data.europa.eu/esco/concept-scheme/skills,
http://data.europa.eu/esco/concept-scheme/member-skills,
http://data.europa.eu/esco/concept-scheme/6c930acd-c104-4ece-acf7-f44fd7333036","Use specialised software to manage company’s interactions with current and future customers. Organise, automate and synchronise sales, marketing, customer service, and technical support, to increase targeted sales.",in_domain,linked to the selected IT occupations
KnowledgeSkillCompetence,http://data.europa.eu/esco/skill/988f4ac3-a37c-4b0a-a40f-4e0e56b5919e,skill/competence,cross-sector,promote the transfer of knowledge,"valorise research findings in industry
valorise research findings in the public sector
ensure connection between research and industry",,released,2020-12-11T12:42:30.498Z,,,"http://data.europa.eu/esco/concept-scheme/skills,
http://data.europa.eu/esco/concept-scheme/member-skills,
http://data.europa.eu/esco/concept-scheme/research","Deploy broad awareness of processes of knowledge valorisation aimed to maximise the two–way flow of technology, intellectual property, expertise and capability between the research base and industry or the public sector.",in_domain,linked to the selected IT occupations
KnowledgeSkillCompetence,http://data.europa.eu/esco/skill/98a1dec3-8138-4f46-a596-5e2a83b884b9,knowledge,sector-specific,business analytics,business data analytics,,released,2023-10-30T09:05:55.056Z,,,"http://data.europa.eu/esco/concept-scheme/skills,
http://data.europa.eu/esco/concept-scheme/member-skills,
http://data.europa.eu/esco/concept-scheme/6c930acd-c104-4ece-acf7-f44fd7333036",The disciplines and technologies for solving business problems through employing quantitative methods such as data analysis and statistical models.,in_domain,linked to the selected IT occupations
KnowledgeSkillCompetence,http://data.europa.eu/esco/skill/99207709-d076-4cce-ba38-e90d3bb28806,knowledge,sector-specific,resource description framework query language,"RDF query language
SPARQL",,released,2024-02-09T17:29:15.235Z,,,"http://data.europa.eu/esco/concept-scheme/skills,
http://data.europa.eu/esco/concept-scheme/member-skills,
http://data.europa.eu/esco/concept-scheme/6c930acd-c104-4ece-acf7-f44fd7333036",The query languages such as SPARQL which are used to retrieve and manipulate data stored in Resource Description Framework format (RDF).,in_domain,linked to the selected IT occupations
KnowledgeSkillCompetence,http://data.europa.eu/esco/skill/993b1e23-f2de-4bd8-b33f-f86dde1c8e9d,knowledge,sector-specific,CoffeeScript,"CoffeeScript coding techniques
CoffeeScript software development techniques
CoffeeScript programming paradigms
CoffeeScript software development principles
CoffeeScript algorithms",,released,2025-06-25T08:20:05.218Z,,,"http://data.europa.eu/esco/concept-scheme/skills,
http://data.europa.eu/esco/concept-scheme/member-skills,
http://data.europa.eu/esco/concept-scheme/6c930acd-c104-4ece-acf7-f44fd7333036","The techniques and principles of software development, such as analysis, algorithms, coding, testing and compiling of programming paradigms in CoffeeScript.",in_domain,linked to the selected IT occupations
KnowledgeSkillCompetence,http://data.europa.eu/esco/skill/9973a5a2-7822-4161-99e9-95c781eb63f8,knowledge,sector-specific,Objective-C,Objective C,"ObjC
Objective C
Objective-C 2.0
ObjectiveC
Obj-c
Smalltalk and C
Objective C plus plus
Objc
Objective c
Objective-c
C and Smalltalk
Obj C
Object C
Objective-C++",released,2023-06-09T15:53:11.999Z,,,"http://data.europa.eu/esco/concept-scheme/skills,
http://data.europa.eu/esco/concept-scheme/member-skills,
http://data.europa.eu/esco/concept-scheme/6c930acd-c104-4ece-acf7-f44fd7333036","The techniques and principles of software development, such as analysis, algorithms, coding, testing and compiling of programming paradigms in Objective-C.",in_domain,linked to the selected IT occupations
KnowledgeSkillCompetence,http://data.europa.eu/esco/skill/99c4c69a-025c-464f-adda-874c7f107a31,skill/competence,cross-sector,engage with stakeholders,"achieve shared understandings with stakeholders
undertake stakeholders engagement processes
use processes for negotiated agreements with stakeholders
build partnerships with stakeholders
negotiate agreements with stakeholders",,released,2024-02-26T08:32:59.085Z,,,"http://data.europa.eu/esco/concept-scheme/skills,
http://data.europa.eu/esco/concept-scheme/member-skills","Use a variety of processes that result in mutually negotiated agreements, shared understandings and consensus building. Build partnerships within the work context.",in_domain,linked to the selected IT occupations
KnowledgeSkillCompetence,http://data.europa.eu/esco/skill/9a58cd26-58eb-4a1c-b1b6-64037fe9cfa1,skill/competence,cross-sector,think abstractly,"thinking in abstractions
thinking in abstract concepts
conceptualise reality
carry out abstraction of concepts
conceptualise abstract ideas",,released,2024-02-26T16:23:39.49Z,,,"http://data.europa.eu/esco/concept-scheme/skills,
http://data.europa.eu/esco/concept-scheme/member-skills,
http://data.europa.eu/esco/concept-scheme/research","Demonstrate the ability to use concepts in order to make and understand generalisations, and relate or connect them to other items, events, or experiences.",in_domain,linked to the selected IT occupations
KnowledgeSkillCompetence,http://data.europa.eu/esco/skill/9b9de2a4-d8af-4a7b-933a-a8334ae60067,knowledge,sector-specific,JavaScript Framework,,"JQuery
React
Vue.js
Angular",released,2025-02-27T12:45:08.961Z,,,"http://data.europa.eu/esco/concept-scheme/skills,
http://data.europa.eu/esco/concept-scheme/member-skills,
http://data.europa.eu/esco/concept-scheme/6c930acd-c104-4ece-acf7-f44fd7333036","The JavaScript software development environments which provide specific features and components ( such as HTML generation tools, Canvas support or Visual design) that support and guide JavaScript web applications development.",in_domain,linked to the selected IT occupations
KnowledgeSkillCompetence,http://data.europa.eu/esco/skill/9ba8fd27-275d-4bad-8c48-f668aa99a578,skill/competence,sector-specific,balance database resources,stabilise database resources,,released,2025-06-25T12:15:04.406Z,,,"http://data.europa.eu/esco/concept-scheme/skills,
http://data.europa.eu/esco/concept-scheme/member-skills,
http://data.europa.eu/esco/concept-scheme/6c930acd-c104-4ece-acf7-f44fd7333036","Stabilise the workload and resources of a database, by controlling the demand of transactions, allocating disk spaces and ensuring reliability of the servers in order to optimise cost and risk ratio.",in_domain,linked to the selected IT occupations
KnowledgeSkillCompetence,http://data.europa.eu/esco/skill/9bb7a97a-1a16-431e-8ea6-ad0f9f59aa0a,knowledge,occupation-specific,control objectives for information and related technology,COBIT,,released,2024-02-09T17:29:09.851Z,,,"http://data.europa.eu/esco/concept-scheme/skills,
http://data.europa.eu/esco/concept-scheme/member-skills,
http://data.europa.eu/esco/concept-scheme/6c930acd-c104-4ece-acf7-f44fd7333036","The risk and controls framework such as Control Objectives for Information and Related Technology (COBIT), which supports decision makers to resolve the gap between business risks, requirements and technical issues.",in_domain,linked to the selected IT occupations
KnowledgeSkillCompetence,http://data.europa.eu/esco/skill/9ce670ec-318c-4a91-9179-03437db728dc,knowledge,sector-specific,ICT software specifications,"ICT system specifications
specify use of ICT software
ICT software specification
ICT programme specifications
ICT application specifications
ICT software specifying",,released,2024-02-09T17:29:09.851Z,,,"http://data.europa.eu/esco/concept-scheme/skills,
http://data.europa.eu/esco/concept-scheme/member-skills,
http://data.europa.eu/esco/concept-scheme/6c930acd-c104-4ece-acf7-f44fd7333036","The characteristics, use and operations of various software products such as computer programmes and application software.",in_domain,linked to the selected IT occupations
KnowledgeSkillCompetence,http://data.europa.eu/esco/skill/9cf681c7-89ec-470c-b651-7fe03786f586,knowledge,sector-specific,query languages,"DMX
SuprTool
OttoQL
XPath
QUEL
ISBL
.QL
F-logic
SPL
FQL
OPath
MQL
Poliqarp
HTSQL
YQL
Gellish
XSPARQL
Concept-Oriented
TMQL
RDQL
OCL
OQL
CQLF
ReQL
Datalog","DMX
RDQL
XPath
OttoQL
ISBL
Gellish
OQL
MQL
YQL
Poliqarp
.QL
Datalog
F-logic
XSPARQL
CQLF
OCL
ReQL
SPL
QUEL
OPath
TMQL
SuprTool
HTSQL
Concept-Oriented
FQL",released,2025-02-27T12:45:08.961Z,,,"http://data.europa.eu/esco/concept-scheme/skills,
http://data.europa.eu/esco/concept-scheme/member-skills,
http://data.europa.eu/esco/concept-scheme/6c930acd-c104-4ece-acf7-f44fd7333036",The field of standardised computer languages for retrieval of information from a database and of documents containing the needed information.,in_domain,linked to the selected IT occupations
KnowledgeSkillCompetence,http://data.europa.eu/esco/skill/9d1b08b3-ba1e-41f6-a466-1ac1e62eb5f0,skill/competence,sector-specific,conduct ICT code review,perform code reviews,,released,2025-06-25T12:15:04.406Z,,,"http://data.europa.eu/esco/concept-scheme/skills,
http://data.europa.eu/esco/concept-scheme/member-skills,
http://data.europa.eu/esco/concept-scheme/6c930acd-c104-4ece-acf7-f44fd7333036",Examine and review systematically computer source code to identify errors in any stage of development and to improve the overall software quality.,in_domain,linked to the selected IT occupations
KnowledgeSkillCompetence,http://data.europa.eu/esco/skill/9d2e926f-53d9-41f5-98f3-19dfaa687f3f,knowledge,sector-specific,tools for software configuration management,"tools for software version control
Rudder
NOC
OCS Inventory NG with GLPI
Bcfg2
Rundeck
Synctool
SmartFrog
CFEngine
Local ConFiGuration system
source control
Radmind
cdist
Quattor
ISconf
revision control
NixOS
git
PIKT
software tools for version control
Open pc server integration","Rudder
Bcfg2
Rundeck
Synctool
Local ConFiGuration system
Radmind
cdist
OCS Inventory NG with GLPI
PIKT
Open pc server integration
NOC
NixOS
SmartFrog
Quattor
CFEngine
git
ISconf",released,2024-02-09T17:29:09.009Z,,,"http://data.europa.eu/esco/concept-scheme/skills,
http://data.europa.eu/esco/concept-scheme/member-skills,
http://data.europa.eu/esco/concept-scheme/6c930acd-c104-4ece-acf7-f44fd7333036","The software programs to perform configuration identification, control, status accounting and audit, such as CVS, ClearCase, Subversion, GIT and TortoiseSVN perform this management.",in_domain,linked to the selected IT occupations
KnowledgeSkillCompetence,http://data.europa.eu/esco/skill/9d2f77af-4307-4ac5-bc50-a9980cec7e83,skill/competence,occupation-specific,develop reporting software,"create reporting software
design reporting software",,released,2025-06-25T12:15:04.406Z,,,"http://data.europa.eu/esco/concept-scheme/skills,
http://data.europa.eu/esco/concept-scheme/member-skills,
http://data.europa.eu/esco/concept-scheme/6c930acd-c104-4ece-acf7-f44fd7333036",Create reporting software and applications used for creating reports on data.,in_domain,linked to the selected IT occupations
KnowledgeSkillCompetence,http://data.europa.eu/esco/skill/9e06bac6-6b91-48ca-8b7d-c1f48cdecd7c,skill/competence,cross-sector,solve ICT system problems,"diagnose system problems
troubleshoot system
manage system problem",,released,2024-02-09T17:29:14.494Z,,,"http://data.europa.eu/esco/concept-scheme/skills,
http://data.europa.eu/esco/concept-scheme/member-skills,
http://data.europa.eu/esco/concept-scheme/6c930acd-c104-4ece-acf7-f44fd7333036","Identify potential component malfunctions. Monitor, document and communicate about incidents. Deploy appropriate resources with minimal outage and deploy appropriate diagnostic tools.",in_domain,linked to the selected IT occupations
KnowledgeSkillCompetence,http://data.europa.eu/esco/skill/9e9a4209-c7cf-4f6e-973e-dc2ffadccc74,skill/competence,cross-sector,perform procurement processes,"apply procurement
applying procurement
order goods and equipment
purchase",,released,2020-12-09T21:05:26.78Z,,,"http://data.europa.eu/esco/concept-scheme/skills,
http://data.europa.eu/esco/concept-scheme/member-skills","Undertake ordering of services, equipment, goods or ingredients, compare costs and check the quality to ensure optimal payoff for the organisation.",in_domain,linked to the selected IT occupations
KnowledgeSkillCompetence,http://data.europa.eu/esco/skill/9ef0f3a0-9ce2-4ef1-a987-0366b5cb2dbe,knowledge,sector-specific,database development tools,Microcontrollers,Arduino,released,2025-02-27T12:45:08.961Z,,,"http://data.europa.eu/esco/concept-scheme/skills,
http://data.europa.eu/esco/concept-scheme/member-skills,
http://data.europa.eu/esco/concept-scheme/6c930acd-c104-4ece-acf7-f44fd7333036","The methodologies and tools used for creating logical and physical structure of databases, such as logical data structures, diagrams, modelling methodologies and entity-relationships.",in_domain,linked to the selected IT occupations
KnowledgeSkillCompetence,http://data.europa.eu/esco/skill/9fc400ac-8ed2-4aff-915f-aa4f2609ec7b,knowledge,cross-sector,multidisciplinary research,multidisciplinary research methods,,released,2024-01-29T11:25:54.857Z,,,"http://data.europa.eu/esco/concept-scheme/skills,
http://data.europa.eu/esco/concept-scheme/member-skills",The research technique where a common issue is investigated using approaches from different disciplines with the aim of finding a comprehensive solution to it.,in_domain,linked to the selected IT occupations
KnowledgeSkillCompetence,http://data.europa.eu/esco/skill/9ff9db9d-d14b-426e-83f3-e7449af6c79f,skill/competence,sector-specific,manage data,"administer data
data administration
manage data lifecycle
operate data quality tools
data resource management",,released,2025-05-16T14:42:49.886Z,,,"http://data.europa.eu/esco/concept-scheme/skills,
http://data.europa.eu/esco/concept-scheme/member-skills,
http://data.europa.eu/esco/concept-scheme/6c930acd-c104-4ece-acf7-f44fd7333036","Administer all types of data resources through their lifecycle by performing data profiling, parsing, standardisation, identity resolution, cleansing, enhancement and auditing. Ensure the data is fit for purpose, using specialised ICT tools to fulfil the data quality criteria.",in_domain,linked to the selected IT occupations
KnowledgeSkillCompetence,http://data.europa.eu/esco/skill/a0bf9b9d-e53f-418c-a839-5d99eff718fe,skill/competence,cross-sector,conduct search engine optimisation,"undertake search engine optimisation
manage search engine optimisation
carry out search engine optimisation
conduct search engine optimization
conduct a search engine optimisation
organise search engine optimisation
conducting a search engine optimisation
conducting search engine optimisation",,released,2022-07-05T14:34:46.63Z,,,"http://data.europa.eu/esco/concept-scheme/skills,
http://data.europa.eu/esco/concept-scheme/member-skills,
http://data.europa.eu/esco/concept-scheme/6c930acd-c104-4ece-acf7-f44fd7333036","Execute optimal marketing research and strategies on search engine processes, also known as search engine marketing (SEM), in order to increase online traffic and website exposure.",in_domain,linked to the selected IT occupations
KnowledgeSkillCompetence,http://data.europa.eu/esco/skill/a1eef0f4-133f-464a-a8f1-68fe3e8cc1b4,knowledge,sector-specific,healthcare analytics,"health care data analytics
health care analytics
health data analytics
healthcare data analytics",,released,2024-01-29T11:19:02.606Z,,,"http://data.europa.eu/esco/concept-scheme/skills,
http://data.europa.eu/esco/concept-scheme/member-skills","The use of qualitative and quantitative methods to analyse patterns in healthcare data to the aim of improving healthcare administration, quality in patient care and diseases diagnosis.",in_domain,linked to the selected IT occupations
KnowledgeSkillCompetence,http://data.europa.eu/esco/skill/a3ce2bf7-5562-4639-9b52-fdb4850a3904,knowledge,sector-specific,ICT problem management techniques,"ICT problem management procedures
ICT problem management strategies
ICT problem management procedure
ICT problem management processes
ICT problem management methods
types of ICT problem management techniques",,released,2025-06-25T08:20:05.218Z,,,"http://data.europa.eu/esco/concept-scheme/skills,
http://data.europa.eu/esco/concept-scheme/member-skills,
http://data.europa.eu/esco/concept-scheme/6c930acd-c104-4ece-acf7-f44fd7333036",The techniques related to identifying the solutions of the root cause of ICT incidents.,in_domain,linked to the selected IT occupations
KnowledgeSkillCompetence,http://data.europa.eu/esco/skill/a47d194d-0ffd-4aaa-b695-fbbe0255000e,skill/competence,sector-specific,design information system,design ICT system,,released,2024-02-09T17:29:12.952Z,,,"http://data.europa.eu/esco/concept-scheme/skills,
http://data.europa.eu/esco/concept-scheme/member-skills,
http://data.europa.eu/esco/concept-scheme/6c930acd-c104-4ece-acf7-f44fd7333036","Define the architecture, composition, components, modules, interfaces and data for integrated information systems (hardware, software and network), based on system requirements and specifications.",in_domain,linked to the selected IT occupations
KnowledgeSkillCompetence,http://data.europa.eu/esco/skill/a4d336a6-9ffd-402a-91cc-f359716ba4e0,knowledge,sector-specific,ML (computer programming),"ML
ML systems
ML development principles",,released,2024-02-29T15:58:47.179Z,,,"http://data.europa.eu/esco/concept-scheme/skills,
http://data.europa.eu/esco/concept-scheme/member-skills,
http://data.europa.eu/esco/concept-scheme/6c930acd-c104-4ece-acf7-f44fd7333036","The techniques and principles of software development, such as analysis, algorithms, coding, testing and compiling of programming paradigms in ML.",in_domain,linked to the selected IT occupations
KnowledgeSkillCompetence,http://data.europa.eu/esco/skill/a4e31589-3632-4926-91d0-15b889c90b9b,knowledge,sector-specific,IBM WebSphere,WebSphere application server,,released,2025-06-25T08:20:05.218Z,,,"http://data.europa.eu/esco/concept-scheme/skills,
http://data.europa.eu/esco/concept-scheme/member-skills,
http://data.europa.eu/esco/concept-scheme/6c930acd-c104-4ece-acf7-f44fd7333036",The application server IBM WebSphere provides flexible and secure Java EE runtime environments to support application infrastructure and deployments.,in_domain,linked to the selected IT occupations
KnowledgeSkillCompetence,http://data.europa.eu/esco/skill/a56dec32-05ef-45de-a256-ee6741f356db,knowledge,sector-specific,information confidentiality,"data confidentiality
consumer data privacy
data access control",,released,2024-02-09T17:29:12.215Z,,,"http://data.europa.eu/esco/concept-scheme/skills,
http://data.europa.eu/esco/concept-scheme/member-skills,
http://data.europa.eu/esco/concept-scheme/6c930acd-c104-4ece-acf7-f44fd7333036","The mechanisms and regulations which allow for selective access control and guarantee that only authorised parties (people, processes, systems and devices) have access to data, the way to comply with confidential information and the risks of non-compliance.",in_domain,linked to the selected IT occupations
KnowledgeSkillCompetence,http://data.europa.eu/esco/skill/a57a54b6-2f2e-43e4-9621-b52f4a63cb08,knowledge,sector-specific,LDAP,Lightweight Directory Access Protocol,"LDAP 2
LADAP 3",released,2023-06-08T16:20:21.277Z,,,"http://data.europa.eu/esco/concept-scheme/skills,
http://data.europa.eu/esco/concept-scheme/member-skills,
http://data.europa.eu/esco/concept-scheme/6c930acd-c104-4ece-acf7-f44fd7333036",The computer language LDAP is a query language for retrieval of information from a database and of documents containing the needed information.,in_domain,linked to the selected IT occupations
KnowledgeSkillCompetence,http://data.europa.eu/esco/skill/a584a638-a2c0-4b3c-bdf3-a64f87225be9,skill/competence,cross-sector,mentor individuals,"support individuals
help individuals
guide individuals
guide people
support people
help people",,released,2024-02-09T17:29:15.235Z,,,"http://data.europa.eu/esco/concept-scheme/skills,
http://data.europa.eu/esco/concept-scheme/member-skills,
http://data.europa.eu/esco/concept-scheme/research","Mentor individuals by providing emotional support, sharing experiences and giving advice to the individual to help them in their personal development, as well as adapting the support to the specific needs of the individual and heeding their requests and expectations.",in_domain,linked to the selected IT occupations
KnowledgeSkillCompetence,http://data.europa.eu/esco/skill/a71577b2-7550-4222-88ee-dcbd2d881516,knowledge,sector-specific,graphics editor software,"Autodesk SketchBook Pro
Adobe Photoshop Elements
CinePaint
NeoPaint
Project Dogwaffle
sK1
Apache OpenOffice Draw
RawTherapee
PixBuilder Photo Editor
cosmigo Pro Motion
OmniGraffle
PhotoScape
SVG-edit
Corel Painter Essentials
Swift 3D
UFRaw
ArtRage
GimPhoto
Picasa
ArcSoft PhotoImpression
Fatpaint
vector graphics editor
Pictor Paint
Pixlr.com
QFX
Zoner Photo Studio
GIMPshop
DigiKam
TVPaint
Paint.NET
XnView
Darktable
CodedColor
IrfanView
LightZone
Photogenics
LibreOffice Draw
Ability Photopaint
Embroidermodder
Serif Photoplus
PicMonkey
Phatch
ImageMagick
Chasys Draw IES
ACD Canvas
Inkscape
Color It!
Unified Color HDR PhotoStudio
XPaint
GrafX2
LView Pro
Xara Xtreme LX
Erdas Imagine
Balsamiq
Macromedia FreeHand
G'MIC
Shotwell
Tux Paint
GraphicConverter
Xara Photo & Graphic Designer
Corel Photo-Paint
Sodipodi
Pixelmator
F-Spot
GraphicsMagick
SAI
Photo Mechanic
LazPaint
Ulead PhotoImpact
Pixia
Fotografix
PMview
FastStone Image Viewer
Rawstudio
KolourPaint
Serif DrawPlus
PhotoPerfect
Iridient Developer","CinePaint
NeoPaint
Apache OpenOffice Draw
RawTherapee
PixBuilder Photo Editor
cosmigo Pro Motion
Adobe Photoshop Elements
GIMP
Swift 3D
GimPhoto
Picasa
Fatpaint
Zoner Photo Studio
GIMPshop
Darktable
CodedColor
LightZone
Corel Draw
LibreOffice Draw
Ability Photopaint
Serif Photoplus
TVPaint
PicMonkey
Phatch
Photogenics
Chasys Draw IES
PhotoScape
Inkscape
Color It!
Unified Color HDR PhotoStudio
GrafX2
LView Pro
Erdas Imagine
Xara Xtreme LX
Pictor Paint
G'MIC
Pixlr.com
DigiKam
Canva
GraphicConverter
XPaint
Xara Photo & Graphic Designer
Macromedia FreeHand
SVG-edit
Corel Photo-Paint
Pixelmator
ArcSoft PhotoImpression
GraphicsMagick
Embroidermodder
Sodipodi
Figma
Adobe InDesign
Autodesk SketchBook Pro
LazPaint
ImageMagick
Ulead PhotoImpact
Balsamiq
Pixia
Fotografix
PMview
Project Dogwaffle
Photo Mechanic
Corel Painter Essentials
SAI
QFX
KolourPaint
Tux Paint
XnView
IrfanView
OmniGraffle
Rawstudio
Paint.NET
Serif DrawPlus
Shotwell
ACD Canvas
FastStone Image Viewer
PhotoPerfect
Iridient Developer
F-Spot
ArtRage
UFRaw
sK1",released,2025-02-27T12:45:08.961Z,,,"http://data.europa.eu/esco/concept-scheme/skills,
http://data.europa.eu/esco/concept-scheme/member-skills,
http://data.europa.eu/esco/concept-scheme/6c930acd-c104-4ece-acf7-f44fd7333036","The field of graphical ICT tools which enable digital editing and composition of graphics, such as GIMP, Adobe Photoshop and Adobe Illustrator, to develop both 2D raster or 2D vector graphics.",in_domain,linked to the selected IT occupations
KnowledgeSkillCompetence,http://data.europa.eu/esco/skill/a7f0fbe0-c546-4f30-8e41-34a58c64567e,knowledge,sector-specific,data storage,file hosting service,"One Drive
Dropbox",released,2023-07-11T18:15:12.722Z,,,"http://data.europa.eu/esco/concept-scheme/skills,
http://data.europa.eu/esco/concept-scheme/member-skills,
http://data.europa.eu/esco/concept-scheme/6c930acd-c104-4ece-acf7-f44fd7333036","The physical and technical concepts of how digital data storage is organised in specific schemes both locally, such as hard-drives and random-access memories (RAM) and remotely, via network, internet or cloud.",in_domain,linked to the selected IT occupations
KnowledgeSkillCompetence,http://data.europa.eu/esco/skill/a80fb090-63f4-4b05-83a5-2f090deb7757,skill/competence,sector-specific,manage data collection systems,oversee data collection methods,,released,2025-06-25T08:45:06.159Z,,,"http://data.europa.eu/esco/concept-scheme/skills,
http://data.europa.eu/esco/concept-scheme/member-skills,
http://data.europa.eu/esco/concept-scheme/6c930acd-c104-4ece-acf7-f44fd7333036","Develop and manage methods and strategies used to maximise data quality and statistical efficiency in the collection of data, in order to ensure the gathered data are optimised for further processing.",in_domain,linked to the selected IT occupations
KnowledgeSkillCompetence,http://data.europa.eu/esco/skill/a846cb9e-c152-41e7-bd34-45e7ff941e3b,knowledge,cross-sector,legal requirements of ICT products,"legal requirements for the development and use of ICT products
international regulations for the use of ICT products
legal requirements for the development of ICT products
legal requirements for the design of ICT products
international regulations for the development and use of ICT products",,released,2025-06-25T08:20:05.218Z,,,"http://data.europa.eu/esco/concept-scheme/skills,
http://data.europa.eu/esco/concept-scheme/member-skills",The international regulations related to the development and use of ICT products.,in_domain,linked to the selected IT occupations
KnowledgeSkillCompetence,http://data.europa.eu/esco/skill/a8797f21-1af0-4c5e-98ca-bf1442929363,skill/competence,sector-specific,interact with users to gather requirements,communicate with users to gather requirements,,released,2025-06-25T08:45:06.159Z,,,"http://data.europa.eu/esco/concept-scheme/skills,
http://data.europa.eu/esco/concept-scheme/member-skills",Communicate with users to identify their requirements and collect them. Define all relevant user requirements and document them in an understandable and logical way for further analysis and specification.,in_domain,linked to the selected IT occupations
KnowledgeSkillCompetence,http://data.europa.eu/esco/skill/a8d07b5a-c1a1-42c6-9d53-db9c7a2ca996,knowledge,sector-specific,PostgreSQL,Postgres,,released,2024-02-09T17:29:17.515Z,,,"http://data.europa.eu/esco/concept-scheme/skills,
http://data.europa.eu/esco/concept-scheme/member-skills,
http://data.europa.eu/esco/concept-scheme/6c930acd-c104-4ece-acf7-f44fd7333036","The computer program PostgreSQL is a free and open-source software tool for creating, updating and managing databases, developed by the PostgreSQL Global Development Group.",in_domain,linked to the selected IT occupations
KnowledgeSkillCompetence,http://data.europa.eu/esco/skill/a8d24a95-47b3-4f88-92e7-06600bcd3612,skill/competence,cross-sector,manage personal professional development,"develop own practice
continuously develop your own practices
research identify and resource your continuing professional development
identify priority areas for professional development
continuously develop own practice
manage personal lifelong learning
develop own practices continuously
conduct personal professional development
research own continuing professional development
develop own practice continuously
undertake responsibility on continuous professional development",,released,2024-02-09T17:29:09.851Z,,,"http://data.europa.eu/esco/concept-scheme/skills,
http://data.europa.eu/esco/concept-scheme/member-skills,
http://data.europa.eu/esco/concept-scheme/research",Take responsibility for lifelong learning and continuous professional development. Engage in learning to support and update professional competence. Identify priority areas for professional development based on reflection about own practice and through contact with peers and stakeholders. Pursue a cycle of self-improvement and develop credible career plans.,in_domain,linked to the selected IT occupations
KnowledgeSkillCompetence,http://data.europa.eu/esco/skill/a99c6783-50c0-4f7a-99df-bf93429ef6dc,skill/competence,cross-sector,use precision tools,"operating precision tools
precision tools operating
using precision tools
precision tools using
precision tool operating
precision tool working
work with precision tools
working with precision tools
precision tool using
operate precision tools",,released,2024-02-09T17:29:16.725Z,,,"http://data.europa.eu/esco/concept-scheme/skills,
http://data.europa.eu/esco/concept-scheme/member-skills","Use electronic, mechanical, electric, or optical precision tools, such as drilling machines, grinders, gear cutters and milling machines to boost accuracy while machining products.",in_domain,linked to the selected IT occupations
KnowledgeSkillCompetence,http://data.europa.eu/esco/skill/a9bf8565-8a09-4118-9922-932d65a79d69,skill/competence,cross-sector,manage localisation,"manage translation and localisation
manage content localization
manage content localisation
manage localization
manage content translation and localisation",,released,2024-02-26T07:46:59.91Z,,,"http://data.europa.eu/esco/concept-scheme/skills,
http://data.europa.eu/esco/concept-scheme/member-skills",Modify content or a product for the transference from one locale to another through the use of content translation or localisation service providers.,in_domain,linked to the selected IT occupations
KnowledgeSkillCompetence,http://data.europa.eu/esco/skill/ab1e97ed-2319-4293-a8b7-072d2648822f,knowledge,sector-specific,database management systems,"PointBase Embedded
R:Base
Adaptive Server Anywhere
Oracle Lite
Rdb
Interbase
Velocis
Jasmine ii
Raima Database Manager
IDMS
YARD-SQL
Versant
Oracle 8I
Db.linux
NonStop SQL
Quadbase SQL Server
PointBase Network Server
Pervasive.SQL 2000
UniData
UniSQL
Adaptive Server Enterprise
Db.star
POET Object Server Suite
Informix Dynamic Server 2000
Informix Extended Parallel Server
DBMS
Cloudscape
SUPRA
database systems
SQLBase
IMS DB
Peoplesoft
Datacom
DB2 Everyplace
Sybase
PointBase Mobile
Model 204
Advantage Database Server
Pervasive.SQL Workgroup
Adabas D
TimesTen
DB engines
Adabas
Objectivity DB
SQL
Ingres ii","PointBase Embedded
Apache
Adaptive Server Anywhere
Rdb
Velocis
Jasmine ii
IDMS
Raima Database Manager
Oracle Lite
Oracle 8I
Pervasive.SQL 2000
UniData
Db.star
Adaptive Server Enterprise
NonStop SQL
Versant
Informix Extended Parallel Server
Cloudscape
SUPRA
IMS DB
Interbase
UniSQL
Db.linux
Microsoft Access
DB2 Everyplace
YARD-SQL
SQLBase
R:Base
Advantage Database Server
POET Object Server Suite
Pervasive.SQL Workgroup
TimesTen
Adabas
Quadbase SQL Server
Datacom
Informix Dynamic Server 2000
PointBase Mobile
Model 204
Ingres ii
PointBase Network Server
Adabas D
Objectivity DB",released,2025-04-16T10:03:15.899Z,,,"http://data.europa.eu/esco/concept-scheme/skills,
http://data.europa.eu/esco/concept-scheme/member-skills,
http://data.europa.eu/esco/concept-scheme/6c930acd-c104-4ece-acf7-f44fd7333036","The tools for creating, updating and managing databases, such as Oracle, MySQL and Microsoft SQL Server.",in_domain,linked to the selected IT occupations
KnowledgeSkillCompetence,http://data.europa.eu/esco/skill/ab49f767-296b-47d5-af56-0b4a69515b03,skill/competence,sector-specific,maintain ICT identity management,,,released,2025-02-27T12:45:08.961Z,,,"http://data.europa.eu/esco/concept-scheme/skills,
http://data.europa.eu/esco/concept-scheme/member-skills,
http://data.europa.eu/esco/concept-scheme/6c930acd-c104-4ece-acf7-f44fd7333036","Administer identification, authentication and authorisation of individuals within a system and control their access to resources by associating user rights and restrictions with the established identity.",in_domain,linked to the selected IT occupations
KnowledgeSkillCompetence,http://data.europa.eu/esco/skill/ab67fbfb-0ca7-4345-8bf6-af8f59480212,skill/competence,sector-specific,design database backup specifications,"create database backup specifications
draft database backup specifications
specify database backup procedures
define database backup specifications
lay out database backup specifications",,released,2025-06-25T12:15:04.406Z,,,"http://data.europa.eu/esco/concept-scheme/skills,
http://data.europa.eu/esco/concept-scheme/member-skills,
http://data.europa.eu/esco/concept-scheme/6c930acd-c104-4ece-acf7-f44fd7333036",Specify procedures to be performed on databases which ensure the copying and archiving of data for possible restoration in case of a data loss event.,in_domain,linked to the selected IT occupations
KnowledgeSkillCompetence,http://data.europa.eu/esco/skill/aba1f05b-f312-47d8-be71-7c574134de8f,knowledge,cross-sector,advertising techniques,"an advertising techniques
advertising methods
advertising technique
advertising performance
techniques of advertising
advertising approaches
advertising skills",,released,2024-02-09T17:29:16.725Z,,,"http://data.europa.eu/esco/concept-scheme/skills,
http://data.europa.eu/esco/concept-scheme/member-skills","The communication strategies intended to persuade or encourage an audience, and the different media which are used to achieve this goal.",in_domain,linked to the selected IT occupations
KnowledgeSkillCompetence,http://data.europa.eu/esco/skill/abdc7ac8-151f-40c6-bc1a-1e9b4b073290,knowledge,cross-sector,augmented reality,"AR techniques
augmented reality creation process
AR creation process
augmented reality techniques
AR",,released,2024-02-23T15:26:40.229Z,,,"http://data.europa.eu/esco/concept-scheme/skills,
http://data.europa.eu/esco/concept-scheme/member-skills,
http://data.europa.eu/esco/concept-scheme/6c930acd-c104-4ece-acf7-f44fd7333036","The process of adding diverse digital content (such as images, 3D objects, etc) on surfaces that exist in the real world. The user can interact in real-time with the technology by using devices such as mobile phones.",in_domain,linked to the selected IT occupations
KnowledgeSkillCompetence,http://data.europa.eu/esco/skill/acf0a78c-f4e3-4bd9-a5cc-9cf4791b3b95,skill/competence,sector-specific,implement a virtual private network,"implementing a virtual private network
VPN installing
implement a VPN
virtual private network installing
virtual private network implementing
VPN implementing
installing a virtual private network
implementing a VPN
installing a VPN
install a VPN",,released,2024-02-09T17:29:12.215Z,,,"http://data.europa.eu/esco/concept-scheme/skills,
http://data.europa.eu/esco/concept-scheme/member-skills,
http://data.europa.eu/esco/concept-scheme/6c930acd-c104-4ece-acf7-f44fd7333036","Create an encrypted connection between private networks, such as different local networks of a company, over the internet to ensure that only authorized users can access it and that the data cannot be intercepted.",in_domain,linked to the selected IT occupations
KnowledgeSkillCompetence,http://data.europa.eu/esco/skill/ae4f0cc6-e0b9-47f5-bdca-2fc2e6316dce,skill/competence,sector-specific,manage ICT virtualisation environments,"manage ICT virtualization machines
manage virtualisation of servers and workstations
manage containerization",,released,2024-02-09T17:29:12.952Z,,,"http://data.europa.eu/esco/concept-scheme/skills,
http://data.europa.eu/esco/concept-scheme/member-skills,
http://data.europa.eu/esco/concept-scheme/6c930acd-c104-4ece-acf7-f44fd7333036","Oversee tools, such as VMware, kvm, Xen, Docker, Kubernetes, and others, used to enable a virtual environments for different purposes such as hardware virtualization, desktop virtualisation, and operating system level virtualisation.",in_domain,linked to the selected IT occupations
KnowledgeSkillCompetence,http://data.europa.eu/esco/skill/af313ba1-a39e-49ac-99ec-94630fbe4f7f,skill/competence,sector-specific,develop code exploits,develop software exploits,,released,2025-06-25T12:15:04.406Z,,,"http://data.europa.eu/esco/concept-scheme/skills,
http://data.europa.eu/esco/concept-scheme/member-skills,
http://data.europa.eu/esco/concept-scheme/6c930acd-c104-4ece-acf7-f44fd7333036",Create and test software exploits in a controlled environment to uncover and check system bugs or vulnerabilities.,in_domain,linked to the selected IT occupations
KnowledgeSkillCompetence,http://data.europa.eu/esco/skill/af607e5e-4ba1-4e5f-a2a6-dc05806567c7,skill/competence,sector-specific,coordinate technological activities,coordinate IT activities,,released,2023-05-05T16:14:03.789Z,,,"http://data.europa.eu/esco/concept-scheme/skills,
http://data.europa.eu/esco/concept-scheme/member-skills",Give instructions to colleagues and other cooperating parties in order to reach the desired outcome of a technological project or achieve set goals within an organisation dealing with technology.,in_domain,linked to the selected IT occupations
KnowledgeSkillCompetence,http://data.europa.eu/esco/skill/af7ae54f-4649-4c16-87c7-59ba41d4d57f,knowledge,sector-specific,SPARK,,,released,2025-02-27T12:45:08.961Z,,,"http://data.europa.eu/esco/concept-scheme/skills,
http://data.europa.eu/esco/concept-scheme/member-skills,
http://data.europa.eu/esco/concept-scheme/6c930acd-c104-4ece-acf7-f44fd7333036",The Java micro framework software development environment which provide specific features and components that support and guide web applications development.,in_domain,linked to the selected IT occupations
KnowledgeSkillCompetence,http://data.europa.eu/esco/skill/af8ca5cf-7fd1-4275-a886-e951c335d497,skill/competence,sector-specific,assist multimedia operator,"fill in for the multimedia operator
help out multimedia operators
assist multimedia operators
assist operators of multimedia",,released,2025-02-27T12:45:08.961Z,,,"http://data.europa.eu/esco/concept-scheme/skills,
http://data.europa.eu/esco/concept-scheme/member-skills,
http://data.europa.eu/esco/concept-scheme/6c930acd-c104-4ece-acf7-f44fd7333036",Take over tasks from the multimedia operator as required. Call cues for the multimedia operator or operate the multimedia equipment yourself.,in_domain,linked to the selected IT occupations
KnowledgeSkillCompetence,http://data.europa.eu/esco/skill/afd63e8c-a4e7-42d3-86c9-3b2dd549a353,knowledge,sector-specific,Parrot Security OS,OS - Parrot Security,,released,2025-11-26T10:24:43.304Z,,,"http://data.europa.eu/esco/concept-scheme/skills,
http://data.europa.eu/esco/concept-scheme/member-skills,
http://data.europa.eu/esco/concept-scheme/6c930acd-c104-4ece-acf7-f44fd7333036","The operating system Parrot Security is a Linux distribution which performs penetration cloud testing, analysing security weaknesses for potentially unauthorised access.",in_domain,linked to the selected IT occupations
KnowledgeSkillCompetence,http://data.europa.eu/esco/skill/afda6ca0-7aa8-41ef-ba5e-8dc607839daf,knowledge,cross-sector,computer graphics,"vector graphics
interactive computer graphics","Blender
Autodesk Maya
3ds Max
ANSYS",released,2023-11-29T16:25:50.391Z,,,"http://data.europa.eu/esco/concept-scheme/skills,
http://data.europa.eu/esco/concept-scheme/member-skills,
http://data.europa.eu/esco/concept-scheme/6c930acd-c104-4ece-acf7-f44fd7333036","The field that merges approaches from computer science and design. It involves the process of creating images, 3D models generation, as well as the rendering, texturing and lighting them. Its applications vary from digital photography, film and video games, and the display of images on electronic devices.",in_domain,linked to the selected IT occupations
KnowledgeSkillCompetence,http://data.europa.eu/esco/skill/b0096dc5-2e2d-4bc1-8172-05bf486c3968,skill/competence,sector-specific,design application interfaces,design API,,released,2024-02-09T17:29:14.494Z,Application interfaces include Application Programming Interfaces (API).,,"http://data.europa.eu/esco/concept-scheme/skills,
http://data.europa.eu/esco/concept-scheme/member-skills,
http://data.europa.eu/esco/concept-scheme/6c930acd-c104-4ece-acf7-f44fd7333036","Create and program application interfaces, their operations, inputs and outputs and underlying types.",in_domain,linked to the selected IT occupations
KnowledgeSkillCompetence,http://data.europa.eu/esco/skill/b0288eea-74b3-460a-8ac5-edc4ba70b75c,skill/competence,cross-sector,manage closed-circuit television system,"video surveillance
CCTV",,released,2024-02-09T17:29:11.47Z,,,"http://data.europa.eu/esco/concept-scheme/skills,
http://data.europa.eu/esco/concept-scheme/member-skills,
http://data.europa.eu/esco/concept-scheme/6c930acd-c104-4ece-acf7-f44fd7333036",Oversee a system of cameras inside a facility which transmit a signal to a specific set of display devices.,in_domain,linked to the selected IT occupations
KnowledgeSkillCompetence,http://data.europa.eu/esco/skill/b04f377b-ee80-4b38-aca1-19d266a23b17,skill/competence,cross-sector,analyse business requirements,"analyze business requirements
analyse customer product risks
business requirements analysis",,released,2016-08-04T12:24:52Z,,,"http://data.europa.eu/esco/concept-scheme/skills,
http://data.europa.eu/esco/concept-scheme/member-skills",Study clients' needs and expectations for a product or service in order to identify and resolve inconsistencies and possible disagreements of involved stakeholders.,in_domain,linked to the selected IT occupations
KnowledgeSkillCompetence,http://data.europa.eu/esco/skill/b0a3bb25-a02f-43ed-ab1f-994fa66a424a,knowledge,sector-specific,online analytical processing,"OLAP databases
Cube databases
OLAP",,released,2024-02-09T17:29:15.235Z,,,"http://data.europa.eu/esco/concept-scheme/skills,
http://data.europa.eu/esco/concept-scheme/member-skills,
http://data.europa.eu/esco/concept-scheme/6c930acd-c104-4ece-acf7-f44fd7333036","The online tools which analyse, aggregate and present multi-dimensional data enabling users to interactively and selectively extract and view data from specific points of view.",in_domain,linked to the selected IT occupations
KnowledgeSkillCompetence,http://data.europa.eu/esco/skill/b0ac313d-de44-4344-ada6-76d2177b6d92,knowledge,sector-specific,Synfig,Synfig Studio,,released,2024-02-09T17:29:14.494Z,,,"http://data.europa.eu/esco/concept-scheme/skills,
http://data.europa.eu/esco/concept-scheme/member-skills,
http://data.europa.eu/esco/concept-scheme/6c930acd-c104-4ece-acf7-f44fd7333036",The computer program Synfig is a graphical ICT tool which enables digital editing and composition of graphics to generate both 2D raster or 2D vector graphics. It is developed by Robert Quattlebaum.,in_domain,linked to the selected IT occupations
KnowledgeSkillCompetence,http://data.europa.eu/esco/skill/b105ec9b-0857-41d6-8d07-a83e58b73d90,knowledge,sector-specific,ICT system programming,"network programming
server side programming",,released,2025-04-16T11:51:55.651Z,,,"http://data.europa.eu/esco/concept-scheme/skills,
http://data.europa.eu/esco/concept-scheme/member-skills,
http://data.europa.eu/esco/concept-scheme/6c930acd-c104-4ece-acf7-f44fd7333036","The methods and tools required to develop system software, specifications of system architectures and interfacing techniques between network and system modules and components.",in_domain,linked to the selected IT occupations
KnowledgeSkillCompetence,http://data.europa.eu/esco/skill/b1604a2d-c26a-427d-bda9-b8073a319fe9,skill/competence,sector-specific,adjust ICT system capacity,adjust ICT network capacity,,released,2024-02-09T17:29:10.678Z,,,"http://data.europa.eu/esco/concept-scheme/skills,
http://data.europa.eu/esco/concept-scheme/member-skills,
http://data.europa.eu/esco/concept-scheme/6c930acd-c104-4ece-acf7-f44fd7333036","Change the scope of an ICT system by adding or reallocating additional ICT system components, such as network components, servers or storage to meet capacity or volume demands.",in_domain,linked to the selected IT occupations
KnowledgeSkillCompetence,http://data.europa.eu/esco/skill/b16200f4-4f39-4b8b-aa9d-3568054d6bdb,knowledge,sector-specific,Open source model,,JSON,released,2025-02-27T12:45:08.961Z,,,"http://data.europa.eu/esco/concept-scheme/skills,
http://data.europa.eu/esco/concept-scheme/member-skills,
http://data.europa.eu/esco/concept-scheme/6c930acd-c104-4ece-acf7-f44fd7333036","The open source model consists of principles and fundamentals of service-oriented modelling for business and software systems that allow the design and specification of service-oriented business systems within a variety of architectural styles, such as enterprise architecture.",in_domain,linked to the selected IT occupations
KnowledgeSkillCompetence,http://data.europa.eu/esco/skill/b16bcbcb-1d3f-42b3-a6a5-b91348a72b70,knowledge,sector-specific,WildFly,Jboss,,released,2023-08-11T14:24:02.475Z,,,"http://data.europa.eu/esco/concept-scheme/skills,
http://data.europa.eu/esco/concept-scheme/member-skills,
http://data.europa.eu/esco/concept-scheme/6c930acd-c104-4ece-acf7-f44fd7333036",The open-source application server JBoss is a Linux based platform which supports Java applications and large websites.,in_domain,linked to the selected IT occupations
KnowledgeSkillCompetence,http://data.europa.eu/esco/skill/b363bb5f-2c79-40af-94da-33e06f9dee9f,skill/competence,cross-sector,apply blended learning,"combine face-to-face and online learning
integrate blended learning
implement mixed learning approaches
employ blended learning
implement blended learning",,released,2024-03-01T11:32:09.941Z,,,"http://data.europa.eu/esco/concept-scheme/skills,
http://data.europa.eu/esco/concept-scheme/member-skills,
http://data.europa.eu/esco/concept-scheme/research,
http://data.europa.eu/esco/concept-scheme/6c930acd-c104-4ece-acf7-f44fd7333036","Be familiar with blended learning tools by combining traditional face-to-face and online learning, using digital tools, online technologies, and e-learning methods.",in_domain,linked to the selected IT occupations
KnowledgeSkillCompetence,http://data.europa.eu/esco/skill/b3c8eada-b0a8-4b61-968b-b354fbfb6874,skill/competence,sector-specific,configure ICT system,set up ICT systems,,released,2025-06-25T12:15:04.406Z,,,"http://data.europa.eu/esco/concept-scheme/skills,
http://data.europa.eu/esco/concept-scheme/member-skills,
http://data.europa.eu/esco/concept-scheme/6c930acd-c104-4ece-acf7-f44fd7333036",Set up and customise an ICT system to meet requirements during initial implementation as well as when new business needs arise.,in_domain,linked to the selected IT occupations
KnowledgeSkillCompetence,http://data.europa.eu/esco/skill/b4877620-c375-45f3-a678-2ddb4dae6a29,skill/competence,sector-specific,repair ICT devices,maintain ICT devices,,released,2025-04-16T11:56:57.926Z,,,"http://data.europa.eu/esco/concept-scheme/skills,
http://data.europa.eu/esco/concept-scheme/member-skills,
http://data.europa.eu/esco/concept-scheme/6c930acd-c104-4ece-acf7-f44fd7333036","Maintain and repair ICT related equipment such as laptops, desktops, tablets, mobile devices, communications equipment, printers and any piece of computer related peripheral. Detect faults, malfunctions and replace parts if necessary.",in_domain,linked to the selected IT occupations
KnowledgeSkillCompetence,http://data.europa.eu/esco/skill/b4dc6e4f-dc7d-445f-8ce2-d7b9d225e282,knowledge,sector-specific,AJAX,"AJAX technology
AJAX software
AJAX techniques",,released,2025-06-25T08:20:05.218Z,,,"http://data.europa.eu/esco/concept-scheme/skills,
http://data.europa.eu/esco/concept-scheme/member-skills,
http://data.europa.eu/esco/concept-scheme/6c930acd-c104-4ece-acf7-f44fd7333036","The techniques and principles of software development, such as analysis, algorithms, coding, testing and compiling of programming paradigms in AJAX.",in_domain,linked to the selected IT occupations
KnowledgeSkillCompetence,http://data.europa.eu/esco/skill/b633eb55-8f1f-4ae6-ab4c-2022ffe2cb7f,knowledge,sector-specific,C++,"C++ software
C++ framework",,released,2025-06-25T08:20:05.218Z,,,"http://data.europa.eu/esco/concept-scheme/skills,
http://data.europa.eu/esco/concept-scheme/member-skills,
http://data.europa.eu/esco/concept-scheme/6c930acd-c104-4ece-acf7-f44fd7333036","The techniques and principles of software development, such as analysis, algorithms, coding, testing and compiling of programming paradigms in C++.",in_domain,linked to the selected IT occupations
KnowledgeSkillCompetence,http://data.europa.eu/esco/skill/b8271c8a-cba6-4baa-80f5-6361af3f07e3,skill/competence,sector-specific,ensure adherence to organisational ICT standards,"guarantee adherence to organisational ICT standards
enforce adherence to corporate ICT regulations
guarantee compliance with company IT standards",,released,2024-03-01T08:49:27.513Z,,,"http://data.europa.eu/esco/concept-scheme/skills,
http://data.europa.eu/esco/concept-scheme/member-skills,
http://data.europa.eu/esco/concept-scheme/6c930acd-c104-4ece-acf7-f44fd7333036","Guarantee that the state of events is in accordance with the ICT rules and procedures described by an organisation for their products, services and solutions.",in_domain,linked to the selected IT occupations
KnowledgeSkillCompetence,http://data.europa.eu/esco/skill/b8c01891-e3df-4a4b-948d-95b45e1788f5,knowledge,sector-specific,mobile device software frameworks,"mobile phone software frameworks
android software frameworks
windows phone software frameworks
iOS software frameworks
cell phone device software frameworks",,released,2022-07-05T14:33:28.658Z,,,"http://data.europa.eu/esco/concept-scheme/skills,
http://data.europa.eu/esco/concept-scheme/member-skills,
http://data.europa.eu/esco/concept-scheme/6c930acd-c104-4ece-acf7-f44fd7333036","The API (Application Program Interfaces), such as Android, iOS, windows phone which enables programmers to quickly and easily write applications for mobile devices.",in_domain,linked to the selected IT occupations
KnowledgeSkillCompetence,http://data.europa.eu/esco/skill/b8eb2517-37d8-43e6-9856-9c29d5c51fde,knowledge,sector-specific,Filemaker (database management systems),"FileMaker Pro
FileMaker
FileMaker Go",,released,2022-07-05T14:33:44.716Z,,,"http://data.europa.eu/esco/concept-scheme/skills,
http://data.europa.eu/esco/concept-scheme/member-skills,
http://data.europa.eu/esco/concept-scheme/6c930acd-c104-4ece-acf7-f44fd7333036","The computer program FileMaker is a tool for creating, updating and managing databases, developed by the software company FileMaker Inc.",in_domain,linked to the selected IT occupations
KnowledgeSkillCompetence,http://data.europa.eu/esco/skill/b9aad733-959a-4178-984f-53e4bd05b420,skill/competence,sector-specific,maintain internet protocol configuration,"maintain TCP/IP configuration
apply Internet Protocol Configuration
maintain IP configuration
maintain TCP configuration",,released,2025-04-16T10:05:12.588Z,,,"http://data.europa.eu/esco/concept-scheme/skills,
http://data.europa.eu/esco/concept-scheme/member-skills,
http://data.europa.eu/esco/concept-scheme/6c930acd-c104-4ece-acf7-f44fd7333036",Apply Internet Protocol Configuration (ipconfig) to gather data on Transmission Control Protocol/Internet Protocol (TCP/IP) configuration values in order to identify devices and their IP addresses.,in_domain,linked to the selected IT occupations
KnowledgeSkillCompetence,http://data.europa.eu/esco/skill/b9bf9e17-ae47-417b-bbb1-e8b7c263ccac,skill/competence,cross-sector,identify legal requirements,identify legal and normative requirements and standards,,released,2024-02-09T17:29:09.851Z,,,"http://data.europa.eu/esco/concept-scheme/skills,
http://data.europa.eu/esco/concept-scheme/member-skills","Conduct research for applicable legal and normative procedures and standards, analyse and derive legal requirements that apply to the organisation, its policies and products.",in_domain,linked to the selected IT occupations
KnowledgeSkillCompetence,http://data.europa.eu/esco/skill/b9f16465-56a9-426b-a047-0f9f1f95ec92,skill/competence,cross-sector,address problems critically,"think critically about problems
thinking critically about problems
thinking about problems critically
think about problems critically
critically addressing problems
addressing problems critically
critically address problems",,released,2024-02-09T17:29:15.968Z,,,"http://data.europa.eu/esco/concept-scheme/skills,
http://data.europa.eu/esco/concept-scheme/member-skills","Identify the strengths and weaknesses of various abstract, rational concepts, such as issues, opinions, and approaches related to a specific problematic situation in order to formulate solutions and alternative methods of tackling the situation.",in_domain,linked to the selected IT occupations
KnowledgeSkillCompetence,http://data.europa.eu/esco/skill/ba04b19b-0b18-4d5c-b799-4db31a98e58d,knowledge,sector-specific,BlackBerry,BlackBerry System,,released,2025-06-25T08:20:05.218Z,,,"http://data.europa.eu/esco/concept-scheme/skills,
http://data.europa.eu/esco/concept-scheme/member-skills,
http://data.europa.eu/esco/concept-scheme/6c930acd-c104-4ece-acf7-f44fd7333036","The system software BlackBerry consists of features, restrictions, architectures and other characteristics of operating systems designed to run on mobile devices.",in_domain,linked to the selected IT occupations
KnowledgeSkillCompetence,http://data.europa.eu/esco/skill/ba1b0441-a6b8-4e57-8ccc-871012f63e42,knowledge,sector-specific,trading software,"trading application
trading software solution","Multifonds
Kondor+
Murex",released,2024-02-08T11:56:53.573Z,,,"http://data.europa.eu/esco/concept-scheme/skills,
http://data.europa.eu/esco/concept-scheme/member-skills,
http://data.europa.eu/esco/concept-scheme/6c930acd-c104-4ece-acf7-f44fd7333036",The finance and trading integrated software solutions.,in_domain,linked to the selected IT occupations
KnowledgeSkillCompetence,http://data.europa.eu/esco/skill/baf1fadb-975a-42be-9744-d8ba02304d09,knowledge,sector-specific,Samurai Web Testing Framework,"OWASP Samurai WTF
SamuraiWTF",,released,2025-06-25T08:20:05.218Z,,,"http://data.europa.eu/esco/concept-scheme/skills,
http://data.europa.eu/esco/concept-scheme/member-skills,
http://data.europa.eu/esco/concept-scheme/6c930acd-c104-4ece-acf7-f44fd7333036",The linux environment Samurai Web Testing Framework is a specialised penetration testing tool which tests security weaknesses of websites for potentially unauthorised access.,in_domain,linked to the selected IT occupations
KnowledgeSkillCompetence,http://data.europa.eu/esco/skill/bb165899-d95f-4433-95f2-173fefd716d2,skill/competence,cross-sector,develop statistical software,"define statistical software
prepare statistical software
developing statistical software
create statistical software
write statistical software",,released,2024-02-09T17:29:11.47Z,,,"http://data.europa.eu/esco/concept-scheme/skills,
http://data.europa.eu/esco/concept-scheme/member-skills,
http://data.europa.eu/esco/concept-scheme/6c930acd-c104-4ece-acf7-f44fd7333036","Participate in the various development stages of computer programs for econometric and statistical analysis, such as research, new product development, prototyping, and maintenance.",in_domain,linked to the selected IT occupations
KnowledgeSkillCompetence,http://data.europa.eu/esco/skill/bb2b4485-2bad-402f-8517-44bf7d9afff4,skill/competence,sector-specific,implement anti-virus software,"load malware protection
loading malware protection
installing anti-malware software
install anti-virus software
anti-virus software installing
install anti-malware software
anti-malware software installing
implementing anti-virus software
anti-virus software implementing
installing anti-virus software",,released,2024-02-09T17:29:13.7Z,,,"http://data.europa.eu/esco/concept-scheme/skills,
http://data.europa.eu/esco/concept-scheme/member-skills,
http://data.europa.eu/esco/concept-scheme/6c930acd-c104-4ece-acf7-f44fd7333036","Download, install and update software to prevent, detect and remove malicious software, such as computer viruses.",in_domain,linked to the selected IT occupations
KnowledgeSkillCompetence,http://data.europa.eu/esco/skill/bb99af26-71ff-4dca-bde7-1eb1f6194426,knowledge,sector-specific,SAP R3,"SAP R/3
SAP R/3 Enterprise Edition
SAP S/4 HANA
SAP R/1
SAP ERP
SAP R/2
SAP R/3 Enterprise Central Component
SAP ERP 6.0: Enhancement Packages",,released,2024-02-09T17:29:11.47Z,,,"http://data.europa.eu/esco/concept-scheme/skills,
http://data.europa.eu/esco/concept-scheme/member-skills,
http://data.europa.eu/esco/concept-scheme/6c930acd-c104-4ece-acf7-f44fd7333036","The techniques and principles of software development, such as analysis, algorithms, coding, testing and compiling of programming paradigms in SAP R3.",in_domain,linked to the selected IT occupations
KnowledgeSkillCompetence,http://data.europa.eu/esco/skill/bc067d2e-e151-408f-8e34-24effd2b7fd6,skill/competence,sector-specific,use e-procurement,"use electronic procurement
employ e-procurement
employ electronic procurement
utilize e-procurement
utilise e-procurement",,released,2024-02-26T16:54:21.107Z,,,"http://data.europa.eu/esco/concept-scheme/skills,
http://data.europa.eu/esco/concept-scheme/member-skills,
http://data.europa.eu/esco/concept-scheme/6c930acd-c104-4ece-acf7-f44fd7333036","Use digital procurement technologies and e-procurement applications and tools in order to reduce administrative burden, improve efficiency, and strengthen transparency and accountability of procurement procedures.",in_domain,linked to the selected IT occupations
KnowledgeSkillCompetence,http://data.europa.eu/esco/skill/bc0b0b5d-f6be-405a-b224-b6902a4dbe97,skill/competence,cross-sector,manage digital identity,protecting privacy and identity on the Internet,,released,2024-02-09T17:29:09.009Z,,,"http://data.europa.eu/esco/concept-scheme/skills,
http://data.europa.eu/esco/concept-scheme/member-skills,
http://data.europa.eu/esco/concept-scheme/skill-transversal-groups,
http://data.europa.eu/esco/concept-scheme/6c930acd-c104-4ece-acf7-f44fd7333036,
http://data.europa.eu/esco/concept-scheme/digcomp","Create and manage one or multiple digital identities, be able to protect one's own reputation, deal with the data that one produces through several digital tools, environments and services.",in_domain,linked to the selected IT occupations
KnowledgeSkillCompetence,http://data.europa.eu/esco/skill/bd14968e-e409-45af-b362-3495ed7b10e0,knowledge,sector-specific,cloud technologies,"cloud computing
edge computing",AWS,released,2025-02-27T12:45:08.961Z,,,"http://data.europa.eu/esco/concept-scheme/skills,
http://data.europa.eu/esco/concept-scheme/member-skills,
http://data.europa.eu/esco/concept-scheme/6c930acd-c104-4ece-acf7-f44fd7333036","The technologies which enable access to hardware, software, data and services through remote servers and software networks irrespective of their location and architecture.",in_domain,linked to the selected IT occupations
KnowledgeSkillCompetence,http://data.europa.eu/esco/skill/bd698bbe-7003-4508-b422-46c2ff4d5e95,knowledge,cross-sector,business strategy concepts,"strategic business operations
strategic and operational business mindset
business strategy level
business strategy tiers",,released,2025-06-25T08:20:05.218Z,,,"http://data.europa.eu/esco/concept-scheme/skills,
http://data.europa.eu/esco/concept-scheme/member-skills","The terminology related to the design and implementation of major trends and aims which are taken by an organisation's executives, while keeping in mind its resources, competition and environments.",in_domain,linked to the selected IT occupations
KnowledgeSkillCompetence,http://data.europa.eu/esco/skill/be0ff6d8-5e61-4021-9c89-e40cf0b75cc6,skill/competence,sector-specific,measure software usability,"usability evaluation
perform software usability testing",,released,2024-02-09T17:29:09.009Z,,,"http://data.europa.eu/esco/concept-scheme/skills,
http://data.europa.eu/esco/concept-scheme/member-skills,
http://data.europa.eu/esco/concept-scheme/6c930acd-c104-4ece-acf7-f44fd7333036",Check the convenience of the software product for the end user. Identify user problems and make adjustments to improve usability practice. Collect input data on how users evaluate software products.,in_domain,linked to the selected IT occupations
KnowledgeSkillCompetence,http://data.europa.eu/esco/skill/be20d05c-f6b4-4580-9fcf-f00f4baab562,skill/competence,cross-sector,make data-driven decisions,take decisions based on data,,released,2023-10-26T09:58:48.512Z,,,"http://data.europa.eu/esco/concept-scheme/skills,
http://data.europa.eu/esco/concept-scheme/member-skills",Collect data such as Key Performance Indicators (KPIs) for an organisation and use the information to formulate actions and strategies.,in_domain,linked to the selected IT occupations
KnowledgeSkillCompetence,http://data.europa.eu/esco/skill/be80acfc-b6f2-4411-9b8d-b19d9cd2556a,knowledge,sector-specific,Swift (computer programming),"Swift programming paradigms
Swift software development techniques
Swift software development principles
Swift
Swift algorithms",,released,2024-02-26T09:15:55.843Z,,,"http://data.europa.eu/esco/concept-scheme/skills,
http://data.europa.eu/esco/concept-scheme/member-skills,
http://data.europa.eu/esco/concept-scheme/6c930acd-c104-4ece-acf7-f44fd7333036","The techniques and principles of software development, such as analysis, algorithms, coding, testing and compiling of programming paradigms in Swift.",in_domain,linked to the selected IT occupations
KnowledgeSkillCompetence,http://data.europa.eu/esco/skill/bec4359e-cb92-468f-a997-8fb28e32fba9,knowledge,sector-specific,ICT project management methodologies,"Code and fix development
Benefits realization management
Agile
Scrum
structured methodology
prince2
Extreme project management
agile
Critical chain project management
software development methodologies
project management framework
project management software","Benefits realization management
Jira
Kanban
Critical chain project management
Code and fix development
Extreme project management
Scrum",released,2025-04-17T13:04:43.31Z,,,"http://data.europa.eu/esco/concept-scheme/skills,
http://data.europa.eu/esco/concept-scheme/member-skills,
http://data.europa.eu/esco/concept-scheme/6c930acd-c104-4ece-acf7-f44fd7333036","The methodologies or models for planning, managing and overseeing of ICT resources in order to meet specific goals, such methodologies are Waterfall, Incremental, V-Model, Scrum or Agile and using project management ICT tools.",in_domain,linked to the selected IT occupations
KnowledgeSkillCompetence,http://data.europa.eu/esco/skill/bf7ea00f-db77-4a95-9b9f-2d12b6d9fcb4,skill/competence,sector-specific,implement ICT network diagnostic tools,use network diagnostics tools,,released,2025-06-25T12:15:04.406Z,,,"http://data.europa.eu/esco/concept-scheme/skills,
http://data.europa.eu/esco/concept-scheme/member-skills,
http://data.europa.eu/esco/concept-scheme/6c930acd-c104-4ece-acf7-f44fd7333036","Use software tools or components that monitor ICT network parameters, such as performance and throughput, provide data and statistics, diagnose errors, failures or bottlenecks and support decision making.",in_domain,linked to the selected IT occupations
KnowledgeSkillCompetence,http://data.europa.eu/esco/skill/c062bab3-3ea0-4291-9220-a2d8fef4bead,knowledge,sector-specific,SQL Server,MS SQL Server,"Azure SQL Database
Microsoft SQL Server
SQL Server Standard Edition
SQL Server Enterprise Edition
SQL Server 2014
Microsoft SQL Server Compact
SQL Server 2008
SQL Server 2005
SQL Server Web Edition
SQL Server 2012
SQL Server Developer Edition
SQL Server Express Edition
MySQL
SQL Server Workgroup Edition",released,2023-07-11T15:16:17.709Z,,,"http://data.europa.eu/esco/concept-scheme/skills,
http://data.europa.eu/esco/concept-scheme/member-skills,
http://data.europa.eu/esco/concept-scheme/6c930acd-c104-4ece-acf7-f44fd7333036","The computer program SQL Server is a tool for creating, updating and managing databases, developed by the software company Microsoft.",in_domain,linked to the selected IT occupations
KnowledgeSkillCompetence,http://data.europa.eu/esco/skill/c13fb093-5ffb-491a-b8b7-fa2d42a57e2e,skill/competence,sector-specific,implement cloud security and compliance,cloud security and compliance,,released,2023-04-13T13:38:13.208Z,,,"http://data.europa.eu/esco/concept-scheme/skills,
http://data.europa.eu/esco/concept-scheme/member-skills,
http://data.europa.eu/esco/concept-scheme/6c930acd-c104-4ece-acf7-f44fd7333036",Implement and manage security policies and access controls on cloud. Differentiate between the roles and responsibilities within the shared responsibility model.,in_domain,linked to the selected IT occupations
KnowledgeSkillCompetence,http://data.europa.eu/esco/skill/c1f29568-f2bb-49d2-b6c2-28748bd1629b,skill/competence,sector-specific,manage online content,manage website content,,released,2024-02-09T17:29:13.7Z,,,"http://data.europa.eu/esco/concept-scheme/skills,
http://data.europa.eu/esco/concept-scheme/member-skills,
http://data.europa.eu/esco/concept-scheme/6c930acd-c104-4ece-acf7-f44fd7333036","Ensure the website content is up to date, organised, attractive and meets the target audience needs, the requirements of the company and international standards by checking the links, setting the publishing time framework and order.",in_domain,linked to the selected IT occupations
KnowledgeSkillCompetence,http://data.europa.eu/esco/skill/c2296e2e-5fef-4f24-a24f-e5b3792268be,skill/competence,cross-sector,provide ICT support,"contribute ICT support
ICT support provision
administer ICT support
furnish ICT support
provision of ICT support
arrange ICT support
providing ICT support",,released,2024-02-09T17:29:11.47Z,,,"http://data.europa.eu/esco/concept-scheme/skills,
http://data.europa.eu/esco/concept-scheme/member-skills,
http://data.europa.eu/esco/concept-scheme/6c930acd-c104-4ece-acf7-f44fd7333036","Resolve ICT-related incidents and service requests from customers, clients or colleagues including password resets and updating databases such as Microsoft Exchange email.",in_domain,linked to the selected IT occupations
KnowledgeSkillCompetence,http://data.europa.eu/esco/skill/c241f5a5-e23f-47bf-ad24-d83ea0010166,skill/competence,cross-sector,ensure proper document management,"ensure proper management of documents
ensure management of proper documents
control record keeping system
double-check document management",,released,2024-02-09T17:29:09.851Z,,,"http://data.europa.eu/esco/concept-scheme/skills,
http://data.europa.eu/esco/concept-scheme/member-skills","Guarantee that the tracking and recording standards and rules for document management are followed, such as ensuring that changes are identified, that documents remain readable and that obsoleted documents are not used.",in_domain,linked to the selected IT occupations
KnowledgeSkillCompetence,http://data.europa.eu/esco/skill/c2999f0c-eb37-4cdf-b9b0-82107b628794,knowledge,cross-sector,style sheet languages,"Formatted Output Specification Instance
Extensible Stylesheet Language
cascading style sheets
CSS
SMIL Timesheets
Document Style Semantics and Specification Language","Formatted Output Specification Instance
SMIL Timesheets
Document Style Semantics and Specification Language
Extensible Stylesheet Language",released,2024-02-09T17:29:15.968Z,,,"http://data.europa.eu/esco/concept-scheme/skills,
http://data.europa.eu/esco/concept-scheme/member-skills,
http://data.europa.eu/esco/concept-scheme/6c930acd-c104-4ece-acf7-f44fd7333036","The field of computer language that conveys the presentation of structured documents such as Cascading Style Sheets (CSS). These documents have to adhere to style sheets, a set of stylistic rules such as font, color and layout.",in_domain,linked to the selected IT occupations
KnowledgeSkillCompetence,http://data.europa.eu/esco/skill/c2cbbccf-4ffd-4626-86e7-505b39c872a0,skill/competence,sector-specific,implement spam protection,"implementing email spam filter
install spam filter
implement email spam filter
installing spam filter
implementing spam protection
spam protection implementing
load spam filter",,released,2024-02-09T17:29:12.215Z,,,"http://data.europa.eu/esco/concept-scheme/skills,
http://data.europa.eu/esco/concept-scheme/member-skills,
http://data.europa.eu/esco/concept-scheme/6c930acd-c104-4ece-acf7-f44fd7333036",Install and configure software that supports email-users to filter messages that contain malware or that are unsolicited.,in_domain,linked to the selected IT occupations
KnowledgeSkillCompetence,http://data.europa.eu/esco/skill/c32ad607-0c4d-4e34-b73f-668298f7bf13,skill/competence,cross-sector,apply technical communication skills,"application of technical communication skills
implement technical communication skills
utilise technical communication skills
employ technical communication skills
applying technical communication skills
administer technical communication skills",,released,2024-02-09T17:29:09.009Z,,,"http://data.europa.eu/esco/concept-scheme/skills,
http://data.europa.eu/esco/concept-scheme/member-skills","Explain technical details to non-technical customers, stakeholders, or any other interested parties in a clear and concise manner.",in_domain,linked to the selected IT occupations
KnowledgeSkillCompetence,http://data.europa.eu/esco/skill/c3687b34-fe53-4db2-ad1b-5055a6c5b6fd,skill/competence,cross-sector,organise project meetings,"plan project meetings
handle project meetings logistic
schedule project sessions
manage project meetings
arrange project sessions",,released,2024-02-29T15:42:09.773Z,,,"http://data.europa.eu/esco/concept-scheme/skills,
http://data.europa.eu/esco/concept-scheme/member-skills","Organise project meetings such as the project kick-off meeting and the project review meeting. Plan the meeting agenda, set up conference calls, address any logistical needs and prepare documentation or hand-outs needed for the meeting. Ensure the participation of the project team, the project client and other relevant stakeholders. Draft and circulate the meeting minutes.",in_domain,linked to the selected IT occupations
KnowledgeSkillCompetence,http://data.europa.eu/esco/skill/c3a03c5a-c260-4c26-9b9a-873abb396f4d,knowledge,sector-specific,MATLAB,"MATLAB software development principles
MATLAB coding techniques
MATLAB algorithms
MATLAB software development techniques
MATLAB programming paradigms",,released,2025-06-25T08:20:05.218Z,,,"http://data.europa.eu/esco/concept-scheme/skills,
http://data.europa.eu/esco/concept-scheme/member-skills,
http://data.europa.eu/esco/concept-scheme/6c930acd-c104-4ece-acf7-f44fd7333036","The techniques and principles of software development, such as analysis, algorithms, coding, testing and compiling of programming paradigms in MATLAB.",in_domain,linked to the selected IT occupations
KnowledgeSkillCompetence,http://data.europa.eu/esco/skill/c3c2420c-ce9a-4371-8eed-1db479c3a562,skill/competence,cross-sector,write scientific publications,"scientific paper writing
draw up scientific papers
draft scientific papers",,released,2024-02-09T17:29:14.494Z,,,"http://data.europa.eu/esco/concept-scheme/skills,
http://data.europa.eu/esco/concept-scheme/member-skills,
http://data.europa.eu/esco/concept-scheme/research","Present the hypothesis, findings, and conclusions of your scientific research in your field of expertise in a professional publication.",in_domain,linked to the selected IT occupations
KnowledgeSkillCompetence,http://data.europa.eu/esco/skill/c3e36d05-8ae8-447f-bb2b-6f9409f85389,skill/competence,cross-sector,deliver visual presentation of data,"create data visualisation
visualise data",,released,2024-02-09T17:29:14.494Z,,,"http://data.europa.eu/esco/concept-scheme/skills,
http://data.europa.eu/esco/concept-scheme/member-skills,
http://data.europa.eu/esco/concept-scheme/6c930acd-c104-4ece-acf7-f44fd7333036",Create visual representations of data such as charts or diagrams for easier understanding.,in_domain,linked to the selected IT occupations
KnowledgeSkillCompetence,http://data.europa.eu/esco/skill/c453cf81-6197-428e-84c6-70c773b63f27,knowledge,sector-specific,ICT architectural frameworks,"ICT architectural structure
ICT architectural requirements
ICT architectural framework",,released,2025-06-25T08:20:05.218Z,,,"http://data.europa.eu/esco/concept-scheme/skills,
http://data.europa.eu/esco/concept-scheme/member-skills,
http://data.europa.eu/esco/concept-scheme/6c930acd-c104-4ece-acf7-f44fd7333036",The set of requirements that describe an information system's architecture.,in_domain,linked to the selected IT occupations
KnowledgeSkillCompetence,http://data.europa.eu/esco/skill/c4b1f326-224a-420a-b8b3-814a8f13b6cb,skill/competence,sector-specific,implement front-end website design,"provide front-end website design
design and develop front-end website",,released,2025-06-25T12:15:04.406Z,,,"http://data.europa.eu/esco/concept-scheme/skills,
http://data.europa.eu/esco/concept-scheme/member-skills,
http://data.europa.eu/esco/concept-scheme/6c930acd-c104-4ece-acf7-f44fd7333036",Develop website layout and enhance user experience based on provided design concepts.,in_domain,linked to the selected IT occupations
KnowledgeSkillCompetence,http://data.europa.eu/esco/skill/c4b626c1-e71c-44ec-9f88-042766f37fcc,knowledge,sector-specific,application usability,software usability,,released,2024-02-09T17:29:09.009Z,,,"http://data.europa.eu/esco/concept-scheme/skills,
http://data.europa.eu/esco/concept-scheme/member-skills,
http://data.europa.eu/esco/concept-scheme/6c930acd-c104-4ece-acf7-f44fd7333036","The process through which the learnability, efficiency, usefulness and ease of use of a software application can be defined and measured.",in_domain,linked to the selected IT occupations
KnowledgeSkillCompetence,http://data.europa.eu/esco/skill/c544a9f3-5945-4b54-afed-de0697852817,skill/competence,cross-sector,report analysis results,use data reporting,,released,2024-02-09T17:29:14.494Z,,,"http://data.europa.eu/esco/concept-scheme/skills,
http://data.europa.eu/esco/concept-scheme/member-skills","Produce research documents or give presentations to report the results of a conducted research and analysis project, indicating the analysis procedures and methods which led to the results, as well as potential interpretations of the results.",in_domain,linked to the selected IT occupations
KnowledgeSkillCompetence,http://data.europa.eu/esco/skill/c55caed2-de9e-4a25-819e-a0b0e83fba1b,skill/competence,cross-sector,give live presentation,"giving live presentations
give a live presentation
give live presentations
arrange live presentation
convey live presentation
deliver live presentation",,released,2024-02-09T17:29:09.851Z,,,"http://data.europa.eu/esco/concept-scheme/skills,
http://data.europa.eu/esco/concept-scheme/member-skills","Deliver a speech or talk in which a new product, service, idea, or piece of work is demonstrated and explained to an audience.",in_domain,linked to the selected IT occupations
KnowledgeSkillCompetence,http://data.europa.eu/esco/skill/c5e8abde-d2ba-4e8e-a65e-720b71180666,knowledge,sector-specific,unstructured data,types of unstructured data,,released,2025-04-16T12:01:10.304Z,,,"http://data.europa.eu/esco/concept-scheme/skills,
http://data.europa.eu/esco/concept-scheme/member-skills,
http://data.europa.eu/esco/concept-scheme/6c930acd-c104-4ece-acf7-f44fd7333036",The information that is not arranged in a pre-defined manner or does not have a pre-defined data model and is difficult to understand and find patterns in without using techniques such as data mining.,in_domain,linked to the selected IT occupations
KnowledgeSkillCompetence,http://data.europa.eu/esco/skill/c5ed451b-ef39-47a3-aee7-8f5be0aa8431,knowledge,sector-specific,CA Datacom/DB,"CA-Datacom/DB
CA Datacom
DATACOM/DB",,released,2024-02-09T17:29:14.494Z,,,"http://data.europa.eu/esco/concept-scheme/skills,
http://data.europa.eu/esco/concept-scheme/member-skills,
http://data.europa.eu/esco/concept-scheme/6c930acd-c104-4ece-acf7-f44fd7333036","The computer program CA Datacom/DB is a tool for creating, updating and managing databases, currently developed by the software company CA Technologies.",in_domain,linked to the selected IT occupations
KnowledgeSkillCompetence,http://data.europa.eu/esco/skill/c7451027-8249-405a-bb1b-342ff0f3fb3b,knowledge,sector-specific,Salt (tools for software configuration management),Salt,,released,2022-07-05T14:33:28.658Z,,,"http://data.europa.eu/esco/concept-scheme/skills,
http://data.europa.eu/esco/concept-scheme/member-skills,
http://data.europa.eu/esco/concept-scheme/6c930acd-c104-4ece-acf7-f44fd7333036","The tool Salt is a software program to perform configuration identification, control, status accounting and audit.",in_domain,linked to the selected IT occupations
KnowledgeSkillCompetence,http://data.europa.eu/esco/skill/c7cc6dc5-d56b-4323-8e5c-47c4022f615f,knowledge,cross-sector,quality assurance methodologies,"quality assurance plans
quality assurance methodology
quality assurance approaches
quality assurance arrangements
quality assurance processes",,released,2024-02-09T17:29:12.952Z,,,"http://data.europa.eu/esco/concept-scheme/skills,
http://data.europa.eu/esco/concept-scheme/member-skills","Quality assurance principles, standard requirements, and the set of processes and activities used for measuring, controlling and ensuring the quality of products and processes.",in_domain,linked to the selected IT occupations
KnowledgeSkillCompetence,http://data.europa.eu/esco/skill/c7d24594-0c11-4b27-9039-fe0bb903da8e,knowledge,sector-specific,LINQ,Language Integrated Query,,released,2024-02-09T17:29:16.725Z,,,"http://data.europa.eu/esco/concept-scheme/skills,
http://data.europa.eu/esco/concept-scheme/member-skills,
http://data.europa.eu/esco/concept-scheme/6c930acd-c104-4ece-acf7-f44fd7333036",The computer language LINQ is a query language for retrieval of information from a database and of documents containing the needed information. It is developed by the software company Microsoft.,in_domain,linked to the selected IT occupations
KnowledgeSkillCompetence,http://data.europa.eu/esco/skill/c9e96450-421d-48af-9ee6-d9c50e29afc2,knowledge,sector-specific,ICT recovery techniques,"ICT recovery techniques for corrupted software components
ICT recovery techniques for hardware
ICT recovery techniques for corrupted data
ICT recovery methods
ICT recovery techniques for damaged and corrupted software components",,released,2025-06-25T08:20:05.218Z,,,"http://data.europa.eu/esco/concept-scheme/skills,
http://data.europa.eu/esco/concept-scheme/member-skills,
http://data.europa.eu/esco/concept-scheme/6c930acd-c104-4ece-acf7-f44fd7333036","The techniques for recovering hardware or software components and data, after failure, corruption or damage.",in_domain,linked to the selected IT occupations
KnowledgeSkillCompetence,http://data.europa.eu/esco/skill/ca73ac82-867a-4afa-9732-834aebe896ff,knowledge,sector-specific,ICT system user requirements,"analysis of user requirement in ICT systems
analysis of user requirements in ICT systems",,released,2025-06-25T08:20:05.218Z,,,"http://data.europa.eu/esco/concept-scheme/skills,
http://data.europa.eu/esco/concept-scheme/member-skills,
http://data.europa.eu/esco/concept-scheme/6c930acd-c104-4ece-acf7-f44fd7333036","The process intended to match user and organisation's needs with system components and services, by taking into consideration the available technologies and the techniques required to elicit and specify requirements, interrogating users to establish symptoms of problem and analysing symptoms.",in_domain,linked to the selected IT occupations
KnowledgeSkillCompetence,http://data.europa.eu/esco/skill/cace7a77-38b7-4cdf-8171-e17692bef5f6,skill/competence,cross-sector,respond to customers' inquiries,"deal with client's enquiries
respond to a customer inquiry
answer customers' inquiries
respond to inquiries by customers",,released,2024-02-09T17:29:11.47Z,,,"http://data.europa.eu/esco/concept-scheme/skills,
http://data.europa.eu/esco/concept-scheme/member-skills","Answer customers' questions about itineraries, rates and reservations in person, by mail, by e-mail and on the phone.",in_domain,linked to the selected IT occupations
KnowledgeSkillCompetence,http://data.europa.eu/esco/skill/cb1b0777-0388-4b01-a0cf-7c6bbfbbd61d,skill/competence,sector-specific,review development process of an organisation,"review development process of an organization
judge development process of an organisation
judge development process of an organization
assess development process of an organization
assess development process of an organisation",,released,2024-02-26T10:05:36.415Z,,,"http://data.europa.eu/esco/concept-scheme/skills,
http://data.europa.eu/esco/concept-scheme/member-skills","Judge, review and decide on directions of innovation and development processes in an organisation in order to improve efficiency and reduce costs.",in_domain,linked to the selected IT occupations
KnowledgeSkillCompetence,http://data.europa.eu/esco/skill/cb5cccc9-abe4-4b11-abe6-d27e5cd85fb1,skill/competence,sector-specific,manage standards for data exchange,set standards for data transformation,,released,2025-06-25T08:45:06.159Z,,,"http://data.europa.eu/esco/concept-scheme/skills,
http://data.europa.eu/esco/concept-scheme/member-skills,
http://data.europa.eu/esco/concept-scheme/6c930acd-c104-4ece-acf7-f44fd7333036",Set and maintain standards for transforming data from source schemas into the necessary data structure of a result schema.,in_domain,linked to the selected IT occupations
KnowledgeSkillCompetence,http://data.europa.eu/esco/skill/cb668e89-6ef5-4ff3-ab4a-506010e7e70b,skill/competence,cross-sector,manage a team,"direct a team
managing a team
supervise a team
manage the team",,released,2024-02-09T17:29:13.7Z,,,"http://data.europa.eu/esco/concept-scheme/skills,
http://data.europa.eu/esco/concept-scheme/member-skills","Ensure clear and effective channels of communication across all departments within the organisation and support functions, both internally and externally ensuring that the team is aware of the standards and objectives of the department/business unit. Implement the disciplinary and grievance procedures as required ensuring that a fair and consistent approach to managing performance is consistently achieved. Assist in the recruitment process and manage, train and motivate employees to achieve/exceed their potential using effective performance management techniques. Encourage and develop a team ethic amongst all employees.",in_domain,linked to the selected IT occupations
KnowledgeSkillCompetence,http://data.europa.eu/esco/skill/cbe2c304-1e7d-489a-97d9-a7d3e37a9db6,skill/competence,sector-specific,apply ICT systems theory,"follow the theoretical principles for ICT systems
implement theoretical notions for ICT systems
follow the principles of ICT systems theory
implement principles for ICT systems
implement theoretical principless for ICT systems",,released,2025-06-25T12:15:04.406Z,,,"http://data.europa.eu/esco/concept-scheme/skills,
http://data.europa.eu/esco/concept-scheme/member-skills,
http://data.europa.eu/esco/concept-scheme/6c930acd-c104-4ece-acf7-f44fd7333036",Implement principles of ICT systems theory in order to explain and document system characteristics that can be applied universally to other systems.,in_domain,linked to the selected IT occupations
KnowledgeSkillCompetence,http://data.europa.eu/esco/skill/cc61f9e5-d4fc-470e-8606-1ce865ff8386,skill/competence,cross-sector,develop professional network with researchers and scientists,"cultivate a professional circle in academia
foster relationships with researchers and scientists
establish connections with researchers and scientists",,released,2024-03-01T12:37:18.21Z,,,"http://data.europa.eu/esco/concept-scheme/skills,
http://data.europa.eu/esco/concept-scheme/member-skills,
http://data.europa.eu/esco/concept-scheme/research","Develop alliances, contacts or partnerships, and exchange information with others. Foster integrated and open collaborations where different stakeholders co-create shared value research and innovations. Develop your personal profile or brand and make yourself visible and available in face-to-face and online networking environments.",in_domain,linked to the selected IT occupations
KnowledgeSkillCompetence,http://data.europa.eu/esco/skill/cc7370dd-69fa-4c67-a96f-d4d135d38700,knowledge,sector-specific,data quality assessment,"data quality analysis
analyse data quality",,released,2024-02-09T17:29:12.952Z,,,"http://data.europa.eu/esco/concept-scheme/skills,
http://data.europa.eu/esco/concept-scheme/member-skills,
http://data.europa.eu/esco/concept-scheme/6c930acd-c104-4ece-acf7-f44fd7333036","The process of revealing data issues using ​quality indicators, measures and metrics in order to plan data cleansing and data enrichment strategies according to data quality criteria.",in_domain,linked to the selected IT occupations
KnowledgeSkillCompetence,http://data.europa.eu/esco/skill/ccb2e5f2-4279-48fd-9d85-a1db42ff1e13,knowledge,cross-sector,project configuration management,"project deliverables management
project setup control
effective management process
project setup management",,released,2024-03-01T11:07:44.496Z,,,"http://data.europa.eu/esco/concept-scheme/skills,
http://data.europa.eu/esco/concept-scheme/member-skills","The process for the effective management of the key project artefacts and deliverables, ensuring that the correct versions are delivered to the project requestor and allowing project managers to identify the latest state of project artefacts and be able to gather all sources, documents, and other information for the project, prevent unauthorised changes, guarantee artefacts traceability and return to previous versions. It comprises the identification of project configuration items (CIs), their attributes and status codes, the establishment of baselines, the definition of roles and responsibilities for authorised changes to CIs, and the maintenance and control of a project repository.",in_domain,linked to the selected IT occupations
KnowledgeSkillCompetence,http://data.europa.eu/esco/skill/ccd0a1d9-afda-43d9-b901-96344886e14d,knowledge,sector-specific,Python (computer programming),"Python 3K
Python",Python 3K,released,2024-02-09T17:29:12.215Z,,,"http://data.europa.eu/esco/concept-scheme/skills,
http://data.europa.eu/esco/concept-scheme/member-skills,
http://data.europa.eu/esco/concept-scheme/6c930acd-c104-4ece-acf7-f44fd7333036","The techniques and principles of software development, such as analysis, algorithms, coding, testing and compiling of programming paradigms in Python.",in_domain,linked to the selected IT occupations
KnowledgeSkillCompetence,http://data.europa.eu/esco/skill/ccdbd9bb-4faf-403c-a968-e8bf487f8a53,knowledge,sector-specific,business ICT systems,business IT systems,,released,2024-02-09T17:29:12.952Z,,,"http://data.europa.eu/esco/concept-scheme/skills,
http://data.europa.eu/esco/concept-scheme/member-skills,
http://data.europa.eu/esco/concept-scheme/6c930acd-c104-4ece-acf7-f44fd7333036","The software packages, hardware devices and new technologies used in supporting business processes such as enterprise resource planning (ERP), customer relationship management (CRM), mobile devices and network solutions.",in_domain,linked to the selected IT occupations
KnowledgeSkillCompetence,http://data.europa.eu/esco/skill/cd50d616-1f8b-481e-983f-68d2674ff82d,skill/competence,cross-sector,integrate gender dimension in research,"account for gender characteristics in scientific research
promote inclusion in research",,released,2022-08-25T12:53:49.834Z,,,"http://data.europa.eu/esco/concept-scheme/skills,
http://data.europa.eu/esco/concept-scheme/member-skills,
http://data.europa.eu/esco/concept-scheme/research",Take into account in the whole research process the biological characteristics and the evolving social and cultural features of women and men (gender).,in_domain,linked to the selected IT occupations
KnowledgeSkillCompetence,http://data.europa.eu/esco/skill/cd5efa8c-e44d-4cbc-91c6-796018dbed68,skill/competence,cross-sector,perform project management,"perform management of projects
performing project management
manage projects
do project management
conduct project management
perform projects management",,released,2024-02-09T17:29:12.215Z,,,"http://data.europa.eu/esco/concept-scheme/skills,
http://data.europa.eu/esco/concept-scheme/member-skills,
http://data.europa.eu/esco/concept-scheme/research","Manage and plan various resources, such as human resources, budget, deadline, results, and quality necessary for a specific project, and monitor the project's progress in order to achieve a specific goal within a set time and budget.",in_domain,linked to the selected IT occupations
KnowledgeSkillCompetence,http://data.europa.eu/esco/skill/cdd8b6b2-2fd9-453c-8d62-8a1dc6efcd49,knowledge,sector-specific,systems theory,systems fundamentals,,released,2025-06-25T08:20:05.218Z,,,"http://data.europa.eu/esco/concept-scheme/skills,
http://data.europa.eu/esco/concept-scheme/member-skills,
http://data.europa.eu/esco/concept-scheme/6c930acd-c104-4ece-acf7-f44fd7333036","The principles that can be applied to all types of systems at all hierarchical levels, which describe the system's internal organisation, its mechanisms of maintaining identity and stability and achieving adaptation and self-regulation and its dependencies and interaction with the environment.",in_domain,linked to the selected IT occupations
KnowledgeSkillCompetence,http://data.europa.eu/esco/skill/ce26e71f-2d47-474e-89b6-7920931ac4fc,knowledge,sector-specific,iOS,"IPhoneOS
IPhone os
IOS (operating system)
IPadOS
IPhone OS
iPhone OS","IOS (operating system)
IPhone OS
IPhoneOS
IPadOS
IPhone os",released,2024-02-09T17:29:12.952Z,,,"http://data.europa.eu/esco/concept-scheme/skills,
http://data.europa.eu/esco/concept-scheme/member-skills,
http://data.europa.eu/esco/concept-scheme/6c930acd-c104-4ece-acf7-f44fd7333036","The system software iOS consists of features, restrictions, architectures and other characteristics of operating systems designed to run on mobile devices.",in_domain,linked to the selected IT occupations
KnowledgeSkillCompetence,http://data.europa.eu/esco/skill/ce354460-500e-4eaa-8e95-8f243fcea3db,skill/competence,sector-specific,manage system testing,"oversee testing of hardware
oversee testing of software",,released,2025-06-25T12:15:04.406Z,,,"http://data.europa.eu/esco/concept-scheme/skills,
http://data.europa.eu/esco/concept-scheme/member-skills,
http://data.europa.eu/esco/concept-scheme/6c930acd-c104-4ece-acf7-f44fd7333036","Select, perform and track testings on software or hardware to detect system defects both within the integrated system units, the inter-assemblages and the system as a whole. Organise testings such as installation testing, security testing and graphical user interface testing.",in_domain,linked to the selected IT occupations
KnowledgeSkillCompetence,http://data.europa.eu/esco/skill/ce8ae6ca-61d8-4174-b457-641de96cbff4,skill/competence,sector-specific,automate cloud tasks,"evaluate cloud automation alternatives
automation of cloud tasks
optimise cloud workflows",,released,2024-02-29T16:57:50.138Z,,,"http://data.europa.eu/esco/concept-scheme/skills,
http://data.europa.eu/esco/concept-scheme/member-skills,
http://data.europa.eu/esco/concept-scheme/6c930acd-c104-4ece-acf7-f44fd7333036",Automate manual or repeatable processes to minimize management overhead. Evaluate cloud automation alternatives for network deployments and tool-based alternatives for network operations and management.,in_domain,linked to the selected IT occupations
KnowledgeSkillCompetence,http://data.europa.eu/esco/skill/cef5c0f8-1e40-4c09-b6a7-aa7811849e5d,knowledge,cross-sector,ethics,"the study of moral principles
moral studies",,released,2024-02-09T17:29:12.215Z,,,"http://data.europa.eu/esco/concept-scheme/skills,
http://data.europa.eu/esco/concept-scheme/member-skills","The philosophical study that deals with solving questions of human morality; it defines and systemises concepts such as right, wrong, and crime.",in_domain,linked to the selected IT occupations
KnowledgeSkillCompetence,http://data.europa.eu/esco/skill/cf3e976d-2c3e-495c-a874-f9e8a66d3b48,skill/competence,sector-specific,perform backups,"backup data
backup ICT system",,released,2024-02-09T17:29:09.851Z,,,"http://data.europa.eu/esco/concept-scheme/skills,
http://data.europa.eu/esco/concept-scheme/member-skills,
http://data.europa.eu/esco/concept-scheme/6c930acd-c104-4ece-acf7-f44fd7333036",Implement backup procedures to backup data and systems to ensure permanent and reliable system operation. Execute data backups in order to secure information by copying and archiving to ensure integrity during system integration and after data loss occurrence.,in_domain,linked to the selected IT occupations
KnowledgeSkillCompetence,http://data.europa.eu/esco/skill/cf532795-a1fd-43bd-8407-6e43f877e6e3,knowledge,sector-specific,mobile device management,"BYOD
cell phone device management
mobile terminals
bring your own device",,released,2023-05-05T16:18:59.031Z,,,"http://data.europa.eu/esco/concept-scheme/skills,
http://data.europa.eu/esco/concept-scheme/member-skills,
http://data.europa.eu/esco/concept-scheme/6c930acd-c104-4ece-acf7-f44fd7333036","The methods for managing the use of mobile devices within an organisation, while ensuring security.",in_domain,linked to the selected IT occupations
KnowledgeSkillCompetence,http://data.europa.eu/esco/skill/d0c6d77e-cb25-4770-bf77-2073fc5f7523,knowledge,sector-specific,ICT infrastructure,"ICT infrastructure and operations
IT infrastructure and operations
IT architecture and infrastructure
ICT architecture and infrastructure",,released,2025-06-25T08:20:05.218Z,,,"http://data.europa.eu/esco/concept-scheme/skills,
http://data.europa.eu/esco/concept-scheme/member-skills,
http://data.europa.eu/esco/concept-scheme/6c930acd-c104-4ece-acf7-f44fd7333036","The system, network, hardware and software applications and components, as well as devices and processes that are used in order to develop, test, deliver, monitor, control or support ICT services.",in_domain,linked to the selected IT occupations
KnowledgeSkillCompetence,http://data.europa.eu/esco/skill/d15ba5cb-9212-4a90-85af-2c560da59925,skill/competence,sector-specific,perform product planning,"perform a product plan
product planning performance
implement product planning
undertake product planning
complete product planning
performing product planning",,released,2024-02-09T17:29:11.47Z,,,"http://data.europa.eu/esco/concept-scheme/skills,
http://data.europa.eu/esco/concept-scheme/member-skills","Identify and articulate market requirements that define a product’s feature set. Product planning serves as the basis for decisions about price, distribution and promotion.",in_domain,linked to the selected IT occupations
KnowledgeSkillCompetence,http://data.europa.eu/esco/skill/d1e954cd-d290-4d80-97c0-7969960d2928,knowledge,sector-specific,distributed directory information services,"active directory
directory service
install directory services",,released,2024-02-09T17:29:12.952Z,,,"http://data.europa.eu/esco/concept-scheme/skills,
http://data.europa.eu/esco/concept-scheme/member-skills,
http://data.europa.eu/esco/concept-scheme/6c930acd-c104-4ece-acf7-f44fd7333036","The directory services that automate the network management of security, user data and distributed resources and enable access to information in a computer system's directory.",in_domain,linked to the selected IT occupations
KnowledgeSkillCompetence,http://data.europa.eu/esco/skill/d2adb565-a865-424d-aeb5-9fbcbf2afe2a,knowledge,sector-specific,Joomla,Joomla software,,released,2024-01-10T14:54:00.284Z,,,"http://data.europa.eu/esco/concept-scheme/skills,
http://data.europa.eu/esco/concept-scheme/member-skills,
http://data.europa.eu/esco/concept-scheme/6c930acd-c104-4ece-acf7-f44fd7333036","The open-source web-based software system written in PHP, used for creating, editing, publishing and archiving blogs, articles, corporate or small business websites, social networking websites or press releases.",in_domain,linked to the selected IT occupations
KnowledgeSkillCompetence,http://data.europa.eu/esco/skill/d31fab87-2a7d-485c-b699-2901ca294b15,skill/competence,sector-specific,use functional programming,apply functional programming principles,,released,2025-06-25T08:45:06.159Z,,,"http://data.europa.eu/esco/concept-scheme/skills,
http://data.europa.eu/esco/concept-scheme/member-skills,
http://data.europa.eu/esco/concept-scheme/6c930acd-c104-4ece-acf7-f44fd7333036","Utilise specialised ICT tools to create computer code which treats computation as the evaluation of mathematical functions and seeks to avoid state and mutable data. Use programming languages which support this method such as LISP, PROLOG and Haskell.",in_domain,linked to the selected IT occupations
KnowledgeSkillCompetence,http://data.europa.eu/esco/skill/d3286405-49f8-4e8a-8046-a4376b4e7963,skill/competence,sector-specific,manage cloud data and storage,"manage cloud data encryption
manage cloud data retention
cloud storage and data management
implement cloud data protection
create cloud data retention",,released,2024-02-23T09:02:38.545Z,,,"http://data.europa.eu/esco/concept-scheme/skills,
http://data.europa.eu/esco/concept-scheme/member-skills,
http://data.europa.eu/esco/concept-scheme/6c930acd-c104-4ece-acf7-f44fd7333036","Create and manage cloud data retention. Identify and implement data protection, encryption, and capacity planning needs.",in_domain,linked to the selected IT occupations
KnowledgeSkillCompetence,http://data.europa.eu/esco/skill/d32db06e-bd06-4415-a7ab-1b0ee68caa9a,knowledge,sector-specific,ICT encryption,"TLS
symmetric-key algorithm
asymmetric cryptography
public-key cryptography
transport layer security
SSL
secure sockets layer",,released,2024-02-09T17:29:16.725Z,,,"http://data.europa.eu/esco/concept-scheme/skills,
http://data.europa.eu/esco/concept-scheme/member-skills,
http://data.europa.eu/esco/concept-scheme/6c930acd-c104-4ece-acf7-f44fd7333036","The conversion of electronic data into a format which is readable only by authorized parties which use key encryption techniques, such as Public Key Infrastructure (PKI) and Secure Socket Layer (SSL).",in_domain,linked to the selected IT occupations
KnowledgeSkillCompetence,http://data.europa.eu/esco/skill/d38871eb-b988-495e-8fca-345677b597a8,knowledge,cross-sector,state estimation,"state inference
energy state estimation
state estimation and prediction",,released,2023-10-26T10:18:56.934Z,,,"http://data.europa.eu/esco/concept-scheme/skills,
http://data.europa.eu/esco/concept-scheme/member-skills",The process of fusing input data measurements and a mathematical model to determine the internal state of an energy system.,in_domain,linked to the selected IT occupations
KnowledgeSkillCompetence,http://data.europa.eu/esco/skill/d3e9b00a-0891-4fa8-836d-8240ec3d2758,knowledge,sector-specific,GDPR,"EU data protection
knowledge of GDPR
General Data Protection Regulation",,released,2024-02-29T16:37:26.63Z,,,"http://data.europa.eu/esco/concept-scheme/skills,
http://data.europa.eu/esco/concept-scheme/member-skills,
http://data.europa.eu/esco/concept-scheme/6c930acd-c104-4ece-acf7-f44fd7333036",The General Data Protection Regulation is the EU regulation on the protection of natural persons with regard to the processing of personal data and on the free movement of such data.,in_domain,linked to the selected IT occupations
KnowledgeSkillCompetence,http://data.europa.eu/esco/skill/d3eccb86-f02d-4950-bfbd-20b9510774a1,skill/competence,cross-sector,apply organisational techniques,"apply an organisational technique
employ organisational techniques
administer organisational techniques
utilise organisational techniques
implement organisational techniques
applying organisational techniques
apply organizational techniques
organisational techniques application",,released,2021-09-17T15:07:06.187Z,,,"http://data.europa.eu/esco/concept-scheme/skills,
http://data.europa.eu/esco/concept-scheme/member-skills","Employ a set of organisational techniques and procedures which facilitate the achievement of the set goals set such as detailed planning of personnel's schedules. Use these resources efficiently and sustainably, and show flexibility when required.",in_domain,linked to the selected IT occupations
KnowledgeSkillCompetence,http://data.europa.eu/esco/skill/d4789070-2ff7-4bbb-94ca-8bb1739826a9,knowledge,cross-sector,authoring software,,"LaTeX
Microsoft Publisher",released,2025-02-27T12:45:08.961Z,,,"http://data.europa.eu/esco/concept-scheme/skills,
http://data.europa.eu/esco/concept-scheme/member-skills,
http://data.europa.eu/esco/concept-scheme/6c930acd-c104-4ece-acf7-f44fd7333036","The software that provides pre-programmed elements which allow the development of interactive multimedia applications in order to edit, structure and lay out content intended for publication.",in_domain,linked to the selected IT occupations
KnowledgeSkillCompetence,http://data.europa.eu/esco/skill/d5145a9a-602e-40bf-b3e1-f04cf9c3ef86,knowledge,cross-sector,leadership principles,"scope of management principles
principles of management
scope of leadership principles
range of leadership principles
principles of leadership
range of management principles
literature on leadership principles
literature on management principles",,released,2023-02-20T15:11:57.557Z,,,"http://data.europa.eu/esco/concept-scheme/skills,
http://data.europa.eu/esco/concept-scheme/member-skills","Set of traits and values which guide the actions of a leader with her/his employees and the company and provide direction throughout her/his career. These principles are also an important tool for self-evaluation to identify strengths and weaknesses, and seek self-improvement.",in_domain,linked to the selected IT occupations
KnowledgeSkillCompetence,http://data.europa.eu/esco/skill/d54a1355-05c8-45eb-9c42-267d2cfcdf44,skill/competence,cross-sector,provide technical training,"technical training provision
providing technical training
administer technical training
provision of technical training
contribute technical training
furnish technical training
arrange technical training",,released,2024-02-09T17:29:14.494Z,,,"http://data.europa.eu/esco/concept-scheme/skills,
http://data.europa.eu/esco/concept-scheme/member-skills",Explain and demonstrate the use of training equipment and system functions.,in_domain,linked to the selected IT occupations
KnowledgeSkillCompetence,http://data.europa.eu/esco/skill/d56fc2b5-4b0a-4e7e-9bde-a33736f6ff18,knowledge,sector-specific,Scratch (computer programming),Scratch,,released,2022-07-05T14:34:33.959Z,,,"http://data.europa.eu/esco/concept-scheme/skills,
http://data.europa.eu/esco/concept-scheme/member-skills,
http://data.europa.eu/esco/concept-scheme/6c930acd-c104-4ece-acf7-f44fd7333036","The techniques and principles of software development, such as analysis, algorithms, coding, testing and compiling of programming paradigms in Scratch.",in_domain,linked to the selected IT occupations
KnowledgeSkillCompetence,http://data.europa.eu/esco/skill/d5a59ca8-2e91-472e-8571-d12ce4478679,knowledge,sector-specific,Process-based management,process-based project management methodology,,released,2025-06-25T08:20:05.218Z,,,"http://data.europa.eu/esco/concept-scheme/skills,
http://data.europa.eu/esco/concept-scheme/member-skills,
http://data.europa.eu/esco/concept-scheme/6c930acd-c104-4ece-acf7-f44fd7333036","The process-based management approach is a methodology for planning, managing and overseeing of ICT resources in order to meet specific goals and using project management ICT tools.",in_domain,linked to the selected IT occupations
KnowledgeSkillCompetence,http://data.europa.eu/esco/skill/d6cdef49-b669-4507-91d1-3f959cf98e47,skill/competence,sector-specific,maintain database performance,execute database maintenance,,released,2025-06-25T12:15:04.406Z,,,"http://data.europa.eu/esco/concept-scheme/skills,
http://data.europa.eu/esco/concept-scheme/member-skills,
http://data.europa.eu/esco/concept-scheme/6c930acd-c104-4ece-acf7-f44fd7333036",Calculate values for database parameters. Implement new releases and execute regular maintenance tasks such as establishing backup strategies and eliminating index fragmentation.,in_domain,linked to the selected IT occupations
KnowledgeSkillCompetence,http://data.europa.eu/esco/skill/d6d3fee7-47e2-47f4-a0ec-6c75f28c6abd,knowledge,sector-specific,product comprehension,"products comprehension
comprehending products
product understanding
product requirements
product knowledge
comprehension of products",,released,2024-02-09T17:29:12.215Z,,,"http://data.europa.eu/esco/concept-scheme/skills,
http://data.europa.eu/esco/concept-scheme/member-skills","The offered products, their functionalities, properties and legal and regulatory requirements.",in_domain,linked to the selected IT occupations
KnowledgeSkillCompetence,http://data.europa.eu/esco/skill/d6e3395b-5ab6-4fba-969a-3df634e904c5,knowledge,sector-specific,ICT network cable limitations,"ICT network wire limitations
ICT network line limitations",,released,2024-02-09T17:29:12.215Z,,,"http://data.europa.eu/esco/concept-scheme/skills,
http://data.europa.eu/esco/concept-scheme/member-skills,
http://data.europa.eu/esco/concept-scheme/6c930acd-c104-4ece-acf7-f44fd7333036","The limitations, such as distance limitations and resistance of types of cables, such as fibre cable, coax cable and ethernet cable which are used for realising networks.",in_domain,linked to the selected IT occupations
KnowledgeSkillCompetence,http://data.europa.eu/esco/skill/d74df140-eb69-43e2-bac9-1cafc824d702,skill/competence,cross-sector,execute feasibility study,"conduct feasibility assessment
undertake feasibility studies
perform feasibility study on solar heating
perform feasibility study on solar absorption cooling
conduct feasibility studies
perform feasibility analysis",,released,2025-06-25T12:15:04.406Z,,,"http://data.europa.eu/esco/concept-scheme/skills,
http://data.europa.eu/esco/concept-scheme/member-skills","Perform the evaluation and assessment of the potential of a project, plan, proposition or new idea. Realise a standardised study which is based on extensive investigation and research to support the process of decision making.",in_domain,linked to the selected IT occupations
KnowledgeSkillCompetence,http://data.europa.eu/esco/skill/d78dedfc-21d2-45fd-ba05-e56b7a8865e6,knowledge,sector-specific,network standards,"network protocols
network guidelines
network codes",,released,2023-11-29T16:29:25.603Z,,,"http://data.europa.eu/esco/concept-scheme/skills,
http://data.europa.eu/esco/concept-scheme/member-skills,
http://data.europa.eu/esco/concept-scheme/6c930acd-c104-4ece-acf7-f44fd7333036","Regulated standards that provide the technical guidelines, specifications, and requirements to ensure safe and efficient interoperability between devices, software, equipment, and organisations. Networking standards govern the software and hardware which uses them.",in_domain,linked to the selected IT occupations
KnowledgeSkillCompetence,http://data.europa.eu/esco/skill/d8829a1d-dbde-435b-b921-29d6462f35c9,knowledge,sector-specific,Android (mobile operating systems),Android,,released,2022-07-05T14:33:44.716Z,,,"http://data.europa.eu/esco/concept-scheme/skills,
http://data.europa.eu/esco/concept-scheme/member-skills,
http://data.europa.eu/esco/concept-scheme/6c930acd-c104-4ece-acf7-f44fd7333036","The system software Android consists of features, restrictions, architectures and other characteristics of operating systems designed to run on mobile devices.",in_domain,linked to the selected IT occupations
KnowledgeSkillCompetence,http://data.europa.eu/esco/skill/d88cb3f1-8e02-4618-bf32-4b0488066934,knowledge,cross-sector,mechatronics,"mechatronic engineering
smart machines
science of mechatronics
mechatronic science
field of mechatronics",,released,2024-02-09T17:29:13.7Z,,,"http://data.europa.eu/esco/concept-scheme/skills,
http://data.europa.eu/esco/concept-scheme/member-skills","Multidisciplinary field of engineering that combines principles of electrical engineering, telecommunications engineering, control engineering, computer engineering, and mechanical engineering in the design of products and manufacturing processes. The combination of these areas of engineering allows for the design and development of ""smart"" devices and the achievement of an optimal balance between mechanical structure and control.",in_domain,linked to the selected IT occupations
KnowledgeSkillCompetence,http://data.europa.eu/esco/skill/d9e5349e-8791-49c2-8ba4-839fdd1606c2,skill/competence,cross-sector,define technical requirements,"write up a list of technical specifications
gather technical requirements
jot down technical specifications in a list
write up a technical specifications' list
write technical specifications
write up technical specifications in a list
make a list of technical aspects",,released,2024-01-22T12:28:26.281Z,,,"http://data.europa.eu/esco/concept-scheme/skills,
http://data.europa.eu/esco/concept-scheme/member-skills","Specify technical properties of goods, materials, methods, processes, services, systems, software and functionalities by identifying and responding to the particular needs that are to be satisfied according to customer requirements.",in_domain,linked to the selected IT occupations
KnowledgeSkillCompetence,http://data.europa.eu/esco/skill/d9eaf831-9348-4330-a83e-b7c099cdc8f6,knowledge,sector-specific,Teradata Database,"Teradata
Teradata Integrated Data Warehouse",,released,2024-02-09T17:29:15.235Z,,,"http://data.europa.eu/esco/concept-scheme/skills,
http://data.europa.eu/esco/concept-scheme/member-skills,
http://data.europa.eu/esco/concept-scheme/6c930acd-c104-4ece-acf7-f44fd7333036","The computer program Teradata Database is a tool for creating, updating and managing databases, developed by the software company Teradata Corporation.",in_domain,linked to the selected IT occupations
KnowledgeSkillCompetence,http://data.europa.eu/esco/skill/da042121-959d-451b-b4d0-3bbf07c1bc67,skill/competence,sector-specific,analyse network bandwidth requirements,"analyze network bandwidth requirements
measure network bandwidth requirements
assess network bandwidth requirements",,released,2024-02-29T17:19:23.5Z,,,"http://data.europa.eu/esco/concept-scheme/skills,
http://data.europa.eu/esco/concept-scheme/member-skills,
http://data.europa.eu/esco/concept-scheme/6c930acd-c104-4ece-acf7-f44fd7333036",Study the requirements on the transmission capacity of an ICT network or other telecommunication system.,in_domain,linked to the selected IT occupations
KnowledgeSkillCompetence,http://data.europa.eu/esco/skill/da6393d5-a53c-4863-abc7-51f36281d74e,knowledge,sector-specific,lean project management,"lean project management approach
Lean Six Sigma
lean project methodology",,released,2025-04-16T10:06:45.846Z,,,"http://data.europa.eu/esco/concept-scheme/skills,
http://data.europa.eu/esco/concept-scheme/member-skills,
http://data.europa.eu/esco/concept-scheme/6c930acd-c104-4ece-acf7-f44fd7333036","The lean project management approach is a methodology for planning, managing and overseeing of ICT resources in order to meet specific goals and using project management ICT tools.",in_domain,linked to the selected IT occupations
KnowledgeSkillCompetence,http://data.europa.eu/esco/skill/da930e2f-6047-4616-a598-bba8ecef3039,skill/competence,cross-sector,manage open publications,"manage open-source content
manage open-source publications
handle open-source content
handle open publications
handle open-source publications",,released,2024-02-23T15:21:32.989Z,,,"http://data.europa.eu/esco/concept-scheme/skills,
http://data.europa.eu/esco/concept-scheme/member-skills,
http://data.europa.eu/esco/concept-scheme/research,
http://data.europa.eu/esco/concept-scheme/6c930acd-c104-4ece-acf7-f44fd7333036","Be familiar with Open Publication strategies, with the use of information technology to support research, and with the development and management of CRIS (current research information systems) and institutional repositories. Provide licensing and copyright advice, use bibliometric indicators, and measure and report research impact.",in_domain,linked to the selected IT occupations
KnowledgeSkillCompetence,http://data.europa.eu/esco/skill/dad7e408-162f-46a4-8567-db560e19e2fc,skill/competence,sector-specific,identify ICT system weaknesses,"identify cyber infrastructure vulnerabilities
identify vulnerabilities of a cyber infrastructure",,released,2024-02-09T17:29:14.494Z,,,"http://data.europa.eu/esco/concept-scheme/skills,
http://data.europa.eu/esco/concept-scheme/member-skills,
http://data.europa.eu/esco/concept-scheme/6c930acd-c104-4ece-acf7-f44fd7333036","Analyse the system and network architecture, hardware and software components and data in order to identify weaknesses and vulnerability to intrusions or attacks. Execute diagnostic operations on cyber infrastructure including research, identification, interpretation and categorization of vulnerabilities, associated attacks and malicious code (e.g. malware forensics and malicious network activity). Compare indicators or observables with requirements and review logs to identify evidence of past intrusions.",in_domain,linked to the selected IT occupations
KnowledgeSkillCompetence,http://data.europa.eu/esco/skill/db36f7f1-5900-45bd-9ffb-f2b19c4362ac,skill/competence,sector-specific,support ICT system users,"staff support
user assistance
provide guidance on the use",,released,2024-02-09T17:29:12.952Z,,,"http://data.europa.eu/esco/concept-scheme/skills,
http://data.europa.eu/esco/concept-scheme/member-skills,
http://data.europa.eu/esco/concept-scheme/6c930acd-c104-4ece-acf7-f44fd7333036","Communicate with end users, instruct them on how to progress with tasks, use ICT support tools and methods to solve problems and identify possible side effects and provide solutions.",in_domain,linked to the selected IT occupations
KnowledgeSkillCompetence,http://data.europa.eu/esco/skill/dba46f87-0831-49cd-a1c7-340a653c0221,knowledge,sector-specific,Agile development,"Agile Development Environment
Agile Software Development Practices
Agile frameworks
Agile software environment
Agile development framework
Agile software development methods
Agile software development
Agile scrum development framework",,released,2025-06-25T08:20:05.218Z,,,"http://data.europa.eu/esco/concept-scheme/skills,
http://data.europa.eu/esco/concept-scheme/member-skills,
http://data.europa.eu/esco/concept-scheme/6c930acd-c104-4ece-acf7-f44fd7333036",The agile development model is a methodology to design software systems and applications.,in_domain,linked to the selected IT occupations
KnowledgeSkillCompetence,http://data.europa.eu/esco/skill/dc72ad0a-c5dc-4abd-bc0d-ca43e82162e1,skill/competence,cross-sector,build business relationships,"assemble business relationships
build a business relationship
set up business relationships
produce business relationships
devise business relationships
construct business relationships
building business relationships",,released,2024-02-09T17:29:09.851Z,,,"http://data.europa.eu/esco/concept-scheme/skills,
http://data.europa.eu/esco/concept-scheme/member-skills","Establish a positive, long-term relationship between organisations and interested third parties such as suppliers, distributors, shareholders and other stakeholders in order to inform them of the organisation and its objectives.",in_domain,linked to the selected IT occupations
KnowledgeSkillCompetence,http://data.europa.eu/esco/skill/dcdd5ddf-82a6-4ac3-8edc-d4b23cae9a88,knowledge,sector-specific,VBScript,"VBScript for web-based scripting
VBScript programming paradigms
VBScript coding techniques
VBScript scripting techniques
VBScript algorithms",,released,2025-06-25T08:20:05.218Z,,,"http://data.europa.eu/esco/concept-scheme/skills,
http://data.europa.eu/esco/concept-scheme/member-skills,
http://data.europa.eu/esco/concept-scheme/6c930acd-c104-4ece-acf7-f44fd7333036","The techniques and principles of software development, such as analysis, algorithms, coding, testing and compiling of programming paradigms in VBScript.",in_domain,linked to the selected IT occupations
KnowledgeSkillCompetence,http://data.europa.eu/esco/skill/ddb65832-91a7-4157-9488-719a0e2ad87b,skill/competence,sector-specific,lead disaster recovery exercises,"supervise disaster recovery trainings
supervise disaster recovery exercises
conduct disaster recovery trainings",,released,2025-11-26T10:29:16.846Z,,,"http://data.europa.eu/esco/concept-scheme/skills,
http://data.europa.eu/esco/concept-scheme/member-skills,
http://data.europa.eu/esco/concept-scheme/6c930acd-c104-4ece-acf7-f44fd7333036","Head exercises which educate people on what to do in case of an unforeseen disastrous event in the functioning or security of ICT systems, such as on recovery of data, protection of identity and information and which steps to take in order to prevent further problems.",in_domain,linked to the selected IT occupations
KnowledgeSkillCompetence,http://data.europa.eu/esco/skill/ddc3119d-1d6e-4324-9125-a3380d299ac5,knowledge,cross-sector,computer technology,"ICT
information technology
IT
technology in computing
information and communications technology
technology of computers
technology in computers
technology in computer networks",,released,2024-02-09T17:29:10.678Z,,,"http://data.europa.eu/esco/concept-scheme/skills,
http://data.europa.eu/esco/concept-scheme/member-skills,
http://data.europa.eu/esco/concept-scheme/6c930acd-c104-4ece-acf7-f44fd7333036","Computers, computer networks and other information technologies and equipment that can store, retrieve, transmit and manipulate data.",in_domain,linked to the selected IT occupations
KnowledgeSkillCompetence,http://data.europa.eu/esco/skill/ddfe79e2-c2e3-4ba7-9bdf-3820b4f75b54,skill/competence,sector-specific,identify ICT user needs,ICT user needs identification techniques,,released,2024-02-09T17:29:14.494Z,,,"http://data.europa.eu/esco/concept-scheme/skills,
http://data.europa.eu/esco/concept-scheme/member-skills,
http://data.europa.eu/esco/concept-scheme/6c930acd-c104-4ece-acf7-f44fd7333036","Determine the needs and requirements of ICT users of a specific system by applying analytical methods, such as target group analysis.",in_domain,linked to the selected IT occupations
KnowledgeSkillCompetence,http://data.europa.eu/esco/skill/de0be6e8-644c-4cc9-9c8d-925dd98dda56,knowledge,sector-specific,software interaction design,interaction design,,released,2024-02-09T17:29:16.725Z,,,"http://data.europa.eu/esco/concept-scheme/skills,
http://data.europa.eu/esco/concept-scheme/member-skills,
http://data.europa.eu/esco/concept-scheme/6c930acd-c104-4ece-acf7-f44fd7333036",The methodologies for designing interaction between users and a software product or service to satisfy the needs and preferences of most of the people who will interface with the product and to simplify the communication between product and user such as Goal-oriented design.,in_domain,linked to the selected IT occupations
KnowledgeSkillCompetence,http://data.europa.eu/esco/skill/de586dcf-d7e5-4340-bf5b-d59026f1b436,knowledge,sector-specific,penetration testing tool,"I.C.U.MVS
COPS
CA-Examine
IP360 Vulnerability Management System
S10SCAN
metasploit
PanSec
Quickinspector
Nfsbug
NTellect
Pmutil
Chkpwd
GamaScan
SFProtect Mobile
Hobgoblin
VAM
SAM System Scanner
Trojan
Cisco Secure Scanner
Burpsuite
SFProtect Server
HackerShield
penetration testing software
SAM Internet Scanner
NMAP
output of a penetration test
PhoneSweep
NTCrack
webinspect","IP360 Vulnerability Management System
S10SCAN
PanSec
Quickinspector
Nfsbug
Pmutil
GamaScan
CA-Examine
Trojan
SFProtect Mobile
Chkpwd
Cisco Secure Scanner
SAM System Scanner
VAM
SFProtect Server
HackerShield
COPS
NTellect
I.C.U.MVS
Hobgoblin
PhoneSweep
NTCrack
NMAP
SAM Internet Scanner",released,2024-02-09T17:29:12.952Z,,,"http://data.europa.eu/esco/concept-scheme/skills,
http://data.europa.eu/esco/concept-scheme/member-skills,
http://data.europa.eu/esco/concept-scheme/6c930acd-c104-4ece-acf7-f44fd7333036","The specialised ICT tools which test security weaknesses of the system for potentially unauthorised access to system information such as Metasploit, Burp suite and Webinspect.",in_domain,linked to the selected IT occupations
KnowledgeSkillCompetence,http://data.europa.eu/esco/skill/de9f85ba-e77f-48fd-8c66-f5ebaf32d655,knowledge,sector-specific,Oracle Relational Database,"Rdb
Oracle Rdb",,released,2024-02-09T17:29:14.494Z,,,"http://data.europa.eu/esco/concept-scheme/skills,
http://data.europa.eu/esco/concept-scheme/member-skills,
http://data.europa.eu/esco/concept-scheme/6c930acd-c104-4ece-acf7-f44fd7333036","The computer program Oracle Rdb is a tool for creating, updating and managing databases, developed by the software company Oracle.",in_domain,linked to the selected IT occupations
KnowledgeSkillCompetence,http://data.europa.eu/esco/skill/debb8d81-ed7f-447d-853a-5d107fda6fcf,skill/competence,cross-sector,provide customer follow-up services,"providing customer follow-up services
provide a customer follow-up service
provide customer follow-up service
contribute customer follow-up services
arrange customer follow-up services
furnish customer follow-up services
administer customer follow-up services",,released,2024-02-09T17:29:13.7Z,,,"http://data.europa.eu/esco/concept-scheme/skills,
http://data.europa.eu/esco/concept-scheme/member-skills","Register, follow-up, solve and respond to customer requests, complaints and after-sales services.",in_domain,linked to the selected IT occupations
KnowledgeSkillCompetence,http://data.europa.eu/esco/skill/def007fa-5fed-4a5f-91a2-b0d7e3db1be1,knowledge,sector-specific,COBOL,"COBOL programming language
Cobol
COBOL applications
COBOL software",,released,2025-06-25T08:20:05.218Z,,,"http://data.europa.eu/esco/concept-scheme/skills,
http://data.europa.eu/esco/concept-scheme/member-skills,
http://data.europa.eu/esco/concept-scheme/6c930acd-c104-4ece-acf7-f44fd7333036","The techniques and principles of software development, such as analysis, algorithms, coding, testing and compiling of programming paradigms in COBOL.",in_domain,linked to the selected IT occupations
KnowledgeSkillCompetence,http://data.europa.eu/esco/skill/df329d70-87b0-466b-a214-3431f36e2a5e,skill/competence,cross-sector,protect ICT devices,"Cloudmark DesktopOne Pro
up-date online security measures
AVS Firewall
CleanMail Home
MailWasher Pro
Matrix Systems Access Control
Kingsoft Antivirus
Zone Alarm Firewall
Agnitum Outpost Firewall
Tyco Integrated Security Managed Access Control
Norton Security Deluxe
AddTech Controls
use anti-virus software
protect information and communication technologies devices
AVG Anti-Virus
IDenticard Systems PremiSys
keep ICT devices safe
implement SPAM-ware
implement private ICT user security measures
Honeywell Managed Access Control
set up passwords and private settings
protect personal data
McAfee AntiVirus
SPAMfighter
ADT Access Control
Bitdefender Antivirus
Kaspersky Anti-Virus
take care of ICT devices
protect ICT device
safeguard ICT devices
ESET NOD32 Antivirus","Cloudmark DesktopOne Pro
MailWasher Pro
Matrix Systems Access Control
Kingsoft Antivirus
Zone Alarm Firewall
AVS Firewall
Agnitum Outpost Firewall
Norton Security Deluxe
AddTech Controls
AVG Anti-Virus
IDenticard Systems PremiSys
implement SPAM-ware
Tyco Integrated Security Managed Access Control
Honeywell Managed Access Control
McAfee AntiVirus
SPAMfighter
Bitdefender Antivirus
CleanMail Home
ADT Access Control
Kaspersky Anti-Virus
ESET NOD32 Antivirus",released,2024-02-09T17:29:16.725Z,,,"http://data.europa.eu/esco/concept-scheme/skills,
http://data.europa.eu/esco/concept-scheme/member-skills,
http://data.europa.eu/esco/concept-scheme/6c930acd-c104-4ece-acf7-f44fd7333036,
http://data.europa.eu/esco/concept-scheme/digcomp","Protect devices and digital content, and understand risks and threats in digital environments. Know about safety and security measures and have due regard to reliability and privacy. Make use of tools and methods which maximise security of ICT devices and information by controlling access, such as passwords, digital signatures, biometry, and protecting systems such as firewall, antivirus, spam filters.",in_domain,linked to the selected IT occupations
KnowledgeSkillCompetence,http://data.europa.eu/esco/skill/dfff95c6-9758-4c04-a228-7eaa88dec6cd,skill/competence,sector-specific,design for organisational complexity,"design cross-account authentication for complex organisations
implement cloud environment for complex organisations
design an access strategy for complex organisations
design cloud environment for complex organisations
design access strategies for complex organisations",,released,2024-02-23T15:42:13.199Z,,,"http://data.europa.eu/esco/concept-scheme/skills,
http://data.europa.eu/esco/concept-scheme/member-skills,
http://data.europa.eu/esco/concept-scheme/6c930acd-c104-4ece-acf7-f44fd7333036","Determine cross-account authentication and access strategy for complex organizations (for example, an organization with varying compliance requirements, multiple business units, and varying scalability requirements). Design networks and multi-account cloud environments for complex organizations.",in_domain,linked to the selected IT occupations
KnowledgeSkillCompetence,http://data.europa.eu/esco/skill/e043aeeb-78f5-4049-afbf-12bba52225bc,knowledge,sector-specific,hardware architectures,PC hardware architecture,,released,2025-06-25T08:20:05.218Z,,,"http://data.europa.eu/esco/concept-scheme/skills,
http://data.europa.eu/esco/concept-scheme/member-skills,
http://data.europa.eu/esco/concept-scheme/6c930acd-c104-4ece-acf7-f44fd7333036",The designs laying out the physical hardware components and their interconnections.,in_domain,linked to the selected IT occupations
KnowledgeSkillCompetence,http://data.europa.eu/esco/skill/e207163b-7963-4c3e-9494-7a4bb000211b,skill/competence,cross-sector,estimate duration of work,time estimation of work,,released,2024-02-09T17:29:16.725Z,,,"http://data.europa.eu/esco/concept-scheme/skills,
http://data.europa.eu/esco/concept-scheme/member-skills",Produce accurate calculations on time necessary to fulfil future technical tasks based on past and present information and observations or plan the estimated duration of individual tasks in a given project.,in_domain,linked to the selected IT occupations
KnowledgeSkillCompetence,http://data.europa.eu/esco/skill/e2103a1d-4a84-47a9-b4f7-774787573449,knowledge,cross-sector,copyright legislation,"copyrighting legislation
laws protecting rights of original authors",,released,2024-02-09T17:29:12.952Z,,,"http://data.europa.eu/esco/concept-scheme/skills,
http://data.europa.eu/esco/concept-scheme/member-skills","Legislation describing the protection of the rights of original authors over their work, and how others can use it.",in_domain,linked to the selected IT occupations
KnowledgeSkillCompetence,http://data.europa.eu/esco/skill/e23e81f5-18db-49aa-ad9b-b3d0fdcad1d2,skill/competence,occupation-specific,troubleshoot website,website troubleshooting,,released,2024-02-09T17:29:15.968Z,,,"http://data.europa.eu/esco/concept-scheme/skills,
http://data.europa.eu/esco/concept-scheme/member-skills,
http://data.europa.eu/esco/concept-scheme/6c930acd-c104-4ece-acf7-f44fd7333036","Detect the flaws and malfunctions of a website. Apply troubleshooting techniques on content, structure, interface and interactions in order to find the causes and solve the malfunctions.",in_domain,linked to the selected IT occupations
KnowledgeSkillCompetence,http://data.europa.eu/esco/skill/e2d0daae-2aa1-40cc-99e2-b340b02f97d3,knowledge,cross-sector,product data management,"monitor product data
supervise product data
coordinate product data
manage product data
management of product data
oversee product data",,released,2024-02-09T17:29:09.851Z,,,"http://data.europa.eu/esco/concept-scheme/skills,
http://data.europa.eu/esco/concept-scheme/member-skills,
http://data.europa.eu/esco/concept-scheme/6c930acd-c104-4ece-acf7-f44fd7333036","The use of software to track all information concerning a product such as technical specifications, drawings, design specifications, and production costs.",in_domain,linked to the selected IT occupations
KnowledgeSkillCompetence,http://data.europa.eu/esco/skill/e46291c7-52b9-4174-bd59-178884861038,knowledge,sector-specific,Hadoop,Apache Hadoop,,released,2025-06-25T08:20:05.218Z,,,"http://data.europa.eu/esco/concept-scheme/skills,
http://data.europa.eu/esco/concept-scheme/member-skills,
http://data.europa.eu/esco/concept-scheme/6c930acd-c104-4ece-acf7-f44fd7333036","The open-source data storing, analysis and processing framework which consists mainly in the MapReduce and Hadoop distributed file system (HDFS) components and it is used to provide support for managing and analysing large datasets.",in_domain,linked to the selected IT occupations
KnowledgeSkillCompetence,http://data.europa.eu/esco/skill/e464363b-8346-421d-9035-52118b76d8c8,knowledge,sector-specific,computational biology,biological computing,,released,2023-11-29T16:24:23.882Z,,,"http://data.europa.eu/esco/concept-scheme/skills,
http://data.europa.eu/esco/concept-scheme/member-skills,
http://data.europa.eu/esco/concept-scheme/6c930acd-c104-4ece-acf7-f44fd7333036",The interdisciplinary scientific field that focus on employing data analytics and theories to investigate biological systems obtained through experiments.,in_domain,linked to the selected IT occupations
KnowledgeSkillCompetence,http://data.europa.eu/esco/skill/e465a154-93f7-4973-9ce1-31659fe16dd2,knowledge,sector-specific,principles of artificial intelligence,"artificial intelligence in process
principles of AI",,released,2025-04-11T14:00:36.11Z,,,"http://data.europa.eu/esco/concept-scheme/skills,
http://data.europa.eu/esco/concept-scheme/member-skills,
http://data.europa.eu/esco/concept-scheme/6c930acd-c104-4ece-acf7-f44fd7333036","The artificial intelligence theories, applied principles, architectures and systems, such as intelligent agents, multi-agent systems, expert systems, rule-based systems, neural networks, ontologies and cognition theories.",in_domain,linked to the selected IT occupations
KnowledgeSkillCompetence,http://data.europa.eu/esco/skill/e54ff029-1ce9-447d-a5b2-eb7283a23e6e,skill/competence,cross-sector,train employees,"instruct employees
upskill employees
train an employee
training employees
teach employees",,released,2024-02-09T17:29:12.952Z,,,"http://data.europa.eu/esco/concept-scheme/skills,
http://data.europa.eu/esco/concept-scheme/member-skills",Lead and guide employees through a process in which they are taught the necessary skills for the perspective job. Organise activities aimed at introducing the work and systems or improving the performance of individuals and groups in organisational settings.,in_domain,linked to the selected IT occupations
KnowledgeSkillCompetence,http://data.europa.eu/esco/skill/e5609f89-0daf-40bb-bd6b-94f5d7498131,knowledge,sector-specific,ICT market,ICT market trends,,released,2025-06-25T08:20:05.218Z,,,"http://data.europa.eu/esco/concept-scheme/skills,
http://data.europa.eu/esco/concept-scheme/member-skills,
http://data.europa.eu/esco/concept-scheme/6c930acd-c104-4ece-acf7-f44fd7333036","The processes, stakeholders and the dynamics of the chain of goods and services in the ICT market sector.",in_domain,linked to the selected IT occupations
KnowledgeSkillCompetence,http://data.europa.eu/esco/skill/e5a6e1e0-1b07-4432-83ba-77d593b2cb47,knowledge,sector-specific,SAS Data Management,SAS Data Management software,,released,2025-06-25T08:20:05.218Z,,,"http://data.europa.eu/esco/concept-scheme/skills,
http://data.europa.eu/esco/concept-scheme/member-skills,
http://data.europa.eu/esco/concept-scheme/6c930acd-c104-4ece-acf7-f44fd7333036","The computer program SAS Data Management is a tool for integration of information from multiple applications, created and maintained by organisations, into one consistent and transparent data structure, developed by the software company SAS.",in_domain,linked to the selected IT occupations
KnowledgeSkillCompetence,http://data.europa.eu/esco/skill/e5b5053e-0ef6-4c4e-a3f2-42f955f4322c,skill/competence,sector-specific,implement a firewall,"installing a network security firewall
install a network security firewall
implementing network firewall
install a firewall
implementing a firewall
firewall implementing
implement network firewall
network firewall implementing
installing a firewall",,released,2024-02-09T17:29:12.215Z,,,"http://data.europa.eu/esco/concept-scheme/skills,
http://data.europa.eu/esco/concept-scheme/member-skills,
http://data.europa.eu/esco/concept-scheme/6c930acd-c104-4ece-acf7-f44fd7333036","Download, install and update a network security system designed to prevent unauthorized access to a private network.",in_domain,linked to the selected IT occupations
KnowledgeSkillCompetence,http://data.europa.eu/esco/skill/e5beeff8-7c98-490a-ae2c-16fbb6a87305,skill/competence,sector-specific,manage keys for data protection,manage data protection keys,,released,2025-04-16T12:05:43.358Z,,,"http://data.europa.eu/esco/concept-scheme/skills,
http://data.europa.eu/esco/concept-scheme/member-skills,
http://data.europa.eu/esco/concept-scheme/6c930acd-c104-4ece-acf7-f44fd7333036","Select appropriate authentication and authorization mechanisms. Design, implement and troubleshoot key management and use. Design and implement a data encryption solution for data at rest and data in transit.",in_domain,linked to the selected IT occupations
KnowledgeSkillCompetence,http://data.europa.eu/esco/skill/e5d1f825-60ed-4bdd-872a-e748c387f777,knowledge,sector-specific,CSS,Cascading Style Sheets,,released,2024-02-09T17:29:13.7Z,,,"http://data.europa.eu/esco/concept-scheme/skills,
http://data.europa.eu/esco/concept-scheme/member-skills,
http://data.europa.eu/esco/concept-scheme/6c930acd-c104-4ece-acf7-f44fd7333036","The computer language CSS is a style sheet language that conveys the presentation of structured documents. These documents have to adhere to style sheets, a set of stylistic rules such as font, color and layout.",in_domain,linked to the selected IT occupations
KnowledgeSkillCompetence,http://data.europa.eu/esco/skill/e6b8f934-7f35-4dc6-9a64-f6c43acdc00b,knowledge,sector-specific,software components suppliers,suppliers of software components,,released,2025-06-25T08:20:05.218Z,,,"http://data.europa.eu/esco/concept-scheme/skills,
http://data.europa.eu/esco/concept-scheme/member-skills,
http://data.europa.eu/esco/concept-scheme/6c930acd-c104-4ece-acf7-f44fd7333036",The suppliers who can deliver the required software components.,in_domain,linked to the selected IT occupations
KnowledgeSkillCompetence,http://data.europa.eu/esco/skill/e74f4f21-8d45-412c-b5c3-652e6167ee32,knowledge,cross-sector,content development processes,"content production techniques
content production processes",,released,2025-06-25T08:20:05.218Z,,,"http://data.europa.eu/esco/concept-scheme/skills,
http://data.europa.eu/esco/concept-scheme/member-skills,
http://data.europa.eu/esco/concept-scheme/6c930acd-c104-4ece-acf7-f44fd7333036","The specialised techniques used to design, write, compile, edit and organise digital content, such as text, graphics and videos for publishing purposes.",in_domain,linked to the selected IT occupations
KnowledgeSkillCompetence,http://data.europa.eu/esco/skill/e79dab00-fe87-48f2-b8cc-f48b68bc7f35,knowledge,sector-specific,WhiteHat Sentinel,"WhiteHat Sentinel Standard Edition
WhiteHat Sentinel Baseline Edition
WhiteHat Sentinel Premium Edition",,released,2024-02-09T17:29:09.851Z,,,"http://data.europa.eu/esco/concept-scheme/skills,
http://data.europa.eu/esco/concept-scheme/member-skills,
http://data.europa.eu/esco/concept-scheme/6c930acd-c104-4ece-acf7-f44fd7333036","The computer program WhiteHat Sentinel is a specialised ICT tool which tests security weaknesses of the system for potentially unauthorised access to system information, developed by the software company WhiteHat Security.",in_domain,linked to the selected IT occupations
KnowledgeSkillCompetence,http://data.europa.eu/esco/skill/e8171178-9a60-40a6-ad3b-510e10cfebad,skill/competence,cross-sector,render 3D images,"convert 3D wire frame models into 2D images
employ specialised tools to render 3D images
use 3D non-photorealistic effects to render 3D images
use 3D photorealistic effects to render 3D images
use computer tools to render 3D images",,released,2025-06-25T12:15:04.406Z,,,"http://data.europa.eu/esco/concept-scheme/skills,
http://data.europa.eu/esco/concept-scheme/member-skills,
http://data.europa.eu/esco/concept-scheme/6c930acd-c104-4ece-acf7-f44fd7333036",Use specialised tools to convert 3D wire frame models into 2D images with 3D photorealistic effects or non-photorealistic rendering on a computer.,in_domain,linked to the selected IT occupations
KnowledgeSkillCompetence,http://data.europa.eu/esco/skill/e819cc1e-09d9-47f2-b418-93972852daef,knowledge,sector-specific,MarkLogic,"MarkLogic NoSQL database
MarkLogic non-relational database",,released,2025-06-25T08:20:05.218Z,,,"http://data.europa.eu/esco/concept-scheme/skills,
http://data.europa.eu/esco/concept-scheme/member-skills,
http://data.europa.eu/esco/concept-scheme/6c930acd-c104-4ece-acf7-f44fd7333036","The NoSQL enterprise non-relational database used for creating, updating and managing large amounts of unstructured data stored in the cloud and which provides features such as semantics, flexible data models and Hadoop integration.",in_domain,linked to the selected IT occupations
KnowledgeSkillCompetence,http://data.europa.eu/esco/skill/e8b89eb6-51e8-4c3a-babb-88b2e110376b,knowledge,sector-specific,Pascal (computer programming),Pascal,,released,2022-07-05T14:34:33.959Z,,,"http://data.europa.eu/esco/concept-scheme/skills,
http://data.europa.eu/esco/concept-scheme/member-skills,
http://data.europa.eu/esco/concept-scheme/6c930acd-c104-4ece-acf7-f44fd7333036","The techniques and principles of software development, such as analysis, algorithms, coding, testing and compiling of programming paradigms in Pascal.",in_domain,linked to the selected IT occupations
KnowledgeSkillCompetence,http://data.europa.eu/esco/skill/e8d9ce55-7bc3-4f09-8412-0a393d4b5b96,skill/competence,occupation-specific,compose description for web elements,"create content for web elements
write description for web elements",,released,2024-02-09T17:29:16.725Z,,,"http://data.europa.eu/esco/concept-scheme/skills,
http://data.europa.eu/esco/concept-scheme/member-skills","Create texts to convey the message of a web element, such as images or frames, even in cases when it cannot be displayed to the user.",in_domain,linked to the selected IT occupations
KnowledgeSkillCompetence,http://data.europa.eu/esco/skill/e8f80ec5-c423-4eb2-9f0f-805d22f844ae,knowledge,sector-specific,incidents and accidents recording,"types of incidents and accidents reporting
typology of incidents and accidents reporting
recording of incidents and accidents
types of incidents and accidents recording
methods of incidents and accidents reporting
techniques for incidents and accidents recording
reporting of incidents and accidents
methods of incidents and accidents recording
techniques for incidents and accidents reporting
typology of incidents and accidents recording",,released,2024-02-09T17:29:15.968Z,,,"http://data.europa.eu/esco/concept-scheme/skills,
http://data.europa.eu/esco/concept-scheme/member-skills",The methods to report and record incidents and accidents in the workplace.,in_domain,linked to the selected IT occupations
KnowledgeSkillCompetence,http://data.europa.eu/esco/skill/e9575f7f-053a-439e-8074-f93df3334e92,knowledge,cross-sector,data ethics,principles of data ethics,,released,2024-01-29T11:16:01.318Z,,,"http://data.europa.eu/esco/concept-scheme/skills,
http://data.europa.eu/esco/concept-scheme/member-skills","The subfield of ethics that assess whether data practices are considerable ethical. It assesses processes such as collecting, analysing and disseminating structured and unstructured data that might negatively impact the society.",in_domain,linked to the selected IT occupations
KnowledgeSkillCompetence,http://data.europa.eu/esco/skill/ea1bf5e5-e7f0-4d2c-a415-1c39c00512b1,knowledge,sector-specific,document management,"document organisation
records management
document tracking",,released,2025-06-25T08:20:05.218Z,,,"http://data.europa.eu/esco/concept-scheme/skills,
http://data.europa.eu/esco/concept-scheme/member-skills","The methodology of tracking, managing and storing documents in a systematic and organised manner as well as keeping a record of the versions created and modified by specific users (history tracking).",in_domain,linked to the selected IT occupations
KnowledgeSkillCompetence,http://data.europa.eu/esco/skill/ea412de3-9d7a-4943-8d8c-c6d3c7495d0e,skill/competence,sector-specific,execute integration testing,test interface between software components,,released,2024-02-09T17:29:14.494Z,,,"http://data.europa.eu/esco/concept-scheme/skills,
http://data.europa.eu/esco/concept-scheme/member-skills,
http://data.europa.eu/esco/concept-scheme/6c930acd-c104-4ece-acf7-f44fd7333036","Perform testing of system or software components grouped in multiple ways to evaluate their ability to interconnect, their interface and their ability to provide global functionality.",in_domain,linked to the selected IT occupations
KnowledgeSkillCompetence,http://data.europa.eu/esco/skill/eb0e5615-1575-4a86-a1a2-7d39595033c5,knowledge,sector-specific,ABAP,"ABAP Programming Techniques
ABAP software development
ABAP programming techniques
ABAP software techniques",,released,2025-06-25T08:20:05.218Z,,,"http://data.europa.eu/esco/concept-scheme/skills,
http://data.europa.eu/esco/concept-scheme/member-skills,
http://data.europa.eu/esco/concept-scheme/6c930acd-c104-4ece-acf7-f44fd7333036","The techniques and principles of software development, such as analysis, algorithms, coding, testing and compiling of programming paradigms in ABAP.",in_domain,linked to the selected IT occupations
KnowledgeSkillCompetence,http://data.europa.eu/esco/skill/eb3aa8c1-fb14-47b4-a352-b7975abd2480,skill/competence,sector-specific,replicate customer software issues,"simulate customer software problems
analyse customer software problems
replicate customer software problems
simulate customer software issues
analyse customer software issues",,released,2025-06-25T12:15:04.406Z,,,"http://data.europa.eu/esco/concept-scheme/skills,
http://data.europa.eu/esco/concept-scheme/member-skills,
http://data.europa.eu/esco/concept-scheme/6c930acd-c104-4ece-acf7-f44fd7333036",Use specialised tools to replicate and analyse the conditions that caused the set of software states or outputs reported by the customer in order to provide adequate solutions.,in_domain,linked to the selected IT occupations
KnowledgeSkillCompetence,http://data.europa.eu/esco/skill/ec85cc63-4e24-4631-bf92-8789db2605c0,skill/competence,sector-specific,maintain database security,keep database security,,released,2025-06-25T12:15:04.406Z,,,"http://data.europa.eu/esco/concept-scheme/skills,
http://data.europa.eu/esco/concept-scheme/member-skills,
http://data.europa.eu/esco/concept-scheme/6c930acd-c104-4ece-acf7-f44fd7333036",Master a wide variety of information security controls in order to pursue maximal database protection.,in_domain,linked to the selected IT occupations
KnowledgeSkillCompetence,http://data.europa.eu/esco/skill/ecc4552a-92c5-4222-b18d-faf5ac841080,knowledge,cross-sector,deep learning,"deep neural networking
deep learning methods
deep learning principles",,released,2024-03-01T11:05:54.386Z,,,"http://data.europa.eu/esco/concept-scheme/skills,
http://data.europa.eu/esco/concept-scheme/member-skills","The principles, methods and algorithms of deep learning, a subfield of artificial intelligence and machine learning. Common neural networks like perceptrons, feed-forward, backpropagation, and convolutional and recurrent neural networks.",in_domain,linked to the selected IT occupations
KnowledgeSkillCompetence,http://data.europa.eu/esco/skill/ed0718f6-5823-4c74-9749-2936c9c06203,skill/competence,cross-sector,develop audit plan,"implement audit plans
design audit plans
specify audit plans
draft audit plans",,released,2025-06-25T12:15:04.406Z,,,"http://data.europa.eu/esco/concept-scheme/skills,
http://data.europa.eu/esco/concept-scheme/member-skills","Define all organisational tasks (time, place and order) and develop a checklist concerning the topics to be audited.",in_domain,linked to the selected IT occupations
KnowledgeSkillCompetence,http://data.europa.eu/esco/skill/ed1d8bd4-cd2a-4c64-b665-56d70651026c,knowledge,sector-specific,Prototyping development,prototyping methodology,,released,2025-06-25T08:20:05.218Z,,,"http://data.europa.eu/esco/concept-scheme/skills,
http://data.europa.eu/esco/concept-scheme/member-skills,
http://data.europa.eu/esco/concept-scheme/6c930acd-c104-4ece-acf7-f44fd7333036",The prototyping development model is a methodology to design software systems and applications.,in_domain,linked to the selected IT occupations
KnowledgeSkillCompetence,http://data.europa.eu/esco/skill/ed1fbdc3-1071-423c-9bb4-e3288ca6d1fe,knowledge,sector-specific,hardware components suppliers,hardware suppliers,,released,2025-06-25T08:20:05.218Z,,,"http://data.europa.eu/esco/concept-scheme/skills,
http://data.europa.eu/esco/concept-scheme/member-skills",The suppliers who can deliver the required hardware components.,in_domain,linked to the selected IT occupations
KnowledgeSkillCompetence,http://data.europa.eu/esco/skill/ed39edd3-44d0-4a16-9796-bfb99f92baf3,knowledge,sector-specific,ICT performance analysis methods,performance analysis techniques,,released,2024-02-09T17:29:14.494Z,,,"http://data.europa.eu/esco/concept-scheme/skills,
http://data.europa.eu/esco/concept-scheme/member-skills,
http://data.europa.eu/esco/concept-scheme/6c930acd-c104-4ece-acf7-f44fd7333036","The methods used to analyse software, ICT system and network performance which provide guidance to root causes of issues within information systems. The methods can analyse resource bottlenecks, application times, wait latencies and benchmarking results.",in_domain,linked to the selected IT occupations
KnowledgeSkillCompetence,http://data.europa.eu/esco/skill/ed8de897-adbe-4f0e-b4d2-534953e64c72,skill/competence,sector-specific,integrate system components,"setup system
assemble system",,released,2024-02-09T17:29:15.968Z,,,"http://data.europa.eu/esco/concept-scheme/skills,
http://data.europa.eu/esco/concept-scheme/member-skills,
http://data.europa.eu/esco/concept-scheme/6c930acd-c104-4ece-acf7-f44fd7333036",Select and use integration techniques and tools to plan and implement integration of hardware and software modules and components in a system.,in_domain,linked to the selected IT occupations
KnowledgeSkillCompetence,http://data.europa.eu/esco/skill/edebd83d-35f6-4ed5-a940-6c203d178c01,knowledge,cross-sector,data science,"data science process
science of data",,released,2023-11-29T16:23:08.607Z,,,"http://data.europa.eu/esco/concept-scheme/skills,
http://data.europa.eu/esco/concept-scheme/member-skills,
http://data.europa.eu/esco/concept-scheme/6c930acd-c104-4ece-acf7-f44fd7333036",The field of study that deals with big amount of data using AI techniques such as machine learning algorithms to predict patterns and obtain useful information to make business decisions.,in_domain,linked to the selected IT occupations
KnowledgeSkillCompetence,http://data.europa.eu/esco/skill/ee3c1d54-f46a-43c7-a0f9-0ba3648164d0,skill/competence,sector-specific,design enterprise architecture,design business architecture,,released,2025-06-25T12:15:04.406Z,,,"http://data.europa.eu/esco/concept-scheme/skills,
http://data.europa.eu/esco/concept-scheme/member-skills","Analyse the business structure and provide a logical organisation of business processes and information infrastructure. Apply principles and practices which help organisations to realise their strategies, respond to disruptions and achieve their goals.",in_domain,linked to the selected IT occupations
KnowledgeSkillCompetence,http://data.europa.eu/esco/skill/ef64005d-75bc-4597-8ed6-717edec5e55e,skill/competence,cross-sector,enhance website visibility,website marketing,,released,2024-02-09T17:29:09.009Z,,,"http://data.europa.eu/esco/concept-scheme/skills,
http://data.europa.eu/esco/concept-scheme/member-skills,
http://data.europa.eu/esco/concept-scheme/6c930acd-c104-4ece-acf7-f44fd7333036","Promote the website to users, business partners and search engines. Optimise the website exposure to search engines, send out emails, determine pricing and policies and conduct marketing actions.",in_domain,linked to the selected IT occupations
KnowledgeSkillCompetence,http://data.europa.eu/esco/skill/eff1bb34-b454-4482-8c29-65f820619f3c,knowledge,sector-specific,insourcing strategy,insourcing planning strategy,,released,2025-06-25T08:20:05.218Z,This knowledge excludes crowdsourcing and outsourcing.,,"http://data.europa.eu/esco/concept-scheme/skills,
http://data.europa.eu/esco/concept-scheme/member-skills","The high level planning for managing and optimising business processes internally, usually in order to maintain control of critical aspects of work.",in_domain,linked to the selected IT occupations
KnowledgeSkillCompetence,http://data.europa.eu/esco/skill/f0010b93-5552-45cb-ad26-168c8168f319,knowledge,sector-specific,Nexpose,Rapid7 Nexpose,,released,2024-02-09T17:29:12.215Z,,,"http://data.europa.eu/esco/concept-scheme/skills,
http://data.europa.eu/esco/concept-scheme/member-skills,
http://data.europa.eu/esco/concept-scheme/6c930acd-c104-4ece-acf7-f44fd7333036","The computer program Nexpose is a specialised ICT tool which tests security weaknesses of the system for potentially unauthorised access to system information, developed by the software company Rapid7.",in_domain,linked to the selected IT occupations
KnowledgeSkillCompetence,http://data.europa.eu/esco/skill/f0393af3-bcd9-41af-a36e-0cfb83b60081,skill/competence,sector-specific,manage standard enterprise resource planning system,"oversee standard enterprise resource planning system
managing standard enterprise resource planning system
maintain standard enterprise resource planning system
manage standard enterprise resource planning systems
supervise standard enterprise resource planning system
standard enterprise resource planning system management
regulate standard enterprise resource planning system",,released,2024-02-09T17:29:12.952Z,,,"http://data.europa.eu/esco/concept-scheme/skills,
http://data.europa.eu/esco/concept-scheme/member-skills,
http://data.europa.eu/esco/concept-scheme/6c930acd-c104-4ece-acf7-f44fd7333036","Collect, manage and interpret data relevant for companies related to shipping, payment, inventory, resources and manufacturing using specific business management software. Such software as Microsoft Dynamics​, SAP ERP, Oracle ERP.",in_domain,linked to the selected IT occupations
KnowledgeSkillCompetence,http://data.europa.eu/esco/skill/f049d050-12da-4e40-813a-2b5eb6df6b51,knowledge,sector-specific,Internet of Things,"Information appliances
IoT
smart devices
Pervasive systems
Ubiquitous computing",,released,2024-02-09T17:29:15.235Z,,,"http://data.europa.eu/esco/concept-scheme/skills,
http://data.europa.eu/esco/concept-scheme/member-skills,
http://data.europa.eu/esco/concept-scheme/6c930acd-c104-4ece-acf7-f44fd7333036","The general principles, categories, requirements, limitations and vulnerabilities of smart connected devices (most of them with intended internet connectivity).",in_domain,linked to the selected IT occupations
KnowledgeSkillCompetence,http://data.europa.eu/esco/skill/f058bf62-70d1-4f5e-be2a-8b26fac24a96,skill/competence,cross-sector,design graphics,"apply graphic design techniques
create graphic material",,released,2025-06-25T12:15:04.406Z,This includes computer graphic design.,,"http://data.europa.eu/esco/concept-scheme/skills,
http://data.europa.eu/esco/concept-scheme/member-skills",Apply a variety of visual techniques in order to design graphic material. Combine graphical elements to communicate concepts and ideas.,in_domain,linked to the selected IT occupations
KnowledgeSkillCompetence,http://data.europa.eu/esco/skill/f0de4973-0a70-4644-8fd4-3a97080476f4,knowledge,sector-specific,DevOps,"DevOps development
DevOps based software development
DevOps methodology",,released,2025-06-25T08:20:05.218Z,,,"http://data.europa.eu/esco/concept-scheme/skills,
http://data.europa.eu/esco/concept-scheme/member-skills,
http://data.europa.eu/esco/concept-scheme/6c930acd-c104-4ece-acf7-f44fd7333036",The DevOps development approach is a methodology to design software systems and applications focused on the collaboration and between software programmers and other ICT professionals and automation.,in_domain,linked to the selected IT occupations
KnowledgeSkillCompetence,http://data.europa.eu/esco/skill/f0ff6f10-cbb4-44c0-acd5-ed17046b1396,skill/competence,sector-specific,install signal repeaters,install amplifiers and repeaters,,released,2024-02-09T17:29:11.47Z,,,"http://data.europa.eu/esco/concept-scheme/skills,
http://data.europa.eu/esco/concept-scheme/member-skills,
http://data.europa.eu/esco/concept-scheme/6c930acd-c104-4ece-acf7-f44fd7333036",Set up and configure devices which enhance strength of signal of a communication channel to enable proper reception and reproduction in further places.,in_domain,linked to the selected IT occupations
KnowledgeSkillCompetence,http://data.europa.eu/esco/skill/f17f94f1-88cb-4815-873a-2a9639f10729,skill/competence,cross-sector,draft project documentation,"prepare project documentation
formulate project documents
write project documentation",,released,2024-03-01T11:51:07.513Z,,,"http://data.europa.eu/esco/concept-scheme/skills,
http://data.europa.eu/esco/concept-scheme/member-skills","Prepare project documentation such as project charters, work plans, project handbooks, progress reports, deliverables and stakeholder matrices.",in_domain,linked to the selected IT occupations
KnowledgeSkillCompetence,http://data.europa.eu/esco/skill/f28617ad-afdd-4041-814c-216153a38998,skill/competence,sector-specific,analyse software specifications,"assess software specifications
examine software requirements
assess software systems
evaluate software design specification
analyse software or system specifications",,released,2024-02-28T14:21:37.239Z,,,"http://data.europa.eu/esco/concept-scheme/skills,
http://data.europa.eu/esco/concept-scheme/member-skills,
http://data.europa.eu/esco/concept-scheme/6c930acd-c104-4ece-acf7-f44fd7333036","Assess the specifications of a software product or system to be developed by identifying functional and non-functional requirements, constraints and possible sets of use cases which illustrate interactions between the software and its users.",in_domain,linked to the selected IT occupations
KnowledgeSkillCompetence,http://data.europa.eu/esco/skill/f2c63b7a-ed6c-4890-9f8c-7685d172624c,skill/competence,sector-specific,implement corporate governance,"establish corporate governance
develop corporate governance structure
execute corporate governance
set up corporate governance structures
maintain corporate governance procedures",,released,2025-06-25T12:15:04.406Z,,,"http://data.europa.eu/esco/concept-scheme/skills,
http://data.europa.eu/esco/concept-scheme/member-skills","Apply a set of principles and mechanisms by which an organisation is managed and directed, set procedures of information, control flow and decision making, distribute rights and responsibilities among departments and individuals, set corporate objectives and monitor and evaluate actions and results.",in_domain,linked to the selected IT occupations
KnowledgeSkillCompetence,http://data.europa.eu/esco/skill/f2d57f41-43b4-4f5b-8100-3df5c21eda50,skill/competence,cross-sector,process data,"data processing
analyse data
processing of data
handle data
measure data
convert data
processing data
refine data",,released,2024-02-09T17:29:16.725Z,,,"http://data.europa.eu/esco/concept-scheme/skills,
http://data.europa.eu/esco/concept-scheme/member-skills,
http://data.europa.eu/esco/concept-scheme/6c930acd-c104-4ece-acf7-f44fd7333036","Enter information into a data storage and data retrieval system via processes such as scanning, manual keying or electronic data transfer in order to process large amounts of data.",in_domain,linked to the selected IT occupations
KnowledgeSkillCompetence,http://data.europa.eu/esco/skill/f47a1998-0beb-43be-9f46-380aa4d183da,knowledge,sector-specific,Jenkins (tools for software configuration management),"Jenkins Continuous Integration server
Jenkins
Jenkins CI",,released,2022-07-05T14:33:44.716Z,,,"http://data.europa.eu/esco/concept-scheme/skills,
http://data.europa.eu/esco/concept-scheme/member-skills,
http://data.europa.eu/esco/concept-scheme/6c930acd-c104-4ece-acf7-f44fd7333036","The tool Jenkins is a software program to perform configuration identification, control, status accounting and audit of software during its development and maintenance.",in_domain,linked to the selected IT occupations
KnowledgeSkillCompetence,http://data.europa.eu/esco/skill/f4a85869-1855-45d5-a43c-7ee8cd451996,skill/competence,sector-specific,perform ICT security testing,prepare and apply security test plans,,released,2024-02-09T17:29:09.009Z,,,"http://data.europa.eu/esco/concept-scheme/skills,
http://data.europa.eu/esco/concept-scheme/member-skills,
http://data.europa.eu/esco/concept-scheme/6c930acd-c104-4ece-acf7-f44fd7333036","Execute types of security testing, such as network penetration testing, wireless testing, code reviews, wireless and/or firewall assessments in accordance with industry-accepted methods and protocols to identify and analyse potential vulnerabilities.",in_domain,linked to the selected IT occupations
KnowledgeSkillCompetence,http://data.europa.eu/esco/skill/f5308e60-d763-4ead-be95-88c96fb3e02b,skill/competence,sector-specific,adapt to changes in technological development plans,"adapt development activities of technological projects
adapt the design of technological projects
meet organisational needs for technological projects
adapt to changes in strategies for technological projects",,released,2025-06-25T12:15:04.406Z,,,"http://data.europa.eu/esco/concept-scheme/skills,
http://data.europa.eu/esco/concept-scheme/member-skills",Modify the current design and development activities of technological projects to meet changes in requests or strategies. Ensure that the organisation's or client's needs are met and that any sudden requests which were not previously planned are implemented.,in_domain,linked to the selected IT occupations
KnowledgeSkillCompetence,http://data.europa.eu/esco/skill/f597f772-24d3-4cec-813c-cf5a7027c794,knowledge,sector-specific,N1QL,"Couchbase Query Language
Non-first Normal Form Query Language",,released,2024-02-09T17:29:16.725Z,,,"http://data.europa.eu/esco/concept-scheme/skills,
http://data.europa.eu/esco/concept-scheme/member-skills,
http://data.europa.eu/esco/concept-scheme/6c930acd-c104-4ece-acf7-f44fd7333036",The computer language N1QL is a query language for retrieval of information from a database and of documents containing the needed information. It is developed by the software company Couchbase.,in_domain,linked to the selected IT occupations
KnowledgeSkillCompetence,http://data.europa.eu/esco/skill/f5ac9226-0ace-4d34-a1c3-7b3845834a98,skill/competence,sector-specific,maintain ICT server,"diagnose server hardware faults
repair hardware faults",,released,2025-06-25T12:15:04.406Z,,,"http://data.europa.eu/esco/concept-scheme/skills,
http://data.europa.eu/esco/concept-scheme/member-skills,
http://data.europa.eu/esco/concept-scheme/6c930acd-c104-4ece-acf7-f44fd7333036","Diagnose and eliminate hardware faults via repair or replacement. Take preventive measures, review performance, update software, review accessibility.",in_domain,linked to the selected IT occupations
KnowledgeSkillCompetence,http://data.europa.eu/esco/skill/f5dd06b8-5d17-4932-9d03-957d0c4f5051,skill/competence,cross-sector,perform resource planning,"create resource plans
lead the resource planning process
improve resource planning
conduct resource planning
manage resource schedules
build resource plan
develop resource plans
design resource planning
lead on resource planning",,released,2025-06-25T12:15:04.406Z,,,"http://data.europa.eu/esco/concept-scheme/skills,
http://data.europa.eu/esco/concept-scheme/member-skills","Estimate the expected input in terms of time, human and financial resources necessary to achieve the project objectives.",in_domain,linked to the selected IT occupations
KnowledgeSkillCompetence,http://data.europa.eu/esco/skill/f6424ebb-8401-446b-9f7e-10d7c854da02,knowledge,sector-specific,ICT network simulation,"ICT network simulation tools
ICT network simulation methods
ICT network simulation systems",,released,2025-06-25T08:20:05.218Z,,,"http://data.europa.eu/esco/concept-scheme/skills,
http://data.europa.eu/esco/concept-scheme/member-skills,
http://data.europa.eu/esco/concept-scheme/6c930acd-c104-4ece-acf7-f44fd7333036",The methods and tools which enable modelling of the ICT network behaviour by calculating the data exchange among entities or capturing and reproducing characteristics from a functioning network.,in_domain,linked to the selected IT occupations
KnowledgeSkillCompetence,http://data.europa.eu/esco/skill/f642d7ed-e8d7-4355-a747-b85094d4e2e3,skill/competence,cross-sector,prioritise requests,"prioritize requests
prioritising requests
compile requests
schedule requests
arrange requests
itemise requests
prioritise a request
prioritising a requests",,released,2016-12-22T17:27:56Z,,,"http://data.europa.eu/esco/concept-scheme/skills,
http://data.europa.eu/esco/concept-scheme/member-skills",Prioritise incidents and requests reported by customers or clients. Respond professionaly and in a timely fashion.,in_domain,linked to the selected IT occupations
KnowledgeSkillCompetence,http://data.europa.eu/esco/skill/f6ac6241-adb2-4ce2-b35f-09832cbb11ea,knowledge,cross-sector,empirical analysis,empirical data analysis,,released,2023-10-30T09:16:29.844Z,,,"http://data.europa.eu/esco/concept-scheme/skills,
http://data.europa.eu/esco/concept-scheme/member-skills",The evidence-based method that is used to analyse and interpret information with the aim of drawing conclusions about a specific issue.,in_domain,linked to the selected IT occupations
KnowledgeSkillCompetence,http://data.europa.eu/esco/skill/f715be1d-5fc4-49d3-82a5-0b8090d12849,skill/competence,cross-sector,synthesise information,"synthesise complex information
summarise information
interpret complex information
critically summarise information
write synthesis essays",,released,2024-02-29T15:53:23.476Z,,,"http://data.europa.eu/esco/concept-scheme/skills,
http://data.europa.eu/esco/concept-scheme/member-skills,
http://data.europa.eu/esco/concept-scheme/research","Critically read, interpret, and summarise new and complex information from diverse sources.",in_domain,linked to the selected IT occupations
KnowledgeSkillCompetence,http://data.europa.eu/esco/skill/f7b071bf-4882-4cfc-ae0a-7e0e0ab94c61,skill/competence,cross-sector,conduct research across disciplines,"work across disciplines
work across functional boundaries
conduct interdisciplinary research
use research findings across disciplines
use research findings across functional boundaries",,released,2024-02-26T08:09:43.582Z,,,"http://data.europa.eu/esco/concept-scheme/skills,
http://data.europa.eu/esco/concept-scheme/member-skills,
http://data.europa.eu/esco/concept-scheme/research",Work and use research findings and data across disciplinary and/or functional boundaries.,in_domain,linked to the selected IT occupations
KnowledgeSkillCompetence,http://data.europa.eu/esco/skill/f7b5d916-52f0-4865-b6a6-e1a3b711cb5e,skill/competence,cross-sector,implement strategic planning,"implementing a strategic plan
utilise strategic planning
introduce strategic planning
implementing strategic planning
strategic planning implementation
execute strategic planning
administer strategic planning",,released,2024-02-09T17:29:15.235Z,,,"http://data.europa.eu/esco/concept-scheme/skills,
http://data.europa.eu/esco/concept-scheme/member-skills",Take action on the goals and procedures defined at a strategic level in order to mobilise resources and pursue the established strategies.,in_domain,linked to the selected IT occupations
KnowledgeSkillCompetence,http://data.europa.eu/esco/skill/f7e2eb04-3e50-4561-bce1-7e51a1fec308,skill/competence,sector-specific,define software architecture,"define programme architecture
define application architecture",,released,2024-02-09T17:29:15.235Z,,,"http://data.europa.eu/esco/concept-scheme/skills,
http://data.europa.eu/esco/concept-scheme/member-skills,
http://data.europa.eu/esco/concept-scheme/6c930acd-c104-4ece-acf7-f44fd7333036","Create and document the structure of software products including components, coupling and interfaces. Ensure feasibility, functionality and compatibility with existing platforms.",in_domain,linked to the selected IT occupations
KnowledgeSkillCompetence,http://data.europa.eu/esco/skill/f84a433f-34f1-4083-b0a3-24802623509c,knowledge,sector-specific,web services,web services systems,,released,2023-11-29T16:27:01.553Z,,,"http://data.europa.eu/esco/concept-scheme/skills,
http://data.europa.eu/esco/concept-scheme/member-skills,
http://data.europa.eu/esco/concept-scheme/6c930acd-c104-4ece-acf7-f44fd7333036",XML-based information systems that allows for direct interactions between applications through Internet. It is a set of protocols for transferring data between applications and systems.,in_domain,linked to the selected IT occupations
KnowledgeSkillCompetence,http://data.europa.eu/esco/skill/f88002a8-6355-4d33-9496-285c166ff375,knowledge,sector-specific,ICT power consumption,"ICT power usage
ICT energy consumption",,released,2025-06-25T08:20:05.218Z,,,"http://data.europa.eu/esco/concept-scheme/skills,
http://data.europa.eu/esco/concept-scheme/member-skills,
http://data.europa.eu/esco/concept-scheme/6c930acd-c104-4ece-acf7-f44fd7333036",The energy consumption and types of models of software as well as hardware elements.,in_domain,linked to the selected IT occupations
KnowledgeSkillCompetence,http://data.europa.eu/esco/skill/f8f1f725-0105-41fa-9887-4df9e7a7af1e,skill/competence,sector-specific,manage email hosting service,maintain a private e-mail service platform,,released,2025-06-25T08:45:06.159Z,,,"http://data.europa.eu/esco/concept-scheme/skills,
http://data.europa.eu/esco/concept-scheme/member-skills,
http://data.europa.eu/esco/concept-scheme/6c930acd-c104-4ece-acf7-f44fd7333036","Oversee the day-to-day running of a private email platform by maintaining and refining provided services, such as spam and virus protection, blocking advertisement, website redesigns and search engine optimisation.",in_domain,linked to the selected IT occupations
KnowledgeSkillCompetence,http://data.europa.eu/esco/skill/f9670490-8aa4-4540-b121-d440a8294aab,skill/competence,occupation-specific,develop data processing applications,"build data processing applications
design data processing applications
design data processing software
develop data processing software
create data processing applications",,released,2025-06-25T12:15:04.406Z,,,"http://data.europa.eu/esco/concept-scheme/skills,
http://data.europa.eu/esco/concept-scheme/member-skills,
http://data.europa.eu/esco/concept-scheme/6c930acd-c104-4ece-acf7-f44fd7333036",Create a customised software for processing data by selecting and using the appropriate computer programming language in order for an ICT system to produce demanded output based on expected input.,in_domain,linked to the selected IT occupations
KnowledgeSkillCompetence,http://data.europa.eu/esco/skill/f9a6f35b-01a7-40c9-8b61-b6ee46f97272,knowledge,sector-specific,operating systems,"OS architecture
AS400
WIN/NT
Novell
VMS","MacOS
Android
Ubuntu
Linux
IOS
Windows",released,2025-06-25T08:20:05.218Z,,,"http://data.europa.eu/esco/concept-scheme/skills,
http://data.europa.eu/esco/concept-scheme/member-skills,
http://data.europa.eu/esco/concept-scheme/6c930acd-c104-4ece-acf7-f44fd7333036","The features, restrictions, architectures and other characteristics of operating systems such Linux, Windows, MacOS, etc.",in_domain,linked to the selected IT occupations
KnowledgeSkillCompetence,http://data.europa.eu/esco/skill/f9e788df-d68a-4f92-92c7-80e135fc35ff,knowledge,cross-sector,ICT networking hardware,"ICT networking devices
computer networking devices",,released,2024-02-09T17:29:12.952Z,,,"http://data.europa.eu/esco/concept-scheme/skills,
http://data.europa.eu/esco/concept-scheme/member-skills,
http://data.europa.eu/esco/concept-scheme/6c930acd-c104-4ece-acf7-f44fd7333036","The ICT network equipment or computer networking devices, such as UPS systems, electrical systems, networking facilities and structured cabling systems.",in_domain,linked to the selected IT occupations
KnowledgeSkillCompetence,http://data.europa.eu/esco/skill/fa642fc3-5cc5-41cf-8926-6617a8b976a7,skill/competence,cross-sector,promote the participation of citizens in scientific and research activities,"encourage civic engagement in research
engage public in research
engage citizens in scientific and research activities
foster public involvement in scientific research
promote citizens participation in research",,released,2024-02-29T16:10:45.52Z,,,"http://data.europa.eu/esco/concept-scheme/skills,
http://data.europa.eu/esco/concept-scheme/member-skills,
http://data.europa.eu/esco/concept-scheme/research","Engage citizens in scientific and research activities and promote their contribution in terms of knowledge, time or resources invested.",in_domain,linked to the selected IT occupations
KnowledgeSkillCompetence,http://data.europa.eu/esco/skill/fae27053-8924-4bfd-b565-c9fe502044c9,knowledge,sector-specific,system design,system architecture design,,released,2023-10-26T10:20:23.682Z,,,"http://data.europa.eu/esco/concept-scheme/skills,
http://data.europa.eu/esco/concept-scheme/member-skills,
http://data.europa.eu/esco/concept-scheme/6c930acd-c104-4ece-acf7-f44fd7333036","The process of defining the architecture for different components and modules of a system, as well as the relevant data, for satisfying specific requirements.",in_domain,linked to the selected IT occupations
KnowledgeSkillCompetence,http://data.europa.eu/esco/skill/fafe0b9d-dbd9-46bd-b770-26299539ce66,knowledge,sector-specific,ICT process quality models,"Quality maturity models
CMMI (Capability Maturity Model Integrated)
software process quality
CMM",,released,2024-02-09T17:29:11.47Z,,,"http://data.europa.eu/esco/concept-scheme/skills,
http://data.europa.eu/esco/concept-scheme/member-skills,
http://data.europa.eu/esco/concept-scheme/6c930acd-c104-4ece-acf7-f44fd7333036","The quality models for ICT services which address the maturity of the processes, the adoption of recommended practices and their definition and institutionalisation that allow the organisation to reliably and sustainably produce required outcomes. It includes models in a lot of ICT areas.",in_domain,linked to the selected IT occupations
KnowledgeSkillCompetence,http://data.europa.eu/esco/skill/fb3bc9b5-2297-4bba-85b1-60f696a92db8,knowledge,sector-specific,characteristics of services,"characteristics of a service
qualities of services
characteristic of a service
components of services
aspects of services
attributes of services
service characteristics",,released,2024-02-09T17:29:16.725Z,,,"http://data.europa.eu/esco/concept-scheme/skills,
http://data.europa.eu/esco/concept-scheme/member-skills","The characteristics of a service that might include having acquired information about its application, function, features, use and support requirements.",in_domain,linked to the selected IT occupations
KnowledgeSkillCompetence,http://data.europa.eu/esco/skill/fb7aee4d-f6c6-4a87-8e9d-8e542b3771f8,knowledge,sector-specific,software metrics,software measurement metrics,,released,2025-06-25T08:20:05.218Z,,,"http://data.europa.eu/esco/concept-scheme/skills,
http://data.europa.eu/esco/concept-scheme/member-skills,
http://data.europa.eu/esco/concept-scheme/6c930acd-c104-4ece-acf7-f44fd7333036",The metrics that measure a characteristic of the software system in order to determine the development of the software and evaluate it.,in_domain,linked to the selected IT occupations
KnowledgeSkillCompetence,http://data.europa.eu/esco/skill/fbafa41f-cd05-4109-a649-8b44d306d779,skill/competence,sector-specific,create data models,manage data models,,released,2024-02-09T17:29:12.215Z,,,"http://data.europa.eu/esco/concept-scheme/skills,
http://data.europa.eu/esco/concept-scheme/member-skills,
http://data.europa.eu/esco/concept-scheme/6c930acd-c104-4ece-acf7-f44fd7333036","Use specific techniques and methodologies to analyse the data requirements of an organisation's business processes in order to create models for these data, such as conceptual, logical and physical models. These models have a specific structure and format.",in_domain,linked to the selected IT occupations
KnowledgeSkillCompetence,http://data.europa.eu/esco/skill/fbbcb9ab-4b95-4e57-a756-30d08b7da7a5,skill/competence,sector-specific,maintain ICT system,"monitor and optimise system performance
apply system monitoring techniques",,released,2025-06-25T08:45:06.159Z,,,"http://data.europa.eu/esco/concept-scheme/skills,
http://data.europa.eu/esco/concept-scheme/member-skills,
http://data.europa.eu/esco/concept-scheme/6c930acd-c104-4ece-acf7-f44fd7333036",Select and apply system and network monitoring techniques. Identify and fix operational problems. Ensure that system's capabilities and efficiency match company specifications.,in_domain,linked to the selected IT occupations
KnowledgeSkillCompetence,http://data.europa.eu/esco/skill/fc2f1d4f-a46f-471e-a618-cbd4d0496a53,skill/competence,sector-specific,implement ICT recovery system,"disaster recovery
recover ICT system",,released,2024-02-09T17:29:09.009Z,,,"http://data.europa.eu/esco/concept-scheme/skills,
http://data.europa.eu/esco/concept-scheme/member-skills,
http://data.europa.eu/esco/concept-scheme/6c930acd-c104-4ece-acf7-f44fd7333036","Create, manage and implement ICT system recovery plan in case of crisis in order to retrieve information and reacquire use of the system.",in_domain,linked to the selected IT occupations
KnowledgeSkillCompetence,http://data.europa.eu/esco/skill/fc4fcb4b-993f-4f2c-b158-c2171ec18ed8,skill/competence,cross-sector,draw design sketches,create design sketches,,released,2025-06-25T12:15:04.406Z,,,"http://data.europa.eu/esco/concept-scheme/skills,
http://data.europa.eu/esco/concept-scheme/member-skills",Create rough pictures to assist in creating and communicating design concepts.,in_domain,linked to the selected IT occupations
KnowledgeSkillCompetence,http://data.europa.eu/esco/skill/fc94266b-322d-4f1d-87a0-03f999e72344,knowledge,sector-specific,blockchain mining principles,principles of mining in blockchain,,released,2023-11-29T16:31:17.576Z,,,"http://data.europa.eu/esco/concept-scheme/skills,
http://data.europa.eu/esco/concept-scheme/member-skills,
http://data.europa.eu/esco/concept-scheme/6c930acd-c104-4ece-acf7-f44fd7333036","Essential blockchain and cryptocurrency mining types and principles include ASIC mining, GPU mining, CPU mining, Cloud mining, and Mining pools.",in_domain,linked to the selected IT occupations
KnowledgeSkillCompetence,http://data.europa.eu/esco/skill/fcbb3a90-cdde-49ff-9ecc-8e2c0a6dfca2,skill/competence,sector-specific,collect cyber defence data,"collect cyber defence intelligence
gather cyber defence intelligence
gather cyber defence data
collect data for cyber defence through online trade records
collect data for cyber defence through DNS request logs",,released,2024-02-26T07:59:53.058Z,,,"http://data.europa.eu/esco/concept-scheme/skills,
http://data.europa.eu/esco/concept-scheme/member-skills,
http://data.europa.eu/esco/concept-scheme/6c930acd-c104-4ece-acf7-f44fd7333036","Collect data for cyber defence using various data collection tools. Data may be gathered from a number of internal or external sources such as online trade records, DNS request logs, email servers' logs, digital communications packet capturing, deep web resources, etc.",in_domain,linked to the selected IT occupations
KnowledgeSkillCompetence,http://data.europa.eu/esco/skill/fd33c66c-70c4-40e6-b87c-5495bd3bf26e,skill/competence,sector-specific,design user interface,"design user interface specifications
design user interfaces",,released,2025-06-25T12:15:04.406Z,,,"http://data.europa.eu/esco/concept-scheme/skills,
http://data.europa.eu/esco/concept-scheme/member-skills,
http://data.europa.eu/esco/concept-scheme/6c930acd-c104-4ece-acf7-f44fd7333036","Create software or device components which enable interaction between humans and systems or machines, using appropriate techniques, languages and tools so as to streamline interaction while using the system or machine.",in_domain,linked to the selected IT occupations
KnowledgeSkillCompetence,http://data.europa.eu/esco/skill/fd60bbcc-c3b6-4fa5-936c-eef5ae0a2d44,skill/competence,cross-sector,install low voltage wiring,"install low voltage cables
install ethernet cables
install low voltage lines",,released,2024-02-09T17:29:15.235Z,,,"http://data.europa.eu/esco/concept-scheme/skills,
http://data.europa.eu/esco/concept-scheme/member-skills","Plan, deploy, troubleshoot and test low voltage wiring.",in_domain,linked to the selected IT occupations
KnowledgeSkillCompetence,http://data.europa.eu/esco/skill/fd6d2981-3d4a-4ce2-9741-cfc98c5b74bd,skill/competence,sector-specific,implement data warehousing techniques,implement data warehousing solutions,,released,2025-06-25T08:45:06.159Z,,,"http://data.europa.eu/esco/concept-scheme/skills,
http://data.europa.eu/esco/concept-scheme/member-skills,
http://data.europa.eu/esco/concept-scheme/6c930acd-c104-4ece-acf7-f44fd7333036","Apply models and tools such as online analytical processing (OLAP) and Online transaction processing (OLTP), to integrate structured or unstructured data from sources, in order to create a central depository of historical and current data.",in_domain,linked to the selected IT occupations
KnowledgeSkillCompetence,http://data.europa.eu/esco/skill/fda917eb-0d6a-4371-8c93-2a10bf950966,skill/competence,sector-specific,manage ICT semantic integration,"coordinate ICT semantic integration
oversee ICT semantic integration
handle ICT semantic integration
manage ICT semantic database integration
manage ICT semantic integration processes",,released,2025-06-25T12:15:04.406Z,,,"http://data.europa.eu/esco/concept-scheme/skills,
http://data.europa.eu/esco/concept-scheme/member-skills,
http://data.europa.eu/esco/concept-scheme/6c930acd-c104-4ece-acf7-f44fd7333036","Oversee integration of public or internal databases and other data, by using semantic technologies to produce structured semantic output.",in_domain,linked to the selected IT occupations
KnowledgeSkillCompetence,http://data.europa.eu/esco/skill/fe1c2b32-7fe9-4668-affa-07ff658a68cf,skill/competence,sector-specific,identify ICT security risks,"identify ICT security risks and threats
model ICT threats",,released,2025-02-27T12:45:08.961Z,,,"http://data.europa.eu/esco/concept-scheme/skills,
http://data.europa.eu/esco/concept-scheme/member-skills,
http://data.europa.eu/esco/concept-scheme/6c930acd-c104-4ece-acf7-f44fd7333036","Apply methods and techniques to identify potential security threats, security breaches and risk factors using ICT tools for surveying ICT systems, analysing risks, vulnerabilities and threats and evaluating contingency plans.",in_domain,linked to the selected IT occupations
KnowledgeSkillCompetence,http://data.europa.eu/esco/skill/fe39d4db-4cb5-4299-bb9f-896c8fd6ab13,skill/competence,cross-sector,perform market research,"complete market research
performing market research
implement market research
market research performance
undertake market research",,released,2024-02-09T17:29:12.215Z,,,"http://data.europa.eu/esco/concept-scheme/skills,
http://data.europa.eu/esco/concept-scheme/member-skills","Gather, assess and represent data about target market and customers in order to facilitate strategic development and feasibility studies. Identify market trends.",in_domain,linked to the selected IT occupations
KnowledgeSkillCompetence,http://data.europa.eu/esco/skill/fecf8a0d-62c4-4e71-9b03-0f4fc2ad7bf5,knowledge,sector-specific,data models,data modelling,,released,2025-06-25T08:20:05.218Z,,,"http://data.europa.eu/esco/concept-scheme/skills,
http://data.europa.eu/esco/concept-scheme/member-skills,
http://data.europa.eu/esco/concept-scheme/6c930acd-c104-4ece-acf7-f44fd7333036","The techniques and existing systems used for structuring data elements and showing relationships between them, as well as methods for interpreting the data structures and relationships.",in_domain,linked to the selected IT occupations
KnowledgeSkillCompetence,http://data.europa.eu/esco/skill/ff25cbf0-6978-4c4c-887e-d4b185410d74,skill/competence,sector-specific,perform software recovery testing,perform software crash and recovery testing,,released,2024-02-09T17:29:10.678Z,,,"http://data.europa.eu/esco/concept-scheme/skills,
http://data.europa.eu/esco/concept-scheme/member-skills,
http://data.europa.eu/esco/concept-scheme/6c930acd-c104-4ece-acf7-f44fd7333036",Execute testing using specialised software tools to force failure of software in a variety of ways and checking how fast and better the software can recover against any type of crash or failure.,in_domain,linked to the selected IT occupations
KnowledgeSkillCompetence,http://data.europa.eu/esco/skill/ff64e9fc-36dd-4035-872a-83aa41dc1ad9,skill/competence,cross-sector,communicate with a non-scientific audience,"engage in public awareness of research
communicate scientific results to the public
support public understanding of science findings
communicate publicly about scientific findings",,released,2021-04-09T07:47:30.899Z,,,"http://data.europa.eu/esco/concept-scheme/skills,
http://data.europa.eu/esco/concept-scheme/member-skills,
http://data.europa.eu/esco/concept-scheme/research","Communicate about scientific findings to a non-scientific audience, including the general public. Tailor the communication of scientific concepts, debates, findings to the audience, using a variety of methods for different target groups, including visual presentations.",in_domain,linked to the selected IT occupations
KnowledgeSkillCompetence,http://data.europa.eu/esco/skill/ffddfc7c-a9dd-449f-9e96-882dc447c8b6,knowledge,sector-specific,Scala,Scala Programming Language,,released,2025-06-25T08:20:05.218Z,,,"http://data.europa.eu/esco/concept-scheme/skills,
http://data.europa.eu/esco/concept-scheme/member-skills,
http://data.europa.eu/esco/concept-scheme/6c930acd-c104-4ece-acf7-f44fd7333036","The techniques and principles of software development, such as analysis, algorithms, coding, testing and compiling of programming paradigms in Scala.",in_domain,linked to the selected IT occupations
