occupationUri,skillUri,relationType,skillType
http://data.europa.eu/esco/occupation/custom-1127df9fe118a874ac895126e1b83233,http://data.europa.eu/esco/skill/00e53a0a-c0ba-4c9f-a2ed-4706d5832a00,essential,skill/competence
http://data.europa.eu/esco/occupation/custom-1127df9fe118a874ac895126e1b83233,http://data.europa.eu/esco/skill/01e7dee7-3ff1-4807-acad-058dbed91aba,essential,skill/competence
http://data.europa.eu/esco/occupation/custom-1127df9fe118a874ac895126e1b83233,http://data.europa.eu/esco/skill/03b9b491-fc9b-4868-914a-bf7cd47b5041,essential,skill/competence
http://data.europa.eu/esco/occupation/custom-1127df9fe118a874ac895126e1b83233,http://data.europa.eu/esco/skill/0da516ee-e70e-4384-be13-f5ff80be8127,essential,skill/competence
http://data.europa.eu/esco/occupation/custom-1127df9fe118a874ac895126e1b83233,http://data.europa.eu/esco/skill/0e1fe34b-f4e7-4642-8c8b-5a05ac3438e5,essential,skill/competence
http://data.europa.eu/esco/occupation/custom-1127df9fe118a874ac895126e1b83233,http://data.europa.eu/esco/skill/118efbcd-8fc5-4668-81d1-c383a0d16070,optional,skill/competence
http://data.europa.eu/esco/occupation/custom-1127df9fe118a874ac895126e1b83233,http://data.europa.eu/esco/skill/1585fc98-bfe4-461f-97fc-734055a2c3ce,essential,knowledge
http://data.europa.eu/esco/occupation/custom-1127df9fe118a874ac895126e1b83233,http://data.europa.eu/esco/skill/16a00c69-9c74-4c37-96d7-6301d285e5ce,optional,skill/competence
http://data.europa.eu/esco/occupation/custom-1127df9fe118a874ac895126e1b83233,http://data.europa.eu/esco/skill/2b92a5b2-6758-4ee3-9fb4-b6387a55cc8f,optional,skill/competence
http://data.europa.eu/esco/occupation/custom-1127df9fe118a874ac895126e1b83233,http://data.europa.eu/esco/skill/38da3c60-4b7c-4698-9256-574e4ee4e93b,optional,knowledge
http://data.europa.eu/esco/occupation/custom-1127df9fe118a874ac895126e1b83233,http://data.europa.eu/esco/skill/43b13058-68d0-40c6-8031-caf5a7b7d20c,essential,skill/competence
http://data.europa.eu/esco/occupation/custom-1127df9fe118a874ac895126e1b83233,http://data.europa.eu/esco/skill/5a0bffcf-4ff6-49cf-a7db-4142e63f5f04,optional,skill/competence
http://data.europa.eu/esco/occupation/custom-1127df9fe118a874ac895126e1b83233,http://data.europa.eu/esco/skill/61970f8b-099c-4e7e-82e0-9ccdced0baf3,essential,skill/competence
http://data.europa.eu/esco/occupation/custom-1127df9fe118a874ac895126e1b83233,http://data.europa.eu/esco/skill/6430eb0d-c6de-46b7-a7fc-3dd2e8e62a69,essential,skill/competence
http://data.europa.eu/esco/occupation/custom-1127df9fe118a874ac895126e1b83233,http://data.europa.eu/esco/skill/6474fc36-67ae-436b-9d39-c14402c6a89b,essential,skill/competence
http://data.europa.eu/esco/occupation/custom-1127df9fe118a874ac895126e1b83233,http://data.europa.eu/esco/skill/68698869-c13c-4563-adc7-118b7644f45d,essential,skill/competence
http://data.europa.eu/esco/occupation/custom-1127df9fe118a874ac895126e1b83233,http://data.europa.eu/esco/skill/6aef2baa-5fa7-4c16-bd28-3e070ec4e4df,optional,skill/competence
http://data.europa.eu/esco/occupation/custom-1127df9fe118a874ac895126e1b83233,http://data.europa.eu/esco/skill/778ca7ad-6c5d-4868-9b96-a7777dca799c,optional,knowledge
http://data.europa.eu/esco/occupation/custom-1127df9fe118a874ac895126e1b83233,http://data.europa.eu/esco/skill/946c1229-1171-40d4-82cc-fe3f483ca100,optional,skill/competence
http://data.europa.eu/esco/occupation/custom-1127df9fe118a874ac895126e1b83233,http://data.europa.eu/esco/skill/9889b795-d755-41b2-8afd-2e3c87a65a38,essential,skill/competence
http://data.europa.eu/esco/occupation/custom-1127df9fe118a874ac895126e1b83233,http://data.europa.eu/esco/skill/9e06bac6-6b91-48ca-8b7d-c1f48cdecd7c,essential,skill/competence
http://data.europa.eu/esco/occupation/custom-1127df9fe118a874ac895126e1b83233,http://data.europa.eu/esco/skill/a56dec32-05ef-45de-a256-ee6741f356db,optional,knowledge
http://data.europa.eu/esco/occupation/custom-1127df9fe118a874ac895126e1b83233,http://data.europa.eu/esco/skill/acf0a78c-f4e3-4bd9-a5cc-9cf4791b3b95,optional,skill/competence
http://data.europa.eu/esco/occupation/custom-1127df9fe118a874ac895126e1b83233,http://data.europa.eu/esco/skill/bb2b4485-2bad-402f-8517-44bf7d9afff4,optional,skill/competence
http://data.europa.eu/esco/occupation/custom-1127df9fe118a874ac895126e1b83233,http://data.europa.eu/esco/skill/c2296e2e-5fef-4f24-a24f-e5b3792268be,essential,skill/competence
http://data.europa.eu/esco/occupation/custom-1127df9fe118a874ac895126e1b83233,http://data.europa.eu/esco/skill/ca73ac82-867a-4afa-9732-834aebe896ff,essential,knowledge
http://data.europa.eu/esco/occupation/custom-1127df9fe118a874ac895126e1b83233,http://data.europa.eu/esco/skill/d0c6d77e-cb25-4770-bf77-2073fc5f7523,optional,knowledge
http://data.europa.eu/esco/occupation/custom-1127df9fe118a874ac895126e1b83233,http://data.europa.eu/esco/skill/d6d3fee7-47e2-47f4-a0ec-6c75f28c6abd,essential,knowledge
http://data.europa.eu/esco/occupation/custom-1127df9fe118a874ac895126e1b83233,http://data.europa.eu/esco/skill/db36f7f1-5900-45bd-9ffb-f2b19c4362ac,essential,skill/competence
http://data.europa.eu/esco/occupation/custom-1127df9fe118a874ac895126e1b83233,http://data.europa.eu/esco/skill/debb8d81-ed7f-447d-853a-5d107fda6fcf,essential,skill/competence
http://data.europa.eu/esco/occupation/custom-1127df9fe118a874ac895126e1b83233,http://data.europa.eu/esco/skill/f642d7ed-e8d7-4355-a747-b85094d4e2e3,essential,skill/competence
http://data.europa.eu/esco/occupation/custom-1127df9fe118a874ac895126e1b83233,http://data.europa.eu/esco/skill/fb3bc9b5-2297-4bba-85b1-60f696a92db8,essential,knowledge
http://data.europa.eu/esco/occupation/custom-131b0da6f37960dcc29a3f2147b5bb4d,http://data.europa.eu/esco/skill/062320e5-79d1-45e8-8b7e-5deeb53279a2,optional,skill/competence
http://data.europa.eu/esco/occupation/custom-131b0da6f37960dcc29a3f2147b5bb4d,http://data.europa.eu/esco/skill/1b70a55d-b8a4-49fc-96c6-15ab4cff2522,essential,skill/competence
http://data.europa.eu/esco/occupation/custom-131b0da6f37960dcc29a3f2147b5bb4d,http://data.europa.eu/esco/skill/2daec0e6-f0c1-43e8-8178-aedba99130ec,optional,skill/competence
http://data.europa.eu/esco/occupation/custom-131b0da6f37960dcc29a3f2147b5bb4d,http://data.europa.eu/esco/skill/3a2d5b45-56e4-4f5a-a55a-4a4a65afdc43,essential,knowledge
http://data.europa.eu/esco/occupation/custom-131b0da6f37960dcc29a3f2147b5bb4d,http://data.europa.eu/esco/skill/3e2ab38a-4519-4bef-b762-a8bf4836a775,essential,skill/competence
http://data.europa.eu/esco/occupation/custom-131b0da6f37960dcc29a3f2147b5bb4d,http://data.europa.eu/esco/skill/47a49cd6-097d-457a-9f7b-c290c14930d5,essential,skill/competence
http://data.europa.eu/esco/occupation/custom-131b0da6f37960dcc29a3f2147b5bb4d,http://data.europa.eu/esco/skill/53456d90-8c0d-4bd2-9f1b-312619b6e2a6,essential,knowledge
http://data.europa.eu/esco/occupation/custom-131b0da6f37960dcc29a3f2147b5bb4d,http://data.europa.eu/esco/skill/54924a2c-daca-40d3-9716-4b38ceb04f38,essential,knowledge
http://data.europa.eu/esco/occupation/custom-131b0da6f37960dcc29a3f2147b5bb4d,http://data.europa.eu/esco/skill/629685b8-5f9e-4522-8cff-b3e2c4ec625a,essential,
http://data.europa.eu/esco/occupation/custom-131b0da6f37960dcc29a3f2147b5bb4d,http://data.europa.eu/esco/skill/7482a123-e801-48de-9733-262125671410,essential,knowledge
http://data.europa.eu/esco/occupation/custom-131b0da6f37960dcc29a3f2147b5bb4d,http://data.europa.eu/esco/skill/751941a0-5645-4f8b-b97e-b252909d5edb,essential,skill/competence
http://data.europa.eu/esco/occupation/custom-131b0da6f37960dcc29a3f2147b5bb4d,http://data.europa.eu/esco/skill/7b5cce4d-c7fe-4119-b48f-70aa05391787,essential,knowledge
http://data.europa.eu/esco/occupation/custom-131b0da6f37960dcc29a3f2147b5bb4d,http://data.europa.eu/esco/skill/8369c2d6-c100-4cf6-bd83-9668d8678433,essential,skill/competence
http://data.europa.eu/esco/occupation/custom-131b0da6f37960dcc29a3f2147b5bb4d,http://data.europa.eu/esco/skill/9ce670ec-318c-4a91-9179-03437db728dc,essential,knowledge
http://data.europa.eu/esco/occupation/custom-131b0da6f37960dcc29a3f2147b5bb4d,http://data.europa.eu/esco/skill/a47d194d-0ffd-4aaa-b695-fbbe0255000e,essential,skill/competence
http://data.europa.eu/esco/occupation/custom-131b0da6f37960dcc29a3f2147b5bb4d,http://data.europa.eu/esco/skill/b105ec9b-0857-41d6-8d07-a83e58b73d90,essential,knowledge
http://data.europa.eu/esco/occupation/custom-131b0da6f37960dcc29a3f2147b5bb4d,http://data.europa.eu/esco/skill/b8c01891-e3df-4a4b-948d-95b45e1788f5,optional,knowledge
http://data.europa.eu/esco/occupation/custom-131b0da6f37960dcc29a3f2147b5bb4d,http://data.europa.eu/esco/skill/c453cf81-6197-428e-84c6-70c773b63f27,optional,knowledge
http://data.europa.eu/esco/occupation/custom-131b0da6f37960dcc29a3f2147b5bb4d,http://data.europa.eu/esco/skill/d88cb3f1-8e02-4618-bf32-4b0488066934,essential,knowledge
http://data.europa.eu/esco/occupation/custom-131b0da6f37960dcc29a3f2147b5bb4d,http://data.europa.eu/esco/skill/ddc3119d-1d6e-4324-9125-a3380d299ac5,essential,knowledge
http://data.europa.eu/esco/occupation/custom-131b0da6f37960dcc29a3f2147b5bb4d,http://data.europa.eu/esco/skill/e465a154-93f7-4973-9ce1-31659fe16dd2,essential,knowledge
http://data.europa.eu/esco/occupation/custom-131b0da6f37960dcc29a3f2147b5bb4d,http://data.europa.eu/esco/skill/f049d050-12da-4e40-813a-2b5eb6df6b51,essential,knowledge
http://data.europa.eu/esco/occupation/custom-1d851aa001c3830abea522cf92881469,http://data.europa.eu/esco/skill/000f1d3d-220f-4789-9c0a-cc742521fb02,optional,knowledge
http://data.europa.eu/esco/occupation/custom-1d851aa001c3830abea522cf92881469,http://data.europa.eu/esco/skill/01e7dee7-3ff1-4807-acad-058dbed91aba,essential,skill/competence
http://data.europa.eu/esco/occupation/custom-1d851aa001c3830abea522cf92881469,http://data.europa.eu/esco/skill/034c29fa-c3ba-45ea-b8f3-bf8e3705e386,optional,knowledge
http://data.europa.eu/esco/occupation/custom-1d851aa001c3830abea522cf92881469,http://data.europa.eu/esco/skill/03b9b491-fc9b-4868-914a-bf7cd47b5041,optional,skill/competence
http://data.europa.eu/esco/occupation/custom-1d851aa001c3830abea522cf92881469,http://data.europa.eu/esco/skill/04f1b938-d4d4-4cb1-a863-982af76b9d93,optional,knowledge
http://data.europa.eu/esco/occupation/custom-1d851aa001c3830abea522cf92881469,http://data.europa.eu/esco/skill/054f26ab-cfdc-4077-883c-1c4c9e9b310a,essential,skill/competence
http://data.europa.eu/esco/occupation/custom-1d851aa001c3830abea522cf92881469,http://data.europa.eu/esco/skill/0868eef3-2213-4572-9343-74931345a7d3,essential,skill/competence
http://data.europa.eu/esco/occupation/custom-1d851aa001c3830abea522cf92881469,http://data.europa.eu/esco/skill/0ccdfe98-f845-4598-84a1-3dca66e9d9a3,optional,knowledge
http://data.europa.eu/esco/occupation/custom-1d851aa001c3830abea522cf92881469,http://data.europa.eu/esco/skill/0cd6dcf1-5778-42a5-b685-4d01ae4a4871,optional,knowledge
http://data.europa.eu/esco/occupation/custom-1d851aa001c3830abea522cf92881469,http://data.europa.eu/esco/skill/0da6cab1-0ee9-4391-a299-f71fbf21db56,essential,knowledge
http://data.europa.eu/esco/occupation/custom-1d851aa001c3830abea522cf92881469,http://data.europa.eu/esco/skill/0de61385-de6d-4146-ba32-1cc1bc102220,optional,knowledge
http://data.europa.eu/esco/occupation/custom-1d851aa001c3830abea522cf92881469,http://data.europa.eu/esco/skill/0e1fe34b-f4e7-4642-8c8b-5a05ac3438e5,optional,skill/competence
http://data.europa.eu/esco/occupation/custom-1d851aa001c3830abea522cf92881469,http://data.europa.eu/esco/skill/0f9958d2-f700-4f62-b90b-a5873cb5ae4c,optional,knowledge
http://data.europa.eu/esco/occupation/custom-1d851aa001c3830abea522cf92881469,http://data.europa.eu/esco/skill/13bdd41a-2a18-441f-96db-41252c519413,optional,knowledge
http://data.europa.eu/esco/occupation/custom-1d851aa001c3830abea522cf92881469,http://data.europa.eu/esco/skill/19a8293b-8e95-4de3-983f-77484079c389,optional,knowledge
http://data.europa.eu/esco/occupation/custom-1d851aa001c3830abea522cf92881469,http://data.europa.eu/esco/skill/21d2f96d-35f7-4e3f-9745-c533d2dd6e97,optional,knowledge
http://data.europa.eu/esco/occupation/custom-1d851aa001c3830abea522cf92881469,http://data.europa.eu/esco/skill/2bde42ae-e776-41c1-9ded-b07b30bfe985,optional,knowledge
http://data.europa.eu/esco/occupation/custom-1d851aa001c3830abea522cf92881469,http://data.europa.eu/esco/skill/300d432b-f457-4cd3-9cb1-1858c7d14954,optional,knowledge
http://data.europa.eu/esco/occupation/custom-1d851aa001c3830abea522cf92881469,http://data.europa.eu/esco/skill/32428b21-514b-42c2-81b5-244a7804ea74,essential,knowledge
http://data.europa.eu/esco/occupation/custom-1d851aa001c3830abea522cf92881469,http://data.europa.eu/esco/skill/397da142-ab35-48fe-b154-7c38f447adfb,essential,knowledge
http://data.europa.eu/esco/occupation/custom-1d851aa001c3830abea522cf92881469,http://data.europa.eu/esco/skill/3cd569a2-4f88-4c1e-9995-8dce8c5e51a7,optional,knowledge
http://data.europa.eu/esco/occupation/custom-1d851aa001c3830abea522cf92881469,http://data.europa.eu/esco/skill/401eb8d8-6daa-4f8b-90ad-60afc71eb4f8,optional,knowledge
http://data.europa.eu/esco/occupation/custom-1d851aa001c3830abea522cf92881469,http://data.europa.eu/esco/skill/415abd43-e8e5-4643-b5da-5f11307af57a,optional,skill/competence
http://data.europa.eu/esco/occupation/custom-1d851aa001c3830abea522cf92881469,http://data.europa.eu/esco/skill/42ed3bfb-1a01-4c8b-9758-fc6438865734,optional,knowledge
http://data.europa.eu/esco/occupation/custom-1d851aa001c3830abea522cf92881469,http://data.europa.eu/esco/skill/4350c38d-0fe9-4ca7-bab9-40ed7f72b04f,optional,knowledge
http://data.europa.eu/esco/occupation/custom-1d851aa001c3830abea522cf92881469,http://data.europa.eu/esco/skill/47b9bbcf-356c-4782-83a4-7f5a1b2b51a3,optional,knowledge
http://data.europa.eu/esco/occupation/custom-1d851aa001c3830abea522cf92881469,http://data.europa.eu/esco/skill/4c016b68-4116-468c-9dc6-42710c239e4a,optional,knowledge
http://data.europa.eu/esco/occupation/custom-1d851aa001c3830abea522cf92881469,http://data.europa.eu/esco/skill/501537a7-9d63-491d-ae02-09f04767ff1e,essential,knowledge
http://data.europa.eu/esco/occupation/custom-1d851aa001c3830abea522cf92881469,http://data.europa.eu/esco/skill/51586df8-1c46-4b47-8583-773cb63bf00b,optional,knowledge
http://data.europa.eu/esco/occupation/custom-1d851aa001c3830abea522cf92881469,http://data.europa.eu/esco/skill/52cf3037-ab53-4806-85ed-7fd21ea7f6a1,optional,knowledge
http://data.europa.eu/esco/occupation/custom-1d851aa001c3830abea522cf92881469,http://data.europa.eu/esco/skill/56a7f561-1d55-43c9-9cd7-36a0a9bc6c50,optional,knowledge
http://data.europa.eu/esco/occupation/custom-1d851aa001c3830abea522cf92881469,http://data.europa.eu/esco/skill/58d7a289-dafd-4363-833f-d1dc4140885e,optional,knowledge
http://data.europa.eu/esco/occupation/custom-1d851aa001c3830abea522cf92881469,http://data.europa.eu/esco/skill/5da73370-f6b9-417d-a94c-09bf01f84aa2,optional,skill/competence
http://data.europa.eu/esco/occupation/custom-1d851aa001c3830abea522cf92881469,http://data.europa.eu/esco/skill/6014921e-1d25-4039-adc2-04852d61880e,optional,knowledge
http://data.europa.eu/esco/occupation/custom-1d851aa001c3830abea522cf92881469,http://data.europa.eu/esco/skill/63f0aa84-5e4c-4eb6-8e8c-876d9feedf1f,optional,knowledge
http://data.europa.eu/esco/occupation/custom-1d851aa001c3830abea522cf92881469,http://data.europa.eu/esco/skill/6474fc36-67ae-436b-9d39-c14402c6a89b,essential,skill/competence
http://data.europa.eu/esco/occupation/custom-1d851aa001c3830abea522cf92881469,http://data.europa.eu/esco/skill/6561c8e7-3851-4878-bcf4-d2ffd63d835e,essential,skill/competence
http://data.europa.eu/esco/occupation/custom-1d851aa001c3830abea522cf92881469,http://data.europa.eu/esco/skill/67a118f4-8a5f-48f7-8e5f-de34b9ca2c37,optional,knowledge
http://data.europa.eu/esco/occupation/custom-1d851aa001c3830abea522cf92881469,http://data.europa.eu/esco/skill/6e4f75b4-c60f-4623-a9ba-760c8245753b,optional,knowledge
http://data.europa.eu/esco/occupation/custom-1d851aa001c3830abea522cf92881469,http://data.europa.eu/esco/skill/709ef32a-7435-48e2-8fa2-16e389ecab8a,optional,knowledge
http://data.europa.eu/esco/occupation/custom-1d851aa001c3830abea522cf92881469,http://data.europa.eu/esco/skill/744442ac-c157-4350-8be0-ce454df4f5c5,essential,skill/competence
http://data.europa.eu/esco/occupation/custom-1d851aa001c3830abea522cf92881469,http://data.europa.eu/esco/skill/7c5b66c6-36a1-4e03-bb57-64e8688b8f58,essential,skill/competence
http://data.europa.eu/esco/occupation/custom-1d851aa001c3830abea522cf92881469,http://data.europa.eu/esco/skill/83218cac-3599-417e-93d2-26013cdccd98,optional,knowledge
http://data.europa.eu/esco/occupation/custom-1d851aa001c3830abea522cf92881469,http://data.europa.eu/esco/skill/8359bd04-d2cb-4757-af1f-39a921df9efe,optional,skill/competence
http://data.europa.eu/esco/occupation/custom-1d851aa001c3830abea522cf92881469,http://data.europa.eu/esco/skill/8369ede5-4200-4a44-be2e-bc60ef959259,optional,knowledge
http://data.europa.eu/esco/occupation/custom-1d851aa001c3830abea522cf92881469,http://data.europa.eu/esco/skill/861313ba-3a1a-4d33-842a-1b8e45e2415b,optional,skill/competence
http://data.europa.eu/esco/occupation/custom-1d851aa001c3830abea522cf92881469,http://data.europa.eu/esco/skill/867137fb-ff1b-4ca3-99f3-cb6969aa2c68,optional,knowledge
http://data.europa.eu/esco/occupation/custom-1d851aa001c3830abea522cf92881469,http://data.europa.eu/esco/skill/993b1e23-f2de-4bd8-b33f-f86dde1c8e9d,optional,knowledge
http://data.europa.eu/esco/occupation/custom-1d851aa001c3830abea522cf92881469,http://data.europa.eu/esco/skill/9973a5a2-7822-4161-99e9-95c781eb63f8,optional,knowledge
http://data.europa.eu/esco/occupation/custom-1d851aa001c3830abea522cf92881469,http://data.europa.eu/esco/skill/a4d336a6-9ffd-402a-91cc-f359716ba4e0,optional,knowledge
http://data.europa.eu/esco/occupation/custom-1d851aa001c3830abea522cf92881469,http://data.europa.eu/esco/skill/a99c6783-50c0-4f7a-99df-bf93429ef6dc,essential,skill/competence
http://data.europa.eu/esco/occupation/custom-1d851aa001c3830abea522cf92881469,http://data.europa.eu/esco/skill/acf0a78c-f4e3-4bd9-a5cc-9cf4791b3b95,essential,skill/competence
http://data.europa.eu/esco/occupation/custom-1d851aa001c3830abea522cf92881469,http://data.europa.eu/esco/skill/b105ec9b-0857-41d6-8d07-a83e58b73d90,optional,knowledge
http://data.europa.eu/esco/occupation/custom-1d851aa001c3830abea522cf92881469,http://data.europa.eu/esco/skill/b16200f4-4f39-4b8b-aa9d-3568054d6bdb,optional,knowledge
http://data.europa.eu/esco/occupation/custom-1d851aa001c3830abea522cf92881469,http://data.europa.eu/esco/skill/b3c8eada-b0a8-4b61-968b-b354fbfb6874,optional,skill/competence
http://data.europa.eu/esco/occupation/custom-1d851aa001c3830abea522cf92881469,http://data.europa.eu/esco/skill/b4877620-c375-45f3-a678-2ddb4dae6a29,essential,skill/competence
http://data.europa.eu/esco/occupation/custom-1d851aa001c3830abea522cf92881469,http://data.europa.eu/esco/skill/b4dc6e4f-dc7d-445f-8ce2-d7b9d225e282,optional,knowledge
http://data.europa.eu/esco/occupation/custom-1d851aa001c3830abea522cf92881469,http://data.europa.eu/esco/skill/b633eb55-8f1f-4ae6-ab4c-2022ffe2cb7f,optional,knowledge
http://data.europa.eu/esco/occupation/custom-1d851aa001c3830abea522cf92881469,http://data.europa.eu/esco/skill/bb2b4485-2bad-402f-8517-44bf7d9afff4,essential,skill/competence
http://data.europa.eu/esco/occupation/custom-1d851aa001c3830abea522cf92881469,http://data.europa.eu/esco/skill/bb99af26-71ff-4dca-bde7-1eb1f6194426,optional,knowledge
http://data.europa.eu/esco/occupation/custom-1d851aa001c3830abea522cf92881469,http://data.europa.eu/esco/skill/be80acfc-b6f2-4411-9b8d-b19d9cd2556a,optional,knowledge
http://data.europa.eu/esco/occupation/custom-1d851aa001c3830abea522cf92881469,http://data.europa.eu/esco/skill/c3a03c5a-c260-4c26-9b9a-873abb396f4d,optional,knowledge
http://data.europa.eu/esco/occupation/custom-1d851aa001c3830abea522cf92881469,http://data.europa.eu/esco/skill/ca73ac82-867a-4afa-9732-834aebe896ff,optional,knowledge
http://data.europa.eu/esco/occupation/custom-1d851aa001c3830abea522cf92881469,http://data.europa.eu/esco/skill/ccd0a1d9-afda-43d9-b901-96344886e14d,optional,knowledge
http://data.europa.eu/esco/occupation/custom-1d851aa001c3830abea522cf92881469,http://data.europa.eu/esco/skill/cf3e976d-2c3e-495c-a874-f9e8a66d3b48,essential,skill/competence
http://data.europa.eu/esco/occupation/custom-1d851aa001c3830abea522cf92881469,http://data.europa.eu/esco/skill/d1e954cd-d290-4d80-97c0-7969960d2928,essential,knowledge
http://data.europa.eu/esco/occupation/custom-1d851aa001c3830abea522cf92881469,http://data.europa.eu/esco/skill/d32db06e-bd06-4415-a7ab-1b0ee68caa9a,optional,knowledge
http://data.europa.eu/esco/occupation/custom-1d851aa001c3830abea522cf92881469,http://data.europa.eu/esco/skill/d56fc2b5-4b0a-4e7e-9bde-a33736f6ff18,optional,knowledge
http://data.europa.eu/esco/occupation/custom-1d851aa001c3830abea522cf92881469,http://data.europa.eu/esco/skill/d6e3395b-5ab6-4fba-969a-3df634e904c5,essential,knowledge
http://data.europa.eu/esco/occupation/custom-1d851aa001c3830abea522cf92881469,http://data.europa.eu/esco/skill/dcdd5ddf-82a6-4ac3-8edc-d4b23cae9a88,optional,knowledge
http://data.europa.eu/esco/occupation/custom-1d851aa001c3830abea522cf92881469,http://data.europa.eu/esco/skill/def007fa-5fed-4a5f-91a2-b0d7e3db1be1,optional,knowledge
http://data.europa.eu/esco/occupation/custom-1d851aa001c3830abea522cf92881469,http://data.europa.eu/esco/skill/e5609f89-0daf-40bb-bd6b-94f5d7498131,optional,knowledge
http://data.europa.eu/esco/occupation/custom-1d851aa001c3830abea522cf92881469,http://data.europa.eu/esco/skill/e8b89eb6-51e8-4c3a-babb-88b2e110376b,optional,knowledge
http://data.europa.eu/esco/occupation/custom-1d851aa001c3830abea522cf92881469,http://data.europa.eu/esco/skill/eb0e5615-1575-4a86-a1a2-7d39595033c5,optional,knowledge
http://data.europa.eu/esco/occupation/custom-1d851aa001c3830abea522cf92881469,http://data.europa.eu/esco/skill/f5ac9226-0ace-4d34-a1c3-7b3845834a98,essential,skill/competence
http://data.europa.eu/esco/occupation/custom-1d851aa001c3830abea522cf92881469,http://data.europa.eu/esco/skill/f8f1f725-0105-41fa-9887-4df9e7a7af1e,essential,skill/competence
http://data.europa.eu/esco/occupation/custom-1d851aa001c3830abea522cf92881469,http://data.europa.eu/esco/skill/f9e788df-d68a-4f92-92c7-80e135fc35ff,essential,knowledge
http://data.europa.eu/esco/occupation/custom-1d851aa001c3830abea522cf92881469,http://data.europa.eu/esco/skill/fbbcb9ab-4b95-4e57-a756-30d08b7da7a5,essential,skill/competence
http://data.europa.eu/esco/occupation/custom-1d851aa001c3830abea522cf92881469,http://data.europa.eu/esco/skill/fc2f1d4f-a46f-471e-a618-cbd4d0496a53,essential,skill/competence
http://data.europa.eu/esco/occupation/custom-1d851aa001c3830abea522cf92881469,http://data.europa.eu/esco/skill/ffddfc7c-a9dd-449f-9e96-882dc447c8b6,optional,knowledge
http://data.europa.eu/esco/occupation/custom-216e36cad1abe99fcce44284bd17664b,http://data.europa.eu/esco/skill/022dc430-872a-473a-9cf4-fed4895e58ad,essential,skill/competence
http://data.europa.eu/esco/occupation/custom-216e36cad1abe99fcce44284bd17664b,http://data.europa.eu/esco/skill/03ff0d53-573a-47a0-a0ad-1995815a4339,essential,knowledge
http://data.europa.eu/esco/occupation/custom-216e36cad1abe99fcce44284bd17664b,http://data.europa.eu/esco/skill/04fe962b-4017-4eb7-9139-7d69b6922bc9,essential,skill/competence
http://data.europa.eu/esco/occupation/custom-216e36cad1abe99fcce44284bd17664b,http://data.europa.eu/esco/skill/071233c4-ad2b-4f50-b79f-768d2231163e,essential,knowledge
http://data.europa.eu/esco/occupation/custom-216e36cad1abe99fcce44284bd17664b,http://data.europa.eu/esco/skill/0868eef3-2213-4572-9343-74931345a7d3,essential,skill/competence
http://data.europa.eu/esco/occupation/custom-216e36cad1abe99fcce44284bd17664b,http://data.europa.eu/esco/skill/0a43729f-2a79-4dae-9faa-95520daae79f,essential,skill/competence
http://data.europa.eu/esco/occupation/custom-216e36cad1abe99fcce44284bd17664b,http://data.europa.eu/esco/skill/143769cb-b61e-47d8-a61e-eedfbec1016c,optional,knowledge
http://data.europa.eu/esco/occupation/custom-216e36cad1abe99fcce44284bd17664b,http://data.europa.eu/esco/skill/14d1e367-3efe-4ec5-86ae-eca48710ee4e,optional,skill/competence
http://data.europa.eu/esco/occupation/custom-216e36cad1abe99fcce44284bd17664b,http://data.europa.eu/esco/skill/1973c966-f236-40c9-b2d4-5d71a89019be,optional,skill/competence
http://data.europa.eu/esco/occupation/custom-216e36cad1abe99fcce44284bd17664b,http://data.europa.eu/esco/skill/1b7c716e-af95-4cda-a42f-6479c8b139f5,optional,knowledge
http://data.europa.eu/esco/occupation/custom-216e36cad1abe99fcce44284bd17664b,http://data.europa.eu/esco/skill/29fb0fb5-dfc4-4098-ac9b-3a712000f48f,essential,skill/competence
http://data.europa.eu/esco/occupation/custom-216e36cad1abe99fcce44284bd17664b,http://data.europa.eu/esco/skill/33a82b83-c838-4889-ae62-fae1317481eb,optional,skill/competence
http://data.europa.eu/esco/occupation/custom-216e36cad1abe99fcce44284bd17664b,http://data.europa.eu/esco/skill/3cee858e-79e8-4a4b-b99f-93c7f735d58b,optional,knowledge
http://data.europa.eu/esco/occupation/custom-216e36cad1abe99fcce44284bd17664b,http://data.europa.eu/esco/skill/3d03c40c-1b83-4793-8902-2523f40af59e,optional,knowledge
http://data.europa.eu/esco/occupation/custom-216e36cad1abe99fcce44284bd17664b,http://data.europa.eu/esco/skill/3f4dab51-572b-4e2c-85ef-3b4c3f7094e1,optional,knowledge
http://data.europa.eu/esco/occupation/custom-216e36cad1abe99fcce44284bd17664b,http://data.europa.eu/esco/skill/415abd43-e8e5-4643-b5da-5f11307af57a,optional,skill/competence
http://data.europa.eu/esco/occupation/custom-216e36cad1abe99fcce44284bd17664b,http://data.europa.eu/esco/skill/43ec6db6-33f7-449b-a566-5779a7e8997a,optional,knowledge
http://data.europa.eu/esco/occupation/custom-216e36cad1abe99fcce44284bd17664b,http://data.europa.eu/esco/skill/4463a721-69f3-413d-8321-43e3af13a4f1,essential,skill/competence
http://data.europa.eu/esco/occupation/custom-216e36cad1abe99fcce44284bd17664b,http://data.europa.eu/esco/skill/47ca0da1-cae5-4395-ae6b-fd97b9ff48d3,essential,knowledge
http://data.europa.eu/esco/occupation/custom-216e36cad1abe99fcce44284bd17664b,http://data.europa.eu/esco/skill/48db96bf-3314-45c6-bad8-fdb6e20e5639,optional,knowledge
http://data.europa.eu/esco/occupation/custom-216e36cad1abe99fcce44284bd17664b,http://data.europa.eu/esco/skill/4959697d-3a24-4f46-af0c-b752318e6c54,optional,knowledge
http://data.europa.eu/esco/occupation/custom-216e36cad1abe99fcce44284bd17664b,http://data.europa.eu/esco/skill/4da171e5-779c-4983-a76f-91c16751e99f,optional,knowledge
http://data.europa.eu/esco/occupation/custom-216e36cad1abe99fcce44284bd17664b,http://data.europa.eu/esco/skill/4e6d2538-a48e-48a7-8dad-14b067cfcb8b,optional,knowledge
http://data.europa.eu/esco/occupation/custom-216e36cad1abe99fcce44284bd17664b,http://data.europa.eu/esco/skill/5da8018b-ae85-4cde-ad93-0394369018f3,optional,knowledge
http://data.europa.eu/esco/occupation/custom-216e36cad1abe99fcce44284bd17664b,http://data.europa.eu/esco/skill/5ef0c719-5bcb-49f8-b8eb-824388225333,essential,skill/competence
http://data.europa.eu/esco/occupation/custom-216e36cad1abe99fcce44284bd17664b,http://data.europa.eu/esco/skill/6c08403c-a5bb-4868-b8c2-b7d039c0e511,essential,skill/competence
http://data.europa.eu/esco/occupation/custom-216e36cad1abe99fcce44284bd17664b,http://data.europa.eu/esco/skill/7369f779-4b71-4aab-8836-48b69c676eec,essential,skill/competence
http://data.europa.eu/esco/occupation/custom-216e36cad1abe99fcce44284bd17664b,http://data.europa.eu/esco/skill/744442ac-c157-4350-8be0-ce454df4f5c5,essential,skill/competence
http://data.europa.eu/esco/occupation/custom-216e36cad1abe99fcce44284bd17664b,http://data.europa.eu/esco/skill/7d10fcb2-b368-48ab-996b-7c9fafcf68ed,optional,skill/competence
http://data.europa.eu/esco/occupation/custom-216e36cad1abe99fcce44284bd17664b,http://data.europa.eu/esco/skill/7e1f9657-ab4e-407c-842f-b846197060e3,optional,skill/competence
http://data.europa.eu/esco/occupation/custom-216e36cad1abe99fcce44284bd17664b,http://data.europa.eu/esco/skill/7e796b51-49d7-4e73-95af-2e7323763f15,optional,skill/competence
http://data.europa.eu/esco/occupation/custom-216e36cad1abe99fcce44284bd17664b,http://data.europa.eu/esco/skill/82de2df7-0d6c-42b1-94ac-b3e9a029e917,optional,skill/competence
http://data.europa.eu/esco/occupation/custom-216e36cad1abe99fcce44284bd17664b,http://data.europa.eu/esco/skill/8359bd04-d2cb-4757-af1f-39a921df9efe,optional,skill/competence
http://data.europa.eu/esco/occupation/custom-216e36cad1abe99fcce44284bd17664b,http://data.europa.eu/esco/skill/84251cb1-babf-4d17-a3cd-baa642c24c8d,optional,knowledge
http://data.europa.eu/esco/occupation/custom-216e36cad1abe99fcce44284bd17664b,http://data.europa.eu/esco/skill/85c11255-469f-41bd-a6d1-382bc4a87783,essential,skill/competence
http://data.europa.eu/esco/occupation/custom-216e36cad1abe99fcce44284bd17664b,http://data.europa.eu/esco/skill/897b393f-e7e0-4248-a40d-d77119694e83,essential,knowledge
http://data.europa.eu/esco/occupation/custom-216e36cad1abe99fcce44284bd17664b,http://data.europa.eu/esco/skill/99207709-d076-4cce-ba38-e90d3bb28806,essential,knowledge
http://data.europa.eu/esco/occupation/custom-216e36cad1abe99fcce44284bd17664b,http://data.europa.eu/esco/skill/9ba8fd27-275d-4bad-8c48-f668aa99a578,essential,skill/competence
http://data.europa.eu/esco/occupation/custom-216e36cad1abe99fcce44284bd17664b,http://data.europa.eu/esco/skill/9cf681c7-89ec-470c-b651-7fe03786f586,essential,knowledge
http://data.europa.eu/esco/occupation/custom-216e36cad1abe99fcce44284bd17664b,http://data.europa.eu/esco/skill/9ef0f3a0-9ce2-4ef1-a987-0366b5cb2dbe,essential,knowledge
http://data.europa.eu/esco/occupation/custom-216e36cad1abe99fcce44284bd17664b,http://data.europa.eu/esco/skill/a57a54b6-2f2e-43e4-9621-b52f4a63cb08,optional,knowledge
http://data.europa.eu/esco/occupation/custom-216e36cad1abe99fcce44284bd17664b,http://data.europa.eu/esco/skill/a7f0fbe0-c546-4f30-8e41-34a58c64567e,essential,knowledge
http://data.europa.eu/esco/occupation/custom-216e36cad1abe99fcce44284bd17664b,http://data.europa.eu/esco/skill/a8d07b5a-c1a1-42c6-9d53-db9c7a2ca996,optional,knowledge
http://data.europa.eu/esco/occupation/custom-216e36cad1abe99fcce44284bd17664b,http://data.europa.eu/esco/skill/ab1e97ed-2319-4293-a8b7-072d2648822f,essential,knowledge
http://data.europa.eu/esco/occupation/custom-216e36cad1abe99fcce44284bd17664b,http://data.europa.eu/esco/skill/ab67fbfb-0ca7-4345-8bf6-af8f59480212,essential,skill/competence
http://data.europa.eu/esco/occupation/custom-216e36cad1abe99fcce44284bd17664b,http://data.europa.eu/esco/skill/b0a3bb25-a02f-43ed-ab1f-994fa66a424a,optional,knowledge
http://data.europa.eu/esco/occupation/custom-216e36cad1abe99fcce44284bd17664b,http://data.europa.eu/esco/skill/b8eb2517-37d8-43e6-9856-9c29d5c51fde,optional,knowledge
http://data.europa.eu/esco/occupation/custom-216e36cad1abe99fcce44284bd17664b,http://data.europa.eu/esco/skill/bb2b4485-2bad-402f-8517-44bf7d9afff4,optional,skill/competence
http://data.europa.eu/esco/occupation/custom-216e36cad1abe99fcce44284bd17664b,http://data.europa.eu/esco/skill/c062bab3-3ea0-4291-9220-a2d8fef4bead,optional,knowledge
http://data.europa.eu/esco/occupation/custom-216e36cad1abe99fcce44284bd17664b,http://data.europa.eu/esco/skill/c2296e2e-5fef-4f24-a24f-e5b3792268be,optional,skill/competence
http://data.europa.eu/esco/occupation/custom-216e36cad1abe99fcce44284bd17664b,http://data.europa.eu/esco/skill/c7cc6dc5-d56b-4323-8e5c-47c4022f615f,optional,knowledge
http://data.europa.eu/esco/occupation/custom-216e36cad1abe99fcce44284bd17664b,http://data.europa.eu/esco/skill/c7d24594-0c11-4b27-9039-fe0bb903da8e,optional,knowledge
http://data.europa.eu/esco/occupation/custom-216e36cad1abe99fcce44284bd17664b,http://data.europa.eu/esco/skill/cc7370dd-69fa-4c67-a96f-d4d135d38700,essential,knowledge
http://data.europa.eu/esco/occupation/custom-216e36cad1abe99fcce44284bd17664b,http://data.europa.eu/esco/skill/cf3e976d-2c3e-495c-a874-f9e8a66d3b48,essential,skill/competence
http://data.europa.eu/esco/occupation/custom-216e36cad1abe99fcce44284bd17664b,http://data.europa.eu/esco/skill/d3286405-49f8-4e8a-8046-a4376b4e7963,optional,skill/competence
http://data.europa.eu/esco/occupation/custom-216e36cad1abe99fcce44284bd17664b,http://data.europa.eu/esco/skill/d54a1355-05c8-45eb-9c42-267d2cfcdf44,optional,skill/competence
http://data.europa.eu/esco/occupation/custom-216e36cad1abe99fcce44284bd17664b,http://data.europa.eu/esco/skill/d6cdef49-b669-4507-91d1-3f959cf98e47,essential,skill/competence
http://data.europa.eu/esco/occupation/custom-216e36cad1abe99fcce44284bd17664b,http://data.europa.eu/esco/skill/d9eaf831-9348-4330-a83e-b7c099cdc8f6,optional,knowledge
http://data.europa.eu/esco/occupation/custom-216e36cad1abe99fcce44284bd17664b,http://data.europa.eu/esco/skill/db36f7f1-5900-45bd-9ffb-f2b19c4362ac,optional,skill/competence
http://data.europa.eu/esco/occupation/custom-216e36cad1abe99fcce44284bd17664b,http://data.europa.eu/esco/skill/de9f85ba-e77f-48fd-8c66-f5ebaf32d655,optional,knowledge
http://data.europa.eu/esco/occupation/custom-216e36cad1abe99fcce44284bd17664b,http://data.europa.eu/esco/skill/e207163b-7963-4c3e-9494-7a4bb000211b,optional,skill/competence
http://data.europa.eu/esco/occupation/custom-216e36cad1abe99fcce44284bd17664b,http://data.europa.eu/esco/skill/e5b5053e-0ef6-4c4e-a3f2-42f955f4322c,optional,skill/competence
http://data.europa.eu/esco/occupation/custom-216e36cad1abe99fcce44284bd17664b,http://data.europa.eu/esco/skill/e819cc1e-09d9-47f2-b418-93972852daef,optional,knowledge
http://data.europa.eu/esco/occupation/custom-216e36cad1abe99fcce44284bd17664b,http://data.europa.eu/esco/skill/ec85cc63-4e24-4631-bf92-8789db2605c0,essential,skill/competence
http://data.europa.eu/esco/occupation/custom-216e36cad1abe99fcce44284bd17664b,http://data.europa.eu/esco/skill/f597f772-24d3-4cec-813c-cf5a7027c794,optional,knowledge
http://data.europa.eu/esco/occupation/custom-216e36cad1abe99fcce44284bd17664b,http://data.europa.eu/esco/skill/fbafa41f-cd05-4109-a649-8b44d306d779,essential,skill/competence
http://data.europa.eu/esco/occupation/custom-216e36cad1abe99fcce44284bd17664b,http://data.europa.eu/esco/skill/fecf8a0d-62c4-4e71-9b03-0f4fc2ad7bf5,essential,knowledge
http://data.europa.eu/esco/occupation/custom-2500bfa1af50999077951fddcde1818e,http://data.europa.eu/esco/skill/00c04e40-35ea-4ed1-824c-82f936c8f876,optional,knowledge
http://data.europa.eu/esco/occupation/custom-2500bfa1af50999077951fddcde1818e,http://data.europa.eu/esco/skill/03b9b491-fc9b-4868-914a-bf7cd47b5041,optional,skill/competence
http://data.europa.eu/esco/occupation/custom-2500bfa1af50999077951fddcde1818e,http://data.europa.eu/esco/skill/09f2f811-a3fb-4de3-a70f-6420a6935575,optional,knowledge
http://data.europa.eu/esco/occupation/custom-2500bfa1af50999077951fddcde1818e,http://data.europa.eu/esco/skill/0a9acb6b-1139-4be9-b431-3a80a959f2f4,optional,knowledge
http://data.europa.eu/esco/occupation/custom-2500bfa1af50999077951fddcde1818e,http://data.europa.eu/esco/skill/0cc9c234-f817-4f4c-908a-4d28fe3b0f4a,essential,skill/competence
http://data.europa.eu/esco/occupation/custom-2500bfa1af50999077951fddcde1818e,http://data.europa.eu/esco/skill/0daaf096-1639-461c-bf1a-bbeea77e6b67,essential,knowledge
http://data.europa.eu/esco/occupation/custom-2500bfa1af50999077951fddcde1818e,http://data.europa.eu/esco/skill/0ee94af1-b445-4973-9c3f-459fab250342,essential,skill/competence
http://data.europa.eu/esco/occupation/custom-2500bfa1af50999077951fddcde1818e,http://data.europa.eu/esco/skill/1b3fc0e0-c6f9-45fc-9c6e-14bbba662979,optional,skill/competence
http://data.europa.eu/esco/occupation/custom-2500bfa1af50999077951fddcde1818e,http://data.europa.eu/esco/skill/1dd23dba-dd00-45ab-abf4-642902538317,essential,skill/competence
http://data.europa.eu/esco/occupation/custom-2500bfa1af50999077951fddcde1818e,http://data.europa.eu/esco/skill/1fcce318-3212-487a-ac07-4941bc85060d,optional,skill/competence
http://data.europa.eu/esco/occupation/custom-2500bfa1af50999077951fddcde1818e,http://data.europa.eu/esco/skill/21c5790c-0930-4d74-b3b0-84caf5af12ea,essential,skill/competence
http://data.europa.eu/esco/occupation/custom-2500bfa1af50999077951fddcde1818e,http://data.europa.eu/esco/skill/21fecc8a-392e-49ce-ac26-fb0696ccfead,essential,skill/competence
http://data.europa.eu/esco/occupation/custom-2500bfa1af50999077951fddcde1818e,http://data.europa.eu/esco/skill/22902bf9-cc3f-495b-811a-c441e28e23f6,essential,skill/competence
http://data.europa.eu/esco/occupation/custom-2500bfa1af50999077951fddcde1818e,http://data.europa.eu/esco/skill/2450c3b3-e78e-435b-b84d-e05d984e71dc,optional,knowledge
http://data.europa.eu/esco/occupation/custom-2500bfa1af50999077951fddcde1818e,http://data.europa.eu/esco/skill/248894d1-42dc-474f-af6e-2da52ac0c679,essential,skill/competence
http://data.europa.eu/esco/occupation/custom-2500bfa1af50999077951fddcde1818e,http://data.europa.eu/esco/skill/339ac029-066a-4985-9f9d-b3d7c8fea0bb,essential,skill/competence
http://data.europa.eu/esco/occupation/custom-2500bfa1af50999077951fddcde1818e,http://data.europa.eu/esco/skill/33d49d4f-31ec-473f-9b8a-b555aa5116bb,optional,knowledge
http://data.europa.eu/esco/occupation/custom-2500bfa1af50999077951fddcde1818e,http://data.europa.eu/esco/skill/397da142-ab35-48fe-b154-7c38f447adfb,optional,knowledge
http://data.europa.eu/esco/occupation/custom-2500bfa1af50999077951fddcde1818e,http://data.europa.eu/esco/skill/3c03ee71-4a23-448f-b79e-81fd75d27dca,optional,skill/competence
http://data.europa.eu/esco/occupation/custom-2500bfa1af50999077951fddcde1818e,http://data.europa.eu/esco/skill/3c76296d-4bbd-44ba-8eaa-95bf275f79b7,essential,skill/competence
http://data.europa.eu/esco/occupation/custom-2500bfa1af50999077951fddcde1818e,http://data.europa.eu/esco/skill/3cd35f5d-ce6d-4f14-9a09-53d7a28d834c,optional,skill/competence
http://data.europa.eu/esco/occupation/custom-2500bfa1af50999077951fddcde1818e,http://data.europa.eu/esco/skill/4840338b-ac6c-486a-be1d-9ddfe00b8bdf,optional,knowledge
http://data.europa.eu/esco/occupation/custom-2500bfa1af50999077951fddcde1818e,http://data.europa.eu/esco/skill/48b68726-0fd6-4e03-a5eb-82236516ee7a,essential,skill/competence
http://data.europa.eu/esco/occupation/custom-2500bfa1af50999077951fddcde1818e,http://data.europa.eu/esco/skill/496932f1-0b6b-4f73-9432-d95c7ddcd43b,essential,skill/competence
http://data.europa.eu/esco/occupation/custom-2500bfa1af50999077951fddcde1818e,http://data.europa.eu/esco/skill/4df7a57a-9405-4995-8e02-4ca404832247,essential,skill/competence
http://data.europa.eu/esco/occupation/custom-2500bfa1af50999077951fddcde1818e,http://data.europa.eu/esco/skill/5be3d306-6cf1-4b49-aa1d-01651dd4ba4c,optional,knowledge
http://data.europa.eu/esco/occupation/custom-2500bfa1af50999077951fddcde1818e,http://data.europa.eu/esco/skill/5da3c765-10a3-49eb-934c-ec401ceb1a34,essential,skill/competence
http://data.europa.eu/esco/occupation/custom-2500bfa1af50999077951fddcde1818e,http://data.europa.eu/esco/skill/63f0aa84-5e4c-4eb6-8e8c-876d9feedf1f,optional,knowledge
http://data.europa.eu/esco/occupation/custom-2500bfa1af50999077951fddcde1818e,http://data.europa.eu/esco/skill/6430eb0d-c6de-46b7-a7fc-3dd2e8e62a69,optional,skill/competence
http://data.europa.eu/esco/occupation/custom-2500bfa1af50999077951fddcde1818e,http://data.europa.eu/esco/skill/67a118f4-8a5f-48f7-8e5f-de34b9ca2c37,optional,knowledge
http://data.europa.eu/esco/occupation/custom-2500bfa1af50999077951fddcde1818e,http://data.europa.eu/esco/skill/694dc996-52f3-4afa-a802-672e19f061b7,optional,knowledge
http://data.europa.eu/esco/occupation/custom-2500bfa1af50999077951fddcde1818e,http://data.europa.eu/esco/skill/69cfc5ed-6569-4aca-a4cc-fd782ba51d9c,optional,skill/competence
http://data.europa.eu/esco/occupation/custom-2500bfa1af50999077951fddcde1818e,http://data.europa.eu/esco/skill/6a876489-7ad8-4a13-b09c-c9b8e97a302e,optional,knowledge
http://data.europa.eu/esco/occupation/custom-2500bfa1af50999077951fddcde1818e,http://data.europa.eu/esco/skill/6f8baa62-bc2b-4cc1-942b-f540c837cfa2,optional,knowledge
http://data.europa.eu/esco/occupation/custom-2500bfa1af50999077951fddcde1818e,http://data.europa.eu/esco/skill/770d4956-b5e0-4d44-bf42-3a766b232c5d,optional,skill/competence
http://data.europa.eu/esco/occupation/custom-2500bfa1af50999077951fddcde1818e,http://data.europa.eu/esco/skill/7e1f9657-ab4e-407c-842f-b846197060e3,optional,skill/competence
http://data.europa.eu/esco/occupation/custom-2500bfa1af50999077951fddcde1818e,http://data.europa.eu/esco/skill/8300443c-c793-4102-bff5-aa917a0cb39f,essential,skill/competence
http://data.europa.eu/esco/occupation/custom-2500bfa1af50999077951fddcde1818e,http://data.europa.eu/esco/skill/83218cac-3599-417e-93d2-26013cdccd98,optional,knowledge
http://data.europa.eu/esco/occupation/custom-2500bfa1af50999077951fddcde1818e,http://data.europa.eu/esco/skill/8d4271ca-c9fd-40b3-875f-15f78332a49e,essential,knowledge
http://data.europa.eu/esco/occupation/custom-2500bfa1af50999077951fddcde1818e,http://data.europa.eu/esco/skill/8ff015a0-98ea-4d80-a23e-1f68110a919e,optional,knowledge
http://data.europa.eu/esco/occupation/custom-2500bfa1af50999077951fddcde1818e,http://data.europa.eu/esco/skill/93b22bbf-ece1-4e2d-8d47-0c9392c5a4fd,essential,skill/competence
http://data.europa.eu/esco/occupation/custom-2500bfa1af50999077951fddcde1818e,http://data.europa.eu/esco/skill/94dd823c-148e-4614-a6e8-99249b16357d,essential,knowledge
http://data.europa.eu/esco/occupation/custom-2500bfa1af50999077951fddcde1818e,http://data.europa.eu/esco/skill/96eb286a-58b7-45ff-a916-5578d0b79b8c,optional,knowledge
http://data.europa.eu/esco/occupation/custom-2500bfa1af50999077951fddcde1818e,http://data.europa.eu/esco/skill/9e9a4209-c7cf-4f6e-973e-dc2ffadccc74,optional,skill/competence
http://data.europa.eu/esco/occupation/custom-2500bfa1af50999077951fddcde1818e,http://data.europa.eu/esco/skill/a846cb9e-c152-41e7-bd34-45e7ff941e3b,optional,knowledge
http://data.europa.eu/esco/occupation/custom-2500bfa1af50999077951fddcde1818e,http://data.europa.eu/esco/skill/a9bf8565-8a09-4118-9922-932d65a79d69,optional,skill/competence
http://data.europa.eu/esco/occupation/custom-2500bfa1af50999077951fddcde1818e,http://data.europa.eu/esco/skill/b16200f4-4f39-4b8b-aa9d-3568054d6bdb,optional,knowledge
http://data.europa.eu/esco/occupation/custom-2500bfa1af50999077951fddcde1818e,http://data.europa.eu/esco/skill/b9bf9e17-ae47-417b-bbb1-e8b7c263ccac,essential,skill/competence
http://data.europa.eu/esco/occupation/custom-2500bfa1af50999077951fddcde1818e,http://data.europa.eu/esco/skill/bc067d2e-e151-408f-8e34-24effd2b7fd6,optional,skill/competence
http://data.europa.eu/esco/occupation/custom-2500bfa1af50999077951fddcde1818e,http://data.europa.eu/esco/skill/bec4359e-cb92-468f-a997-8fb28e32fba9,essential,knowledge
http://data.europa.eu/esco/occupation/custom-2500bfa1af50999077951fddcde1818e,http://data.europa.eu/esco/skill/c3687b34-fe53-4db2-ad1b-5055a6c5b6fd,optional,skill/competence
http://data.europa.eu/esco/occupation/custom-2500bfa1af50999077951fddcde1818e,http://data.europa.eu/esco/skill/c7cc6dc5-d56b-4323-8e5c-47c4022f615f,optional,knowledge
http://data.europa.eu/esco/occupation/custom-2500bfa1af50999077951fddcde1818e,http://data.europa.eu/esco/skill/ca73ac82-867a-4afa-9732-834aebe896ff,optional,knowledge
http://data.europa.eu/esco/occupation/custom-2500bfa1af50999077951fddcde1818e,http://data.europa.eu/esco/skill/ccb2e5f2-4279-48fd-9d85-a1db42ff1e13,optional,knowledge
http://data.europa.eu/esco/occupation/custom-2500bfa1af50999077951fddcde1818e,http://data.europa.eu/esco/skill/cd5efa8c-e44d-4cbc-91c6-796018dbed68,essential,skill/competence
http://data.europa.eu/esco/occupation/custom-2500bfa1af50999077951fddcde1818e,http://data.europa.eu/esco/skill/d3eccb86-f02d-4950-bfbd-20b9510774a1,optional,skill/competence
http://data.europa.eu/esco/occupation/custom-2500bfa1af50999077951fddcde1818e,http://data.europa.eu/esco/skill/d5a59ca8-2e91-472e-8571-d12ce4478679,optional,knowledge
http://data.europa.eu/esco/occupation/custom-2500bfa1af50999077951fddcde1818e,http://data.europa.eu/esco/skill/d9e5349e-8791-49c2-8ba4-839fdd1606c2,optional,skill/competence
http://data.europa.eu/esco/occupation/custom-2500bfa1af50999077951fddcde1818e,http://data.europa.eu/esco/skill/da6393d5-a53c-4863-abc7-51f36281d74e,optional,knowledge
http://data.europa.eu/esco/occupation/custom-2500bfa1af50999077951fddcde1818e,http://data.europa.eu/esco/skill/dba46f87-0831-49cd-a1c7-340a653c0221,optional,knowledge
http://data.europa.eu/esco/occupation/custom-2500bfa1af50999077951fddcde1818e,http://data.europa.eu/esco/skill/dc72ad0a-c5dc-4abd-bc0d-ca43e82162e1,essential,skill/competence
http://data.europa.eu/esco/occupation/custom-2500bfa1af50999077951fddcde1818e,http://data.europa.eu/esco/skill/e207163b-7963-4c3e-9494-7a4bb000211b,essential,skill/competence
http://data.europa.eu/esco/occupation/custom-2500bfa1af50999077951fddcde1818e,http://data.europa.eu/esco/skill/e54ff029-1ce9-447d-a5b2-eb7283a23e6e,essential,skill/competence
http://data.europa.eu/esco/occupation/custom-2500bfa1af50999077951fddcde1818e,http://data.europa.eu/esco/skill/ea1bf5e5-e7f0-4d2c-a415-1c39c00512b1,optional,knowledge
http://data.europa.eu/esco/occupation/custom-2500bfa1af50999077951fddcde1818e,http://data.europa.eu/esco/skill/ed1d8bd4-cd2a-4c64-b665-56d70651026c,optional,knowledge
http://data.europa.eu/esco/occupation/custom-2500bfa1af50999077951fddcde1818e,http://data.europa.eu/esco/skill/eff1bb34-b454-4482-8c29-65f820619f3c,optional,knowledge
http://data.europa.eu/esco/occupation/custom-2500bfa1af50999077951fddcde1818e,http://data.europa.eu/esco/skill/f0de4973-0a70-4644-8fd4-3a97080476f4,optional,knowledge
http://data.europa.eu/esco/occupation/custom-2500bfa1af50999077951fddcde1818e,http://data.europa.eu/esco/skill/f17f94f1-88cb-4815-873a-2a9639f10729,optional,skill/competence
http://data.europa.eu/esco/occupation/custom-2500bfa1af50999077951fddcde1818e,http://data.europa.eu/esco/skill/f5dd06b8-5d17-4932-9d03-957d0c4f5051,essential,skill/competence
http://data.europa.eu/esco/occupation/custom-2500bfa1af50999077951fddcde1818e,http://data.europa.eu/esco/skill/fafe0b9d-dbd9-46bd-b770-26299539ce66,optional,knowledge
http://data.europa.eu/esco/occupation/custom-2500bfa1af50999077951fddcde1818e,http://data.europa.eu/esco/skill/fc94266b-322d-4f1d-87a0-03f999e72344,essential,knowledge
http://data.europa.eu/esco/occupation/custom-268bda0e06719c29759fa603c5296638,http://data.europa.eu/esco/skill/000f1d3d-220f-4789-9c0a-cc742521fb02,optional,knowledge
http://data.europa.eu/esco/occupation/custom-268bda0e06719c29759fa603c5296638,http://data.europa.eu/esco/skill/00c04e40-35ea-4ed1-824c-82f936c8f876,optional,knowledge
http://data.europa.eu/esco/occupation/custom-268bda0e06719c29759fa603c5296638,http://data.europa.eu/esco/skill/034c29fa-c3ba-45ea-b8f3-bf8e3705e386,optional,knowledge
http://data.europa.eu/esco/occupation/custom-268bda0e06719c29759fa603c5296638,http://data.europa.eu/esco/skill/04f1b938-d4d4-4cb1-a863-982af76b9d93,optional,knowledge
http://data.europa.eu/esco/occupation/custom-268bda0e06719c29759fa603c5296638,http://data.europa.eu/esco/skill/04fe962b-4017-4eb7-9139-7d69b6922bc9,essential,skill/competence
http://data.europa.eu/esco/occupation/custom-268bda0e06719c29759fa603c5296638,http://data.europa.eu/esco/skill/0a9acb6b-1139-4be9-b431-3a80a959f2f4,optional,knowledge
http://data.europa.eu/esco/occupation/custom-268bda0e06719c29759fa603c5296638,http://data.europa.eu/esco/skill/0ccdfe98-f845-4598-84a1-3dca66e9d9a3,optional,knowledge
http://data.europa.eu/esco/occupation/custom-268bda0e06719c29759fa603c5296638,http://data.europa.eu/esco/skill/0cd6dcf1-5778-42a5-b685-4d01ae4a4871,optional,knowledge
http://data.europa.eu/esco/occupation/custom-268bda0e06719c29759fa603c5296638,http://data.europa.eu/esco/skill/0de61385-de6d-4146-ba32-1cc1bc102220,optional,knowledge
http://data.europa.eu/esco/occupation/custom-268bda0e06719c29759fa603c5296638,http://data.europa.eu/esco/skill/0ee94af1-b445-4973-9c3f-459fab250342,optional,skill/competence
http://data.europa.eu/esco/occupation/custom-268bda0e06719c29759fa603c5296638,http://data.europa.eu/esco/skill/0ee94c0a-3716-494a-95a2-dcbab9e58be2,optional,knowledge
http://data.europa.eu/esco/occupation/custom-268bda0e06719c29759fa603c5296638,http://data.europa.eu/esco/skill/13bdd41a-2a18-441f-96db-41252c519413,optional,knowledge
http://data.europa.eu/esco/occupation/custom-268bda0e06719c29759fa603c5296638,http://data.europa.eu/esco/skill/14d1e367-3efe-4ec5-86ae-eca48710ee4e,essential,skill/competence
http://data.europa.eu/esco/occupation/custom-268bda0e06719c29759fa603c5296638,http://data.europa.eu/esco/skill/19a8293b-8e95-4de3-983f-77484079c389,optional,knowledge
http://data.europa.eu/esco/occupation/custom-268bda0e06719c29759fa603c5296638,http://data.europa.eu/esco/skill/1bba98a7-92b9-450b-9235-e0c905f8f3c4,essential,knowledge
http://data.europa.eu/esco/occupation/custom-268bda0e06719c29759fa603c5296638,http://data.europa.eu/esco/skill/1dd23dba-dd00-45ab-abf4-642902538317,essential,skill/competence
http://data.europa.eu/esco/occupation/custom-268bda0e06719c29759fa603c5296638,http://data.europa.eu/esco/skill/20c920d4-7ff7-4676-ba61-3f04490d9416,essential,skill/competence
http://data.europa.eu/esco/occupation/custom-268bda0e06719c29759fa603c5296638,http://data.europa.eu/esco/skill/21d2f96d-35f7-4e3f-9745-c533d2dd6e97,optional,knowledge
http://data.europa.eu/esco/occupation/custom-268bda0e06719c29759fa603c5296638,http://data.europa.eu/esco/skill/2450c3b3-e78e-435b-b84d-e05d984e71dc,optional,knowledge
http://data.europa.eu/esco/occupation/custom-268bda0e06719c29759fa603c5296638,http://data.europa.eu/esco/skill/283cbcd3-7101-4dbb-be37-56f3625515b1,essential,skill/competence
http://data.europa.eu/esco/occupation/custom-268bda0e06719c29759fa603c5296638,http://data.europa.eu/esco/skill/2857540c-180b-4208-9127-e94a01871966,essential,skill/competence
http://data.europa.eu/esco/occupation/custom-268bda0e06719c29759fa603c5296638,http://data.europa.eu/esco/skill/2bde42ae-e776-41c1-9ded-b07b30bfe985,optional,knowledge
http://data.europa.eu/esco/occupation/custom-268bda0e06719c29759fa603c5296638,http://data.europa.eu/esco/skill/300d432b-f457-4cd3-9cb1-1858c7d14954,optional,knowledge
http://data.europa.eu/esco/occupation/custom-268bda0e06719c29759fa603c5296638,http://data.europa.eu/esco/skill/339ac029-066a-4985-9f9d-b3d7c8fea0bb,optional,skill/competence
http://data.europa.eu/esco/occupation/custom-268bda0e06719c29759fa603c5296638,http://data.europa.eu/esco/skill/33d49d4f-31ec-473f-9b8a-b555aa5116bb,optional,knowledge
http://data.europa.eu/esco/occupation/custom-268bda0e06719c29759fa603c5296638,http://data.europa.eu/esco/skill/3cd569a2-4f88-4c1e-9995-8dce8c5e51a7,optional,knowledge
http://data.europa.eu/esco/occupation/custom-268bda0e06719c29759fa603c5296638,http://data.europa.eu/esco/skill/3cfa46e9-b7da-44ac-b09e-9596dffe0425,optional,skill/competence
http://data.europa.eu/esco/occupation/custom-268bda0e06719c29759fa603c5296638,http://data.europa.eu/esco/skill/401eb8d8-6daa-4f8b-90ad-60afc71eb4f8,optional,knowledge
http://data.europa.eu/esco/occupation/custom-268bda0e06719c29759fa603c5296638,http://data.europa.eu/esco/skill/415abd43-e8e5-4643-b5da-5f11307af57a,optional,skill/competence
http://data.europa.eu/esco/occupation/custom-268bda0e06719c29759fa603c5296638,http://data.europa.eu/esco/skill/42cb7669-c371-4903-9c0b-13db67b2e4bb,optional,knowledge
http://data.europa.eu/esco/occupation/custom-268bda0e06719c29759fa603c5296638,http://data.europa.eu/esco/skill/42ed3bfb-1a01-4c8b-9758-fc6438865734,optional,knowledge
http://data.europa.eu/esco/occupation/custom-268bda0e06719c29759fa603c5296638,http://data.europa.eu/esco/skill/4350c38d-0fe9-4ca7-bab9-40ed7f72b04f,optional,knowledge
http://data.europa.eu/esco/occupation/custom-268bda0e06719c29759fa603c5296638,http://data.europa.eu/esco/skill/47b9bbcf-356c-4782-83a4-7f5a1b2b51a3,optional,knowledge
http://data.europa.eu/esco/occupation/custom-268bda0e06719c29759fa603c5296638,http://data.europa.eu/esco/skill/4840338b-ac6c-486a-be1d-9ddfe00b8bdf,optional,knowledge
http://data.europa.eu/esco/occupation/custom-268bda0e06719c29759fa603c5296638,http://data.europa.eu/esco/skill/48b68726-0fd6-4e03-a5eb-82236516ee7a,optional,skill/competence
http://data.europa.eu/esco/occupation/custom-268bda0e06719c29759fa603c5296638,http://data.europa.eu/esco/skill/4c016b68-4116-468c-9dc6-42710c239e4a,optional,knowledge
http://data.europa.eu/esco/occupation/custom-268bda0e06719c29759fa603c5296638,http://data.europa.eu/esco/skill/4d30ad07-9e39-4899-81dd-02b280f162f9,optional,skill/competence
http://data.europa.eu/esco/occupation/custom-268bda0e06719c29759fa603c5296638,http://data.europa.eu/esco/skill/4d85b881-e490-4b4c-897a-2faa4ef53956,essential,skill/competence
http://data.europa.eu/esco/occupation/custom-268bda0e06719c29759fa603c5296638,http://data.europa.eu/esco/skill/51586df8-1c46-4b47-8583-773cb63bf00b,optional,knowledge
http://data.europa.eu/esco/occupation/custom-268bda0e06719c29759fa603c5296638,http://data.europa.eu/esco/skill/52cf3037-ab53-4806-85ed-7fd21ea7f6a1,optional,knowledge
http://data.europa.eu/esco/occupation/custom-268bda0e06719c29759fa603c5296638,http://data.europa.eu/esco/skill/553ad092-b799-44c9-a94c-65a84fdc7526,essential,skill/competence
http://data.europa.eu/esco/occupation/custom-268bda0e06719c29759fa603c5296638,http://data.europa.eu/esco/skill/56a7f561-1d55-43c9-9cd7-36a0a9bc6c50,optional,knowledge
http://data.europa.eu/esco/occupation/custom-268bda0e06719c29759fa603c5296638,http://data.europa.eu/esco/skill/58d7a289-dafd-4363-833f-d1dc4140885e,optional,knowledge
http://data.europa.eu/esco/occupation/custom-268bda0e06719c29759fa603c5296638,http://data.europa.eu/esco/skill/5be3d306-6cf1-4b49-aa1d-01651dd4ba4c,essential,knowledge
http://data.europa.eu/esco/occupation/custom-268bda0e06719c29759fa603c5296638,http://data.europa.eu/esco/skill/6a876489-7ad8-4a13-b09c-c9b8e97a302e,optional,knowledge
http://data.europa.eu/esco/occupation/custom-268bda0e06719c29759fa603c5296638,http://data.europa.eu/esco/skill/71746a0b-e58d-4dc4-ad03-bd84082eae21,essential,skill/competence
http://data.europa.eu/esco/occupation/custom-268bda0e06719c29759fa603c5296638,http://data.europa.eu/esco/skill/7193cb6d-8334-494f-86e5-21e6d03a47c3,optional,knowledge
http://data.europa.eu/esco/occupation/custom-268bda0e06719c29759fa603c5296638,http://data.europa.eu/esco/skill/7a17d7ce-01a2-4746-bbcc-22ffe22fa16e,optional,skill/competence
http://data.europa.eu/esco/occupation/custom-268bda0e06719c29759fa603c5296638,http://data.europa.eu/esco/skill/8369ede5-4200-4a44-be2e-bc60ef959259,optional,knowledge
http://data.europa.eu/esco/occupation/custom-268bda0e06719c29759fa603c5296638,http://data.europa.eu/esco/skill/867137fb-ff1b-4ca3-99f3-cb6969aa2c68,optional,knowledge
http://data.europa.eu/esco/occupation/custom-268bda0e06719c29759fa603c5296638,http://data.europa.eu/esco/skill/86d2e2ea-1ba2-4aa6-b465-8a1f9abc81b8,optional,skill/competence
http://data.europa.eu/esco/occupation/custom-268bda0e06719c29759fa603c5296638,http://data.europa.eu/esco/skill/8ff015a0-98ea-4d80-a23e-1f68110a919e,optional,knowledge
http://data.europa.eu/esco/occupation/custom-268bda0e06719c29759fa603c5296638,http://data.europa.eu/esco/skill/96eb286a-58b7-45ff-a916-5578d0b79b8c,optional,knowledge
http://data.europa.eu/esco/occupation/custom-268bda0e06719c29759fa603c5296638,http://data.europa.eu/esco/skill/9707091a-323b-4240-877a-5999a19286f0,essential,skill/competence
http://data.europa.eu/esco/occupation/custom-268bda0e06719c29759fa603c5296638,http://data.europa.eu/esco/skill/98301d4a-2cc3-439d-8d7f-0b6ac76302bb,optional,knowledge
http://data.europa.eu/esco/occupation/custom-268bda0e06719c29759fa603c5296638,http://data.europa.eu/esco/skill/993b1e23-f2de-4bd8-b33f-f86dde1c8e9d,optional,knowledge
http://data.europa.eu/esco/occupation/custom-268bda0e06719c29759fa603c5296638,http://data.europa.eu/esco/skill/9973a5a2-7822-4161-99e9-95c781eb63f8,optional,knowledge
http://data.europa.eu/esco/occupation/custom-268bda0e06719c29759fa603c5296638,http://data.europa.eu/esco/skill/a47d194d-0ffd-4aaa-b695-fbbe0255000e,essential,skill/competence
http://data.europa.eu/esco/occupation/custom-268bda0e06719c29759fa603c5296638,http://data.europa.eu/esco/skill/a4d336a6-9ffd-402a-91cc-f359716ba4e0,optional,knowledge
http://data.europa.eu/esco/occupation/custom-268bda0e06719c29759fa603c5296638,http://data.europa.eu/esco/skill/a846cb9e-c152-41e7-bd34-45e7ff941e3b,essential,knowledge
http://data.europa.eu/esco/occupation/custom-268bda0e06719c29759fa603c5296638,http://data.europa.eu/esco/skill/af607e5e-4ba1-4e5f-a2a6-dc05806567c7,optional,skill/competence
http://data.europa.eu/esco/occupation/custom-268bda0e06719c29759fa603c5296638,http://data.europa.eu/esco/skill/b04f377b-ee80-4b38-aca1-19d266a23b17,optional,skill/competence
http://data.europa.eu/esco/occupation/custom-268bda0e06719c29759fa603c5296638,http://data.europa.eu/esco/skill/b4dc6e4f-dc7d-445f-8ce2-d7b9d225e282,optional,knowledge
http://data.europa.eu/esco/occupation/custom-268bda0e06719c29759fa603c5296638,http://data.europa.eu/esco/skill/b633eb55-8f1f-4ae6-ab4c-2022ffe2cb7f,optional,knowledge
http://data.europa.eu/esco/occupation/custom-268bda0e06719c29759fa603c5296638,http://data.europa.eu/esco/skill/bb99af26-71ff-4dca-bde7-1eb1f6194426,optional,knowledge
http://data.europa.eu/esco/occupation/custom-268bda0e06719c29759fa603c5296638,http://data.europa.eu/esco/skill/bd698bbe-7003-4508-b422-46c2ff4d5e95,essential,knowledge
http://data.europa.eu/esco/occupation/custom-268bda0e06719c29759fa603c5296638,http://data.europa.eu/esco/skill/be80acfc-b6f2-4411-9b8d-b19d9cd2556a,optional,knowledge
http://data.europa.eu/esco/occupation/custom-268bda0e06719c29759fa603c5296638,http://data.europa.eu/esco/skill/bec4359e-cb92-468f-a997-8fb28e32fba9,essential,knowledge
http://data.europa.eu/esco/occupation/custom-268bda0e06719c29759fa603c5296638,http://data.europa.eu/esco/skill/c3a03c5a-c260-4c26-9b9a-873abb396f4d,optional,knowledge
http://data.europa.eu/esco/occupation/custom-268bda0e06719c29759fa603c5296638,http://data.europa.eu/esco/skill/c453cf81-6197-428e-84c6-70c773b63f27,essential,knowledge
http://data.europa.eu/esco/occupation/custom-268bda0e06719c29759fa603c5296638,http://data.europa.eu/esco/skill/cb1b0777-0388-4b01-a0cf-7c6bbfbbd61d,essential,skill/competence
http://data.europa.eu/esco/occupation/custom-268bda0e06719c29759fa603c5296638,http://data.europa.eu/esco/skill/ccd0a1d9-afda-43d9-b901-96344886e14d,optional,knowledge
http://data.europa.eu/esco/occupation/custom-268bda0e06719c29759fa603c5296638,http://data.europa.eu/esco/skill/cd5efa8c-e44d-4cbc-91c6-796018dbed68,essential,skill/competence
http://data.europa.eu/esco/occupation/custom-268bda0e06719c29759fa603c5296638,http://data.europa.eu/esco/skill/d3286405-49f8-4e8a-8046-a4376b4e7963,optional,skill/competence
http://data.europa.eu/esco/occupation/custom-268bda0e06719c29759fa603c5296638,http://data.europa.eu/esco/skill/d56fc2b5-4b0a-4e7e-9bde-a33736f6ff18,optional,knowledge
http://data.europa.eu/esco/occupation/custom-268bda0e06719c29759fa603c5296638,http://data.europa.eu/esco/skill/d5a59ca8-2e91-472e-8571-d12ce4478679,optional,knowledge
http://data.europa.eu/esco/occupation/custom-268bda0e06719c29759fa603c5296638,http://data.europa.eu/esco/skill/d74df140-eb69-43e2-bac9-1cafc824d702,essential,skill/competence
http://data.europa.eu/esco/occupation/custom-268bda0e06719c29759fa603c5296638,http://data.europa.eu/esco/skill/da6393d5-a53c-4863-abc7-51f36281d74e,optional,knowledge
http://data.europa.eu/esco/occupation/custom-268bda0e06719c29759fa603c5296638,http://data.europa.eu/esco/skill/dba46f87-0831-49cd-a1c7-340a653c0221,optional,knowledge
http://data.europa.eu/esco/occupation/custom-268bda0e06719c29759fa603c5296638,http://data.europa.eu/esco/skill/dc72ad0a-c5dc-4abd-bc0d-ca43e82162e1,optional,skill/competence
http://data.europa.eu/esco/occupation/custom-268bda0e06719c29759fa603c5296638,http://data.europa.eu/esco/skill/dcdd5ddf-82a6-4ac3-8edc-d4b23cae9a88,optional,knowledge
http://data.europa.eu/esco/occupation/custom-268bda0e06719c29759fa603c5296638,http://data.europa.eu/esco/skill/def007fa-5fed-4a5f-91a2-b0d7e3db1be1,optional,knowledge
http://data.europa.eu/esco/occupation/custom-268bda0e06719c29759fa603c5296638,http://data.europa.eu/esco/skill/e5609f89-0daf-40bb-bd6b-94f5d7498131,essential,knowledge
http://data.europa.eu/esco/occupation/custom-268bda0e06719c29759fa603c5296638,http://data.europa.eu/esco/skill/e8b89eb6-51e8-4c3a-babb-88b2e110376b,optional,knowledge
http://data.europa.eu/esco/occupation/custom-268bda0e06719c29759fa603c5296638,http://data.europa.eu/esco/skill/eb0e5615-1575-4a86-a1a2-7d39595033c5,optional,knowledge
http://data.europa.eu/esco/occupation/custom-268bda0e06719c29759fa603c5296638,http://data.europa.eu/esco/skill/ed1d8bd4-cd2a-4c64-b665-56d70651026c,optional,knowledge
http://data.europa.eu/esco/occupation/custom-268bda0e06719c29759fa603c5296638,http://data.europa.eu/esco/skill/ee3c1d54-f46a-43c7-a0f9-0ba3648164d0,essential,skill/competence
http://data.europa.eu/esco/occupation/custom-268bda0e06719c29759fa603c5296638,http://data.europa.eu/esco/skill/f0de4973-0a70-4644-8fd4-3a97080476f4,optional,knowledge
http://data.europa.eu/esco/occupation/custom-268bda0e06719c29759fa603c5296638,http://data.europa.eu/esco/skill/f7e2eb04-3e50-4561-bce1-7e51a1fec308,essential,skill/competence
http://data.europa.eu/esco/occupation/custom-268bda0e06719c29759fa603c5296638,http://data.europa.eu/esco/skill/fae27053-8924-4bfd-b565-c9fe502044c9,optional,knowledge
http://data.europa.eu/esco/occupation/custom-268bda0e06719c29759fa603c5296638,http://data.europa.eu/esco/skill/ffddfc7c-a9dd-449f-9e96-882dc447c8b6,optional,knowledge
http://data.europa.eu/esco/occupation/custom-2ccfd8da5865c68a67a7177ed6976939,http://data.europa.eu/esco/skill/02058de6-4b98-449f-8a45-8588b0eb2446,optional,knowledge
http://data.europa.eu/esco/occupation/custom-2ccfd8da5865c68a67a7177ed6976939,http://data.europa.eu/esco/skill/020918ef-4b55-47c1-8430-ab7b8f6a7377,essential,skill/competence
http://data.europa.eu/esco/occupation/custom-2ccfd8da5865c68a67a7177ed6976939,http://data.europa.eu/esco/skill/071233c4-ad2b-4f50-b79f-768d2231163e,essential,knowledge
http://data.europa.eu/esco/occupation/custom-2ccfd8da5865c68a67a7177ed6976939,http://data.europa.eu/esco/skill/07e47d58-dd0e-4302-9e68-70a188e89065,essential,skill/competence
http://data.europa.eu/esco/occupation/custom-2ccfd8da5865c68a67a7177ed6976939,http://data.europa.eu/esco/skill/0868eef3-2213-4572-9343-74931345a7d3,essential,skill/competence
http://data.europa.eu/esco/occupation/custom-2ccfd8da5865c68a67a7177ed6976939,http://data.europa.eu/esco/skill/09f2f811-a3fb-4de3-a70f-6420a6935575,optional,knowledge
http://data.europa.eu/esco/occupation/custom-2ccfd8da5865c68a67a7177ed6976939,http://data.europa.eu/esco/skill/0fb753a1-2ef2-4429-84d2-ecb2b24daf7a,optional,knowledge
http://data.europa.eu/esco/occupation/custom-2ccfd8da5865c68a67a7177ed6976939,http://data.europa.eu/esco/skill/11eebd42-44ab-401d-8a2c-bdb9fc9beb50,optional,knowledge
http://data.europa.eu/esco/occupation/custom-2ccfd8da5865c68a67a7177ed6976939,http://data.europa.eu/esco/skill/14d1e367-3efe-4ec5-86ae-eca48710ee4e,essential,skill/competence
http://data.europa.eu/esco/occupation/custom-2ccfd8da5865c68a67a7177ed6976939,http://data.europa.eu/esco/skill/1c2978b8-bb0d-4249-9c23-877571a4dffa,optional,knowledge
http://data.europa.eu/esco/occupation/custom-2ccfd8da5865c68a67a7177ed6976939,http://data.europa.eu/esco/skill/1e7ed56a-6d6b-422f-962e-38543d150755,essential,skill/competence
http://data.europa.eu/esco/occupation/custom-2ccfd8da5865c68a67a7177ed6976939,http://data.europa.eu/esco/skill/23b45aa6-a479-486d-9e6f-062cbab7c68a,optional,knowledge
http://data.europa.eu/esco/occupation/custom-2ccfd8da5865c68a67a7177ed6976939,http://data.europa.eu/esco/skill/2a3a96a3-709e-4d60-81f6-d247d6933f13,essential,skill/competence
http://data.europa.eu/esco/occupation/custom-2ccfd8da5865c68a67a7177ed6976939,http://data.europa.eu/esco/skill/397da142-ab35-48fe-b154-7c38f447adfb,essential,knowledge
http://data.europa.eu/esco/occupation/custom-2ccfd8da5865c68a67a7177ed6976939,http://data.europa.eu/esco/skill/3a5231a0-8c30-48ee-b671-08e2debd4441,essential,knowledge
http://data.europa.eu/esco/occupation/custom-2ccfd8da5865c68a67a7177ed6976939,http://data.europa.eu/esco/skill/3e23db60-0c3d-498a-a6ac-ffbed0ecb033,optional,knowledge
http://data.europa.eu/esco/occupation/custom-2ccfd8da5865c68a67a7177ed6976939,http://data.europa.eu/esco/skill/415abd43-e8e5-4643-b5da-5f11307af57a,optional,skill/competence
http://data.europa.eu/esco/occupation/custom-2ccfd8da5865c68a67a7177ed6976939,http://data.europa.eu/esco/skill/418a56a2-7cfc-4b6d-8cf5-5c2add99a849,optional,skill/competence
http://data.europa.eu/esco/occupation/custom-2ccfd8da5865c68a67a7177ed6976939,http://data.europa.eu/esco/skill/484df271-bb52-49f1-8f50-f19624bf4df2,essential,knowledge
http://data.europa.eu/esco/occupation/custom-2ccfd8da5865c68a67a7177ed6976939,http://data.europa.eu/esco/skill/4b51e76e-9e8a-455f-a289-5b48246345c4,essential,knowledge
http://data.europa.eu/esco/occupation/custom-2ccfd8da5865c68a67a7177ed6976939,http://data.europa.eu/esco/skill/5063a99f-975b-4a7c-85e3-69ecb375b4d3,optional,knowledge
http://data.europa.eu/esco/occupation/custom-2ccfd8da5865c68a67a7177ed6976939,http://data.europa.eu/esco/skill/611ed16b-99bf-4840-9cab-f55d1d286e0a,optional,skill/competence
http://data.europa.eu/esco/occupation/custom-2ccfd8da5865c68a67a7177ed6976939,http://data.europa.eu/esco/skill/69cfc5ed-6569-4aca-a4cc-fd782ba51d9c,optional,skill/competence
http://data.europa.eu/esco/occupation/custom-2ccfd8da5865c68a67a7177ed6976939,http://data.europa.eu/esco/skill/6f1edc19-191f-4ba5-a048-ee69aff05bab,essential,knowledge
http://data.europa.eu/esco/occupation/custom-2ccfd8da5865c68a67a7177ed6976939,http://data.europa.eu/esco/skill/6fa1c2c0-a012-4ca0-9642-e01569ba322c,optional,knowledge
http://data.europa.eu/esco/occupation/custom-2ccfd8da5865c68a67a7177ed6976939,http://data.europa.eu/esco/skill/72a74f69-5cf1-43c5-99b9-62a444578919,optional,knowledge
http://data.europa.eu/esco/occupation/custom-2ccfd8da5865c68a67a7177ed6976939,http://data.europa.eu/esco/skill/82de2df7-0d6c-42b1-94ac-b3e9a029e917,essential,skill/competence
http://data.europa.eu/esco/occupation/custom-2ccfd8da5865c68a67a7177ed6976939,http://data.europa.eu/esco/skill/8359bd04-d2cb-4757-af1f-39a921df9efe,optional,skill/competence
http://data.europa.eu/esco/occupation/custom-2ccfd8da5865c68a67a7177ed6976939,http://data.europa.eu/esco/skill/85c11255-469f-41bd-a6d1-382bc4a87783,essential,skill/competence
http://data.europa.eu/esco/occupation/custom-2ccfd8da5865c68a67a7177ed6976939,http://data.europa.eu/esco/skill/8efa6a7a-6556-4cb8-908d-59d3b5c58d2f,optional,knowledge
http://data.europa.eu/esco/occupation/custom-2ccfd8da5865c68a67a7177ed6976939,http://data.europa.eu/esco/skill/90be83d9-56f1-46a4-a6bc-96c51f6c9025,optional,skill/competence
http://data.europa.eu/esco/occupation/custom-2ccfd8da5865c68a67a7177ed6976939,http://data.europa.eu/esco/skill/9190d87f-9792-42e0-bb7f-64294a656bcd,essential,skill/competence
http://data.europa.eu/esco/occupation/custom-2ccfd8da5865c68a67a7177ed6976939,http://data.europa.eu/esco/skill/9707091a-323b-4240-877a-5999a19286f0,essential,skill/competence
http://data.europa.eu/esco/occupation/custom-2ccfd8da5865c68a67a7177ed6976939,http://data.europa.eu/esco/skill/9e06bac6-6b91-48ca-8b7d-c1f48cdecd7c,essential,skill/competence
http://data.europa.eu/esco/occupation/custom-2ccfd8da5865c68a67a7177ed6976939,http://data.europa.eu/esco/skill/a4e31589-3632-4926-91d0-15b889c90b9b,optional,knowledge
http://data.europa.eu/esco/occupation/custom-2ccfd8da5865c68a67a7177ed6976939,http://data.europa.eu/esco/skill/a8797f21-1af0-4c5e-98ca-bf1442929363,optional,skill/competence
http://data.europa.eu/esco/occupation/custom-2ccfd8da5865c68a67a7177ed6976939,http://data.europa.eu/esco/skill/acf0a78c-f4e3-4bd9-a5cc-9cf4791b3b95,essential,skill/competence
http://data.europa.eu/esco/occupation/custom-2ccfd8da5865c68a67a7177ed6976939,http://data.europa.eu/esco/skill/b105ec9b-0857-41d6-8d07-a83e58b73d90,essential,knowledge
http://data.europa.eu/esco/occupation/custom-2ccfd8da5865c68a67a7177ed6976939,http://data.europa.eu/esco/skill/b1604a2d-c26a-427d-bda9-b8073a319fe9,optional,skill/competence
http://data.europa.eu/esco/occupation/custom-2ccfd8da5865c68a67a7177ed6976939,http://data.europa.eu/esco/skill/bb2b4485-2bad-402f-8517-44bf7d9afff4,essential,skill/competence
http://data.europa.eu/esco/occupation/custom-2ccfd8da5865c68a67a7177ed6976939,http://data.europa.eu/esco/skill/bd14968e-e409-45af-b362-3495ed7b10e0,optional,knowledge
http://data.europa.eu/esco/occupation/custom-2ccfd8da5865c68a67a7177ed6976939,http://data.europa.eu/esco/skill/c2cbbccf-4ffd-4626-86e7-505b39c872a0,optional,skill/competence
http://data.europa.eu/esco/occupation/custom-2ccfd8da5865c68a67a7177ed6976939,http://data.europa.eu/esco/skill/c7cc6dc5-d56b-4323-8e5c-47c4022f615f,essential,knowledge
http://data.europa.eu/esco/occupation/custom-2ccfd8da5865c68a67a7177ed6976939,http://data.europa.eu/esco/skill/c9e96450-421d-48af-9ee6-d9c50e29afc2,optional,knowledge
http://data.europa.eu/esco/occupation/custom-2ccfd8da5865c68a67a7177ed6976939,http://data.europa.eu/esco/skill/ca73ac82-867a-4afa-9732-834aebe896ff,essential,knowledge
http://data.europa.eu/esco/occupation/custom-2ccfd8da5865c68a67a7177ed6976939,http://data.europa.eu/esco/skill/ce354460-500e-4eaa-8e95-8f243fcea3db,essential,skill/competence
http://data.europa.eu/esco/occupation/custom-2ccfd8da5865c68a67a7177ed6976939,http://data.europa.eu/esco/skill/ce8ae6ca-61d8-4174-b457-641de96cbff4,optional,skill/competence
http://data.europa.eu/esco/occupation/custom-2ccfd8da5865c68a67a7177ed6976939,http://data.europa.eu/esco/skill/cf3e976d-2c3e-495c-a874-f9e8a66d3b48,essential,skill/competence
http://data.europa.eu/esco/occupation/custom-2ccfd8da5865c68a67a7177ed6976939,http://data.europa.eu/esco/skill/d0c6d77e-cb25-4770-bf77-2073fc5f7523,essential,knowledge
http://data.europa.eu/esco/occupation/custom-2ccfd8da5865c68a67a7177ed6976939,http://data.europa.eu/esco/skill/d3286405-49f8-4e8a-8046-a4376b4e7963,optional,skill/competence
http://data.europa.eu/esco/occupation/custom-2ccfd8da5865c68a67a7177ed6976939,http://data.europa.eu/esco/skill/d78dedfc-21d2-45fd-ba05-e56b7a8865e6,essential,knowledge
http://data.europa.eu/esco/occupation/custom-2ccfd8da5865c68a67a7177ed6976939,http://data.europa.eu/esco/skill/db36f7f1-5900-45bd-9ffb-f2b19c4362ac,essential,skill/competence
http://data.europa.eu/esco/occupation/custom-2ccfd8da5865c68a67a7177ed6976939,http://data.europa.eu/esco/skill/e5b5053e-0ef6-4c4e-a3f2-42f955f4322c,essential,skill/competence
http://data.europa.eu/esco/occupation/custom-2ccfd8da5865c68a67a7177ed6976939,http://data.europa.eu/esco/skill/ea412de3-9d7a-4943-8d8c-c6d3c7495d0e,optional,skill/competence
http://data.europa.eu/esco/occupation/custom-2ccfd8da5865c68a67a7177ed6976939,http://data.europa.eu/esco/skill/ed8de897-adbe-4f0e-b4d2-534953e64c72,essential,skill/competence
http://data.europa.eu/esco/occupation/custom-2ccfd8da5865c68a67a7177ed6976939,http://data.europa.eu/esco/skill/f0ff6f10-cbb4-44c0-acd5-ed17046b1396,optional,skill/competence
http://data.europa.eu/esco/occupation/custom-2ccfd8da5865c68a67a7177ed6976939,http://data.europa.eu/esco/skill/f9a6f35b-01a7-40c9-8b61-b6ee46f97272,essential,knowledge
http://data.europa.eu/esco/occupation/custom-2ccfd8da5865c68a67a7177ed6976939,http://data.europa.eu/esco/skill/fae27053-8924-4bfd-b565-c9fe502044c9,optional,knowledge
http://data.europa.eu/esco/occupation/custom-2ccfd8da5865c68a67a7177ed6976939,http://data.europa.eu/esco/skill/fbbcb9ab-4b95-4e57-a756-30d08b7da7a5,essential,skill/competence
http://data.europa.eu/esco/occupation/custom-2ccfd8da5865c68a67a7177ed6976939,http://data.europa.eu/esco/skill/fc2f1d4f-a46f-471e-a618-cbd4d0496a53,essential,skill/competence
http://data.europa.eu/esco/occupation/custom-340f324755dbe1655ca18f1b0afb13f1,http://data.europa.eu/esco/skill/000f1d3d-220f-4789-9c0a-cc742521fb02,optional,knowledge
http://data.europa.eu/esco/occupation/custom-340f324755dbe1655ca18f1b0afb13f1,http://data.europa.eu/esco/skill/013441c1-1f13-47e9-80c4-9a53e8e1bc05,optional,knowledge
http://data.europa.eu/esco/occupation/custom-340f324755dbe1655ca18f1b0afb13f1,http://data.europa.eu/esco/skill/04f1b938-d4d4-4cb1-a863-982af76b9d93,optional,knowledge
http://data.europa.eu/esco/occupation/custom-340f324755dbe1655ca18f1b0afb13f1,http://data.europa.eu/esco/skill/0b0335f3-0aa1-491e-895e-81fc8774a300,optional,skill/competence
http://data.europa.eu/esco/occupation/custom-340f324755dbe1655ca18f1b0afb13f1,http://data.europa.eu/esco/skill/0ccdfe98-f845-4598-84a1-3dca66e9d9a3,optional,knowledge
http://data.europa.eu/esco/occupation/custom-340f324755dbe1655ca18f1b0afb13f1,http://data.europa.eu/esco/skill/0cd6dcf1-5778-42a5-b685-4d01ae4a4871,optional,knowledge
http://data.europa.eu/esco/occupation/custom-340f324755dbe1655ca18f1b0afb13f1,http://data.europa.eu/esco/skill/0d168770-4d9c-4096-b048-a6577818d306,optional,knowledge
http://data.europa.eu/esco/occupation/custom-340f324755dbe1655ca18f1b0afb13f1,http://data.europa.eu/esco/skill/0de61385-de6d-4146-ba32-1cc1bc102220,optional,knowledge
http://data.europa.eu/esco/occupation/custom-340f324755dbe1655ca18f1b0afb13f1,http://data.europa.eu/esco/skill/13bdd41a-2a18-441f-96db-41252c519413,optional,knowledge
http://data.europa.eu/esco/occupation/custom-340f324755dbe1655ca18f1b0afb13f1,http://data.europa.eu/esco/skill/172020d1-e151-445b-8173-e2a5fb16fe51,essential,skill/competence
http://data.europa.eu/esco/occupation/custom-340f324755dbe1655ca18f1b0afb13f1,http://data.europa.eu/esco/skill/19a8293b-8e95-4de3-983f-77484079c389,optional,knowledge
http://data.europa.eu/esco/occupation/custom-340f324755dbe1655ca18f1b0afb13f1,http://data.europa.eu/esco/skill/2180bd8c-86de-4889-8165-adac902eee9d,essential,knowledge
http://data.europa.eu/esco/occupation/custom-340f324755dbe1655ca18f1b0afb13f1,http://data.europa.eu/esco/skill/21d2f96d-35f7-4e3f-9745-c533d2dd6e97,essential,knowledge
http://data.europa.eu/esco/occupation/custom-340f324755dbe1655ca18f1b0afb13f1,http://data.europa.eu/esco/skill/2522a6ce-3202-4ac8-9f5b-b9cb5a3a83a1,essential,skill/competence
http://data.europa.eu/esco/occupation/custom-340f324755dbe1655ca18f1b0afb13f1,http://data.europa.eu/esco/skill/25b291b5-8245-4d9d-b391-86a8a31d7109,optional,skill/competence
http://data.europa.eu/esco/occupation/custom-340f324755dbe1655ca18f1b0afb13f1,http://data.europa.eu/esco/skill/2b7a79e5-84d8-4880-be66-3d9bb05bea17,essential,skill/competence
http://data.europa.eu/esco/occupation/custom-340f324755dbe1655ca18f1b0afb13f1,http://data.europa.eu/esco/skill/2bde42ae-e776-41c1-9ded-b07b30bfe985,optional,knowledge
http://data.europa.eu/esco/occupation/custom-340f324755dbe1655ca18f1b0afb13f1,http://data.europa.eu/esco/skill/2c4e11ef-da18-4e19-816b-e6bc19e12424,optional,skill/competence
http://data.europa.eu/esco/occupation/custom-340f324755dbe1655ca18f1b0afb13f1,http://data.europa.eu/esco/skill/300d432b-f457-4cd3-9cb1-1858c7d14954,optional,knowledge
http://data.europa.eu/esco/occupation/custom-340f324755dbe1655ca18f1b0afb13f1,http://data.europa.eu/esco/skill/397da142-ab35-48fe-b154-7c38f447adfb,essential,knowledge
http://data.europa.eu/esco/occupation/custom-340f324755dbe1655ca18f1b0afb13f1,http://data.europa.eu/esco/skill/3cd569a2-4f88-4c1e-9995-8dce8c5e51a7,optional,knowledge
http://data.europa.eu/esco/occupation/custom-340f324755dbe1655ca18f1b0afb13f1,http://data.europa.eu/esco/skill/401eb8d8-6daa-4f8b-90ad-60afc71eb4f8,optional,knowledge
http://data.europa.eu/esco/occupation/custom-340f324755dbe1655ca18f1b0afb13f1,http://data.europa.eu/esco/skill/4350c38d-0fe9-4ca7-bab9-40ed7f72b04f,optional,knowledge
http://data.europa.eu/esco/occupation/custom-340f324755dbe1655ca18f1b0afb13f1,http://data.europa.eu/esco/skill/438ff259-d086-4004-acda-1ec3e1631bc6,optional,knowledge
http://data.europa.eu/esco/occupation/custom-340f324755dbe1655ca18f1b0afb13f1,http://data.europa.eu/esco/skill/449d119b-2d66-43a9-9230-7d27f16afbb6,optional,knowledge
http://data.europa.eu/esco/occupation/custom-340f324755dbe1655ca18f1b0afb13f1,http://data.europa.eu/esco/skill/47b9bbcf-356c-4782-83a4-7f5a1b2b51a3,optional,knowledge
http://data.europa.eu/esco/occupation/custom-340f324755dbe1655ca18f1b0afb13f1,http://data.europa.eu/esco/skill/4c016b68-4116-468c-9dc6-42710c239e4a,optional,knowledge
http://data.europa.eu/esco/occupation/custom-340f324755dbe1655ca18f1b0afb13f1,http://data.europa.eu/esco/skill/51586df8-1c46-4b47-8583-773cb63bf00b,optional,knowledge
http://data.europa.eu/esco/occupation/custom-340f324755dbe1655ca18f1b0afb13f1,http://data.europa.eu/esco/skill/52cf3037-ab53-4806-85ed-7fd21ea7f6a1,optional,knowledge
http://data.europa.eu/esco/occupation/custom-340f324755dbe1655ca18f1b0afb13f1,http://data.europa.eu/esco/skill/56a7f561-1d55-43c9-9cd7-36a0a9bc6c50,optional,knowledge
http://data.europa.eu/esco/occupation/custom-340f324755dbe1655ca18f1b0afb13f1,http://data.europa.eu/esco/skill/58d7a289-dafd-4363-833f-d1dc4140885e,optional,knowledge
http://data.europa.eu/esco/occupation/custom-340f324755dbe1655ca18f1b0afb13f1,http://data.europa.eu/esco/skill/5b9cde20-f1b9-4adc-bfb3-dbf70b14138d,optional,skill/competence
http://data.europa.eu/esco/occupation/custom-340f324755dbe1655ca18f1b0afb13f1,http://data.europa.eu/esco/skill/5be3d306-6cf1-4b49-aa1d-01651dd4ba4c,optional,knowledge
http://data.europa.eu/esco/occupation/custom-340f324755dbe1655ca18f1b0afb13f1,http://data.europa.eu/esco/skill/6014921e-1d25-4039-adc2-04852d61880e,essential,knowledge
http://data.europa.eu/esco/occupation/custom-340f324755dbe1655ca18f1b0afb13f1,http://data.europa.eu/esco/skill/6417a4cc-6f61-4459-a114-761a7fa0279d,optional,knowledge
http://data.europa.eu/esco/occupation/custom-340f324755dbe1655ca18f1b0afb13f1,http://data.europa.eu/esco/skill/69f0167e-75d9-46cf-847f-72a592880ebb,optional,knowledge
http://data.europa.eu/esco/occupation/custom-340f324755dbe1655ca18f1b0afb13f1,http://data.europa.eu/esco/skill/6b6a9252-2ed7-4862-a02f-1578f4a532ea,optional,knowledge
http://data.europa.eu/esco/occupation/custom-340f324755dbe1655ca18f1b0afb13f1,http://data.europa.eu/esco/skill/6f8a40d6-f9ce-43ec-a72f-d4213a53f3ed,optional,knowledge
http://data.europa.eu/esco/occupation/custom-340f324755dbe1655ca18f1b0afb13f1,http://data.europa.eu/esco/skill/71746a0b-e58d-4dc4-ad03-bd84082eae21,optional,skill/competence
http://data.europa.eu/esco/occupation/custom-340f324755dbe1655ca18f1b0afb13f1,http://data.europa.eu/esco/skill/7814e88f-c133-4c3b-b27f-857afa145d42,optional,knowledge
http://data.europa.eu/esco/occupation/custom-340f324755dbe1655ca18f1b0afb13f1,http://data.europa.eu/esco/skill/797a4416-0b8d-44f3-8fcd-eb10bd0be6b4,essential,skill/competence
http://data.europa.eu/esco/occupation/custom-340f324755dbe1655ca18f1b0afb13f1,http://data.europa.eu/esco/skill/7d10fcb2-b368-48ab-996b-7c9fafcf68ed,optional,skill/competence
http://data.europa.eu/esco/occupation/custom-340f324755dbe1655ca18f1b0afb13f1,http://data.europa.eu/esco/skill/8369ede5-4200-4a44-be2e-bc60ef959259,optional,knowledge
http://data.europa.eu/esco/occupation/custom-340f324755dbe1655ca18f1b0afb13f1,http://data.europa.eu/esco/skill/85616cc4-98bf-4355-9cf1-72ff11752848,essential,skill/competence
http://data.europa.eu/esco/occupation/custom-340f324755dbe1655ca18f1b0afb13f1,http://data.europa.eu/esco/skill/85c11255-469f-41bd-a6d1-382bc4a87783,essential,skill/competence
http://data.europa.eu/esco/occupation/custom-340f324755dbe1655ca18f1b0afb13f1,http://data.europa.eu/esco/skill/867137fb-ff1b-4ca3-99f3-cb6969aa2c68,optional,knowledge
http://data.europa.eu/esco/occupation/custom-340f324755dbe1655ca18f1b0afb13f1,http://data.europa.eu/esco/skill/8696aff0-18c0-4ba6-a4d0-9a21861b3e5e,optional,knowledge
http://data.europa.eu/esco/occupation/custom-340f324755dbe1655ca18f1b0afb13f1,http://data.europa.eu/esco/skill/8b94aa1e-89c9-459d-b3b4-1dfab8dec2df,essential,skill/competence
http://data.europa.eu/esco/occupation/custom-340f324755dbe1655ca18f1b0afb13f1,http://data.europa.eu/esco/skill/8c4c49d4-9708-433f-8ca7-bf2c5211ee49,optional,skill/competence
http://data.europa.eu/esco/occupation/custom-340f324755dbe1655ca18f1b0afb13f1,http://data.europa.eu/esco/skill/901105f8-3a08-453e-b1dc-23619e317fd3,essential,skill/competence
http://data.europa.eu/esco/occupation/custom-340f324755dbe1655ca18f1b0afb13f1,http://data.europa.eu/esco/skill/925463a7-d51f-4d5b-9f79-4d28cf30acde,essential,knowledge
http://data.europa.eu/esco/occupation/custom-340f324755dbe1655ca18f1b0afb13f1,http://data.europa.eu/esco/skill/9973a5a2-7822-4161-99e9-95c781eb63f8,optional,knowledge
http://data.europa.eu/esco/occupation/custom-340f324755dbe1655ca18f1b0afb13f1,http://data.europa.eu/esco/skill/9d2e926f-53d9-41f5-98f3-19dfaa687f3f,essential,knowledge
http://data.europa.eu/esco/occupation/custom-340f324755dbe1655ca18f1b0afb13f1,http://data.europa.eu/esco/skill/a4d336a6-9ffd-402a-91cc-f359716ba4e0,optional,knowledge
http://data.europa.eu/esco/occupation/custom-340f324755dbe1655ca18f1b0afb13f1,http://data.europa.eu/esco/skill/af7ae54f-4649-4c16-87c7-59ba41d4d57f,optional,knowledge
http://data.europa.eu/esco/occupation/custom-340f324755dbe1655ca18f1b0afb13f1,http://data.europa.eu/esco/skill/b4dc6e4f-dc7d-445f-8ce2-d7b9d225e282,optional,knowledge
http://data.europa.eu/esco/occupation/custom-340f324755dbe1655ca18f1b0afb13f1,http://data.europa.eu/esco/skill/b633eb55-8f1f-4ae6-ab4c-2022ffe2cb7f,optional,knowledge
http://data.europa.eu/esco/occupation/custom-340f324755dbe1655ca18f1b0afb13f1,http://data.europa.eu/esco/skill/ba1b0441-a6b8-4e57-8ccc-871012f63e42,optional,knowledge
http://data.europa.eu/esco/occupation/custom-340f324755dbe1655ca18f1b0afb13f1,http://data.europa.eu/esco/skill/bb99af26-71ff-4dca-bde7-1eb1f6194426,optional,knowledge
http://data.europa.eu/esco/occupation/custom-340f324755dbe1655ca18f1b0afb13f1,http://data.europa.eu/esco/skill/be80acfc-b6f2-4411-9b8d-b19d9cd2556a,optional,knowledge
http://data.europa.eu/esco/occupation/custom-340f324755dbe1655ca18f1b0afb13f1,http://data.europa.eu/esco/skill/c3a03c5a-c260-4c26-9b9a-873abb396f4d,optional,knowledge
http://data.europa.eu/esco/occupation/custom-340f324755dbe1655ca18f1b0afb13f1,http://data.europa.eu/esco/skill/c7451027-8249-405a-bb1b-342ff0f3fb3b,optional,knowledge
http://data.europa.eu/esco/occupation/custom-340f324755dbe1655ca18f1b0afb13f1,http://data.europa.eu/esco/skill/ccd0a1d9-afda-43d9-b901-96344886e14d,optional,knowledge
http://data.europa.eu/esco/occupation/custom-340f324755dbe1655ca18f1b0afb13f1,http://data.europa.eu/esco/skill/d31fab87-2a7d-485c-b699-2901ca294b15,optional,skill/competence
http://data.europa.eu/esco/occupation/custom-340f324755dbe1655ca18f1b0afb13f1,http://data.europa.eu/esco/skill/d56fc2b5-4b0a-4e7e-9bde-a33736f6ff18,optional,knowledge
http://data.europa.eu/esco/occupation/custom-340f324755dbe1655ca18f1b0afb13f1,http://data.europa.eu/esco/skill/dcdd5ddf-82a6-4ac3-8edc-d4b23cae9a88,optional,knowledge
http://data.europa.eu/esco/occupation/custom-340f324755dbe1655ca18f1b0afb13f1,http://data.europa.eu/esco/skill/def007fa-5fed-4a5f-91a2-b0d7e3db1be1,optional,knowledge
http://data.europa.eu/esco/occupation/custom-340f324755dbe1655ca18f1b0afb13f1,http://data.europa.eu/esco/skill/e8b89eb6-51e8-4c3a-babb-88b2e110376b,optional,knowledge
http://data.europa.eu/esco/occupation/custom-340f324755dbe1655ca18f1b0afb13f1,http://data.europa.eu/esco/skill/eb0e5615-1575-4a86-a1a2-7d39595033c5,optional,knowledge
http://data.europa.eu/esco/occupation/custom-340f324755dbe1655ca18f1b0afb13f1,http://data.europa.eu/esco/skill/ed8de897-adbe-4f0e-b4d2-534953e64c72,optional,skill/competence
http://data.europa.eu/esco/occupation/custom-340f324755dbe1655ca18f1b0afb13f1,http://data.europa.eu/esco/skill/f049d050-12da-4e40-813a-2b5eb6df6b51,essential,knowledge
http://data.europa.eu/esco/occupation/custom-340f324755dbe1655ca18f1b0afb13f1,http://data.europa.eu/esco/skill/f28617ad-afdd-4041-814c-216153a38998,essential,skill/competence
http://data.europa.eu/esco/occupation/custom-340f324755dbe1655ca18f1b0afb13f1,http://data.europa.eu/esco/skill/f47a1998-0beb-43be-9f46-380aa4d183da,optional,knowledge
http://data.europa.eu/esco/occupation/custom-340f324755dbe1655ca18f1b0afb13f1,http://data.europa.eu/esco/skill/f5308e60-d763-4ead-be95-88c96fb3e02b,optional,skill/competence
http://data.europa.eu/esco/occupation/custom-340f324755dbe1655ca18f1b0afb13f1,http://data.europa.eu/esco/skill/fd33c66c-70c4-40e6-b87c-5495bd3bf26e,optional,skill/competence
http://data.europa.eu/esco/occupation/custom-340f324755dbe1655ca18f1b0afb13f1,http://data.europa.eu/esco/skill/ffddfc7c-a9dd-449f-9e96-882dc447c8b6,optional,knowledge
http://data.europa.eu/esco/occupation/custom-59f56cd1af81e9b2233da75efa98a0bc,http://data.europa.eu/esco/skill/000f1d3d-220f-4789-9c0a-cc742521fb02,optional,knowledge
http://data.europa.eu/esco/occupation/custom-59f56cd1af81e9b2233da75efa98a0bc,http://data.europa.eu/esco/skill/013441c1-1f13-47e9-80c4-9a53e8e1bc05,optional,knowledge
http://data.europa.eu/esco/occupation/custom-59f56cd1af81e9b2233da75efa98a0bc,http://data.europa.eu/esco/skill/02058de6-4b98-449f-8a45-8588b0eb2446,essential,knowledge
http://data.europa.eu/esco/occupation/custom-59f56cd1af81e9b2233da75efa98a0bc,http://data.europa.eu/esco/skill/020918ef-4b55-47c1-8430-ab7b8f6a7377,essential,skill/competence
http://data.europa.eu/esco/occupation/custom-59f56cd1af81e9b2233da75efa98a0bc,http://data.europa.eu/esco/skill/034c29fa-c3ba-45ea-b8f3-bf8e3705e386,optional,knowledge
http://data.europa.eu/esco/occupation/custom-59f56cd1af81e9b2233da75efa98a0bc,http://data.europa.eu/esco/skill/03b9b491-fc9b-4868-914a-bf7cd47b5041,optional,skill/competence
http://data.europa.eu/esco/occupation/custom-59f56cd1af81e9b2233da75efa98a0bc,http://data.europa.eu/esco/skill/04f1b938-d4d4-4cb1-a863-982af76b9d93,optional,knowledge
http://data.europa.eu/esco/occupation/custom-59f56cd1af81e9b2233da75efa98a0bc,http://data.europa.eu/esco/skill/04fe962b-4017-4eb7-9139-7d69b6922bc9,essential,skill/competence
http://data.europa.eu/esco/occupation/custom-59f56cd1af81e9b2233da75efa98a0bc,http://data.europa.eu/esco/skill/054f26ab-cfdc-4077-883c-1c4c9e9b310a,essential,skill/competence
http://data.europa.eu/esco/occupation/custom-59f56cd1af81e9b2233da75efa98a0bc,http://data.europa.eu/esco/skill/07e47d58-dd0e-4302-9e68-70a188e89065,optional,skill/competence
http://data.europa.eu/esco/occupation/custom-59f56cd1af81e9b2233da75efa98a0bc,http://data.europa.eu/esco/skill/0ab03c6c-281b-48f4-83e0-10eeb27a1bae,essential,knowledge
http://data.europa.eu/esco/occupation/custom-59f56cd1af81e9b2233da75efa98a0bc,http://data.europa.eu/esco/skill/0b0335f3-0aa1-491e-895e-81fc8774a300,essential,skill/competence
http://data.europa.eu/esco/occupation/custom-59f56cd1af81e9b2233da75efa98a0bc,http://data.europa.eu/esco/skill/0ccdfe98-f845-4598-84a1-3dca66e9d9a3,optional,knowledge
http://data.europa.eu/esco/occupation/custom-59f56cd1af81e9b2233da75efa98a0bc,http://data.europa.eu/esco/skill/0cd6dcf1-5778-42a5-b685-4d01ae4a4871,optional,knowledge
http://data.europa.eu/esco/occupation/custom-59f56cd1af81e9b2233da75efa98a0bc,http://data.europa.eu/esco/skill/0d168770-4d9c-4096-b048-a6577818d306,optional,knowledge
http://data.europa.eu/esco/occupation/custom-59f56cd1af81e9b2233da75efa98a0bc,http://data.europa.eu/esco/skill/0d4471ae-3820-4c23-8566-f44a7bd159b2,optional,skill/competence
http://data.europa.eu/esco/occupation/custom-59f56cd1af81e9b2233da75efa98a0bc,http://data.europa.eu/esco/skill/0da6cab1-0ee9-4391-a299-f71fbf21db56,essential,knowledge
http://data.europa.eu/esco/occupation/custom-59f56cd1af81e9b2233da75efa98a0bc,http://data.europa.eu/esco/skill/0de61385-de6d-4146-ba32-1cc1bc102220,optional,knowledge
http://data.europa.eu/esco/occupation/custom-59f56cd1af81e9b2233da75efa98a0bc,http://data.europa.eu/esco/skill/0fb753a1-2ef2-4429-84d2-ecb2b24daf7a,optional,knowledge
http://data.europa.eu/esco/occupation/custom-59f56cd1af81e9b2233da75efa98a0bc,http://data.europa.eu/esco/skill/11eebd42-44ab-401d-8a2c-bdb9fc9beb50,essential,knowledge
http://data.europa.eu/esco/occupation/custom-59f56cd1af81e9b2233da75efa98a0bc,http://data.europa.eu/esco/skill/13bdd41a-2a18-441f-96db-41252c519413,optional,knowledge
http://data.europa.eu/esco/occupation/custom-59f56cd1af81e9b2233da75efa98a0bc,http://data.europa.eu/esco/skill/14d1e367-3efe-4ec5-86ae-eca48710ee4e,essential,skill/competence
http://data.europa.eu/esco/occupation/custom-59f56cd1af81e9b2233da75efa98a0bc,http://data.europa.eu/esco/skill/172020d1-e151-445b-8173-e2a5fb16fe51,optional,skill/competence
http://data.europa.eu/esco/occupation/custom-59f56cd1af81e9b2233da75efa98a0bc,http://data.europa.eu/esco/skill/19a8293b-8e95-4de3-983f-77484079c389,optional,knowledge
http://data.europa.eu/esco/occupation/custom-59f56cd1af81e9b2233da75efa98a0bc,http://data.europa.eu/esco/skill/1d86f05e-e9cc-40ce-99d8-2b21cc71b16b,essential,knowledge
http://data.europa.eu/esco/occupation/custom-59f56cd1af81e9b2233da75efa98a0bc,http://data.europa.eu/esco/skill/2164e860-7f20-48bc-b98c-5d9f8a561550,essential,skill/competence
http://data.europa.eu/esco/occupation/custom-59f56cd1af81e9b2233da75efa98a0bc,http://data.europa.eu/esco/skill/21d2f96d-35f7-4e3f-9745-c533d2dd6e97,essential,knowledge
http://data.europa.eu/esco/occupation/custom-59f56cd1af81e9b2233da75efa98a0bc,http://data.europa.eu/esco/skill/248894d1-42dc-474f-af6e-2da52ac0c679,essential,skill/competence
http://data.europa.eu/esco/occupation/custom-59f56cd1af81e9b2233da75efa98a0bc,http://data.europa.eu/esco/skill/2522a6ce-3202-4ac8-9f5b-b9cb5a3a83a1,essential,skill/competence
http://data.europa.eu/esco/occupation/custom-59f56cd1af81e9b2233da75efa98a0bc,http://data.europa.eu/esco/skill/25b291b5-8245-4d9d-b391-86a8a31d7109,optional,skill/competence
http://data.europa.eu/esco/occupation/custom-59f56cd1af81e9b2233da75efa98a0bc,http://data.europa.eu/esco/skill/2b7a79e5-84d8-4880-be66-3d9bb05bea17,essential,skill/competence
http://data.europa.eu/esco/occupation/custom-59f56cd1af81e9b2233da75efa98a0bc,http://data.europa.eu/esco/skill/2bde42ae-e776-41c1-9ded-b07b30bfe985,optional,knowledge
http://data.europa.eu/esco/occupation/custom-59f56cd1af81e9b2233da75efa98a0bc,http://data.europa.eu/esco/skill/2c4e11ef-da18-4e19-816b-e6bc19e12424,optional,skill/competence
http://data.europa.eu/esco/occupation/custom-59f56cd1af81e9b2233da75efa98a0bc,http://data.europa.eu/esco/skill/2ddb1226-1117-4eb4-ae65-3a2f5a5a3c80,essential,knowledge
http://data.europa.eu/esco/occupation/custom-59f56cd1af81e9b2233da75efa98a0bc,http://data.europa.eu/esco/skill/300d432b-f457-4cd3-9cb1-1858c7d14954,optional,knowledge
http://data.europa.eu/esco/occupation/custom-59f56cd1af81e9b2233da75efa98a0bc,http://data.europa.eu/esco/skill/32428b21-514b-42c2-81b5-244a7804ea74,essential,knowledge
http://data.europa.eu/esco/occupation/custom-59f56cd1af81e9b2233da75efa98a0bc,http://data.europa.eu/esco/skill/33a82b83-c838-4889-ae62-fae1317481eb,optional,skill/competence
http://data.europa.eu/esco/occupation/custom-59f56cd1af81e9b2233da75efa98a0bc,http://data.europa.eu/esco/skill/397da142-ab35-48fe-b154-7c38f447adfb,essential,knowledge
http://data.europa.eu/esco/occupation/custom-59f56cd1af81e9b2233da75efa98a0bc,http://data.europa.eu/esco/skill/3a5231a0-8c30-48ee-b671-08e2debd4441,optional,knowledge
http://data.europa.eu/esco/occupation/custom-59f56cd1af81e9b2233da75efa98a0bc,http://data.europa.eu/esco/skill/3cd569a2-4f88-4c1e-9995-8dce8c5e51a7,optional,knowledge
http://data.europa.eu/esco/occupation/custom-59f56cd1af81e9b2233da75efa98a0bc,http://data.europa.eu/esco/skill/3cfa46e9-b7da-44ac-b09e-9596dffe0425,optional,skill/competence
http://data.europa.eu/esco/occupation/custom-59f56cd1af81e9b2233da75efa98a0bc,http://data.europa.eu/esco/skill/401eb8d8-6daa-4f8b-90ad-60afc71eb4f8,optional,knowledge
http://data.europa.eu/esco/occupation/custom-59f56cd1af81e9b2233da75efa98a0bc,http://data.europa.eu/esco/skill/418a56a2-7cfc-4b6d-8cf5-5c2add99a849,optional,skill/competence
http://data.europa.eu/esco/occupation/custom-59f56cd1af81e9b2233da75efa98a0bc,http://data.europa.eu/esco/skill/42ed3bfb-1a01-4c8b-9758-fc6438865734,optional,knowledge
http://data.europa.eu/esco/occupation/custom-59f56cd1af81e9b2233da75efa98a0bc,http://data.europa.eu/esco/skill/4350c38d-0fe9-4ca7-bab9-40ed7f72b04f,optional,knowledge
http://data.europa.eu/esco/occupation/custom-59f56cd1af81e9b2233da75efa98a0bc,http://data.europa.eu/esco/skill/449d119b-2d66-43a9-9230-7d27f16afbb6,optional,knowledge
http://data.europa.eu/esco/occupation/custom-59f56cd1af81e9b2233da75efa98a0bc,http://data.europa.eu/esco/skill/47b9bbcf-356c-4782-83a4-7f5a1b2b51a3,optional,knowledge
http://data.europa.eu/esco/occupation/custom-59f56cd1af81e9b2233da75efa98a0bc,http://data.europa.eu/esco/skill/4c016b68-4116-468c-9dc6-42710c239e4a,optional,knowledge
http://data.europa.eu/esco/occupation/custom-59f56cd1af81e9b2233da75efa98a0bc,http://data.europa.eu/esco/skill/4da4587a-fd0b-4ca2-886c-c42a1562d432,optional,skill/competence
http://data.europa.eu/esco/occupation/custom-59f56cd1af81e9b2233da75efa98a0bc,http://data.europa.eu/esco/skill/5063a99f-975b-4a7c-85e3-69ecb375b4d3,essential,knowledge
http://data.europa.eu/esco/occupation/custom-59f56cd1af81e9b2233da75efa98a0bc,http://data.europa.eu/esco/skill/51586df8-1c46-4b47-8583-773cb63bf00b,optional,knowledge
http://data.europa.eu/esco/occupation/custom-59f56cd1af81e9b2233da75efa98a0bc,http://data.europa.eu/esco/skill/52cf3037-ab53-4806-85ed-7fd21ea7f6a1,optional,knowledge
http://data.europa.eu/esco/occupation/custom-59f56cd1af81e9b2233da75efa98a0bc,http://data.europa.eu/esco/skill/545c80e8-7ab2-42fe-af64-242211e94709,essential,skill/competence
http://data.europa.eu/esco/occupation/custom-59f56cd1af81e9b2233da75efa98a0bc,http://data.europa.eu/esco/skill/553e1d2d-abf1-4b37-8ac4-c5c78a8edbc0,optional,knowledge
http://data.europa.eu/esco/occupation/custom-59f56cd1af81e9b2233da75efa98a0bc,http://data.europa.eu/esco/skill/56a7f561-1d55-43c9-9cd7-36a0a9bc6c50,optional,knowledge
http://data.europa.eu/esco/occupation/custom-59f56cd1af81e9b2233da75efa98a0bc,http://data.europa.eu/esco/skill/5898d99a-62a4-4e10-a2e3-0d815ce44248,essential,knowledge
http://data.europa.eu/esco/occupation/custom-59f56cd1af81e9b2233da75efa98a0bc,http://data.europa.eu/esco/skill/58d7a289-dafd-4363-833f-d1dc4140885e,optional,knowledge
http://data.europa.eu/esco/occupation/custom-59f56cd1af81e9b2233da75efa98a0bc,http://data.europa.eu/esco/skill/5b9cde20-f1b9-4adc-bfb3-dbf70b14138d,optional,skill/competence
http://data.europa.eu/esco/occupation/custom-59f56cd1af81e9b2233da75efa98a0bc,http://data.europa.eu/esco/skill/6014921e-1d25-4039-adc2-04852d61880e,essential,knowledge
http://data.europa.eu/esco/occupation/custom-59f56cd1af81e9b2233da75efa98a0bc,http://data.europa.eu/esco/skill/6417a4cc-6f61-4459-a114-761a7fa0279d,optional,knowledge
http://data.europa.eu/esco/occupation/custom-59f56cd1af81e9b2233da75efa98a0bc,http://data.europa.eu/esco/skill/6474fc36-67ae-436b-9d39-c14402c6a89b,optional,skill/competence
http://data.europa.eu/esco/occupation/custom-59f56cd1af81e9b2233da75efa98a0bc,http://data.europa.eu/esco/skill/69f0167e-75d9-46cf-847f-72a592880ebb,optional,knowledge
http://data.europa.eu/esco/occupation/custom-59f56cd1af81e9b2233da75efa98a0bc,http://data.europa.eu/esco/skill/6b3afb82-c4ea-4f14-be54-a757fb762663,optional,knowledge
http://data.europa.eu/esco/occupation/custom-59f56cd1af81e9b2233da75efa98a0bc,http://data.europa.eu/esco/skill/6b643893-0a1f-4f6c-83a1-e7eef75849b9,optional,skill/competence
http://data.europa.eu/esco/occupation/custom-59f56cd1af81e9b2233da75efa98a0bc,http://data.europa.eu/esco/skill/6b6a9252-2ed7-4862-a02f-1578f4a532ea,optional,knowledge
http://data.europa.eu/esco/occupation/custom-59f56cd1af81e9b2233da75efa98a0bc,http://data.europa.eu/esco/skill/6f1edc19-191f-4ba5-a048-ee69aff05bab,optional,knowledge
http://data.europa.eu/esco/occupation/custom-59f56cd1af81e9b2233da75efa98a0bc,http://data.europa.eu/esco/skill/6f8a40d6-f9ce-43ec-a72f-d4213a53f3ed,optional,knowledge
http://data.europa.eu/esco/occupation/custom-59f56cd1af81e9b2233da75efa98a0bc,http://data.europa.eu/esco/skill/709ef32a-7435-48e2-8fa2-16e389ecab8a,optional,knowledge
http://data.europa.eu/esco/occupation/custom-59f56cd1af81e9b2233da75efa98a0bc,http://data.europa.eu/esco/skill/71746a0b-e58d-4dc4-ad03-bd84082eae21,essential,skill/competence
http://data.europa.eu/esco/occupation/custom-59f56cd1af81e9b2233da75efa98a0bc,http://data.europa.eu/esco/skill/7814e88f-c133-4c3b-b27f-857afa145d42,essential,knowledge
http://data.europa.eu/esco/occupation/custom-59f56cd1af81e9b2233da75efa98a0bc,http://data.europa.eu/esco/skill/797a4416-0b8d-44f3-8fcd-eb10bd0be6b4,optional,skill/competence
http://data.europa.eu/esco/occupation/custom-59f56cd1af81e9b2233da75efa98a0bc,http://data.europa.eu/esco/skill/7d10fcb2-b368-48ab-996b-7c9fafcf68ed,optional,skill/competence
http://data.europa.eu/esco/occupation/custom-59f56cd1af81e9b2233da75efa98a0bc,http://data.europa.eu/esco/skill/7e1f9657-ab4e-407c-842f-b846197060e3,optional,skill/competence
http://data.europa.eu/esco/occupation/custom-59f56cd1af81e9b2233da75efa98a0bc,http://data.europa.eu/esco/skill/82de2df7-0d6c-42b1-94ac-b3e9a029e917,essential,skill/competence
http://data.europa.eu/esco/occupation/custom-59f56cd1af81e9b2233da75efa98a0bc,http://data.europa.eu/esco/skill/8359bd04-d2cb-4757-af1f-39a921df9efe,optional,skill/competence
http://data.europa.eu/esco/occupation/custom-59f56cd1af81e9b2233da75efa98a0bc,http://data.europa.eu/esco/skill/8369ede5-4200-4a44-be2e-bc60ef959259,optional,knowledge
http://data.europa.eu/esco/occupation/custom-59f56cd1af81e9b2233da75efa98a0bc,http://data.europa.eu/esco/skill/85c11255-469f-41bd-a6d1-382bc4a87783,essential,skill/competence
http://data.europa.eu/esco/occupation/custom-59f56cd1af81e9b2233da75efa98a0bc,http://data.europa.eu/esco/skill/861cc783-6d4c-442e-9081-3a6e389be454,essential,skill/competence
http://data.europa.eu/esco/occupation/custom-59f56cd1af81e9b2233da75efa98a0bc,http://data.europa.eu/esco/skill/867137fb-ff1b-4ca3-99f3-cb6969aa2c68,optional,knowledge
http://data.europa.eu/esco/occupation/custom-59f56cd1af81e9b2233da75efa98a0bc,http://data.europa.eu/esco/skill/86d2e2ea-1ba2-4aa6-b465-8a1f9abc81b8,essential,skill/competence
http://data.europa.eu/esco/occupation/custom-59f56cd1af81e9b2233da75efa98a0bc,http://data.europa.eu/esco/skill/8c4c49d4-9708-433f-8ca7-bf2c5211ee49,optional,skill/competence
http://data.europa.eu/esco/occupation/custom-59f56cd1af81e9b2233da75efa98a0bc,http://data.europa.eu/esco/skill/8fa840f7-e66a-4370-8e6d-7d554260c31c,essential,skill/competence
http://data.europa.eu/esco/occupation/custom-59f56cd1af81e9b2233da75efa98a0bc,http://data.europa.eu/esco/skill/901105f8-3a08-453e-b1dc-23619e317fd3,optional,skill/competence
http://data.europa.eu/esco/occupation/custom-59f56cd1af81e9b2233da75efa98a0bc,http://data.europa.eu/esco/skill/90be83d9-56f1-46a4-a6bc-96c51f6c9025,optional,skill/competence
http://data.europa.eu/esco/occupation/custom-59f56cd1af81e9b2233da75efa98a0bc,http://data.europa.eu/esco/skill/925463a7-d51f-4d5b-9f79-4d28cf30acde,optional,knowledge
http://data.europa.eu/esco/occupation/custom-59f56cd1af81e9b2233da75efa98a0bc,http://data.europa.eu/esco/skill/9707091a-323b-4240-877a-5999a19286f0,essential,skill/competence
http://data.europa.eu/esco/occupation/custom-59f56cd1af81e9b2233da75efa98a0bc,http://data.europa.eu/esco/skill/976455eb-5bbe-4493-ae64-ed16c3b009ea,essential,knowledge
http://data.europa.eu/esco/occupation/custom-59f56cd1af81e9b2233da75efa98a0bc,http://data.europa.eu/esco/skill/993b1e23-f2de-4bd8-b33f-f86dde1c8e9d,optional,knowledge
http://data.europa.eu/esco/occupation/custom-59f56cd1af81e9b2233da75efa98a0bc,http://data.europa.eu/esco/skill/9973a5a2-7822-4161-99e9-95c781eb63f8,optional,knowledge
http://data.europa.eu/esco/occupation/custom-59f56cd1af81e9b2233da75efa98a0bc,http://data.europa.eu/esco/skill/9d2e926f-53d9-41f5-98f3-19dfaa687f3f,optional,knowledge
http://data.europa.eu/esco/occupation/custom-59f56cd1af81e9b2233da75efa98a0bc,http://data.europa.eu/esco/skill/a3ce2bf7-5562-4639-9b52-fdb4850a3904,optional,knowledge
http://data.europa.eu/esco/occupation/custom-59f56cd1af81e9b2233da75efa98a0bc,http://data.europa.eu/esco/skill/a4d336a6-9ffd-402a-91cc-f359716ba4e0,optional,knowledge
http://data.europa.eu/esco/occupation/custom-59f56cd1af81e9b2233da75efa98a0bc,http://data.europa.eu/esco/skill/acf0a78c-f4e3-4bd9-a5cc-9cf4791b3b95,essential,skill/competence
http://data.europa.eu/esco/occupation/custom-59f56cd1af81e9b2233da75efa98a0bc,http://data.europa.eu/esco/skill/ae4f0cc6-e0b9-47f5-bdca-2fc2e6316dce,essential,skill/competence
http://data.europa.eu/esco/occupation/custom-59f56cd1af81e9b2233da75efa98a0bc,http://data.europa.eu/esco/skill/b105ec9b-0857-41d6-8d07-a83e58b73d90,essential,knowledge
http://data.europa.eu/esco/occupation/custom-59f56cd1af81e9b2233da75efa98a0bc,http://data.europa.eu/esco/skill/b1604a2d-c26a-427d-bda9-b8073a319fe9,essential,skill/competence
http://data.europa.eu/esco/occupation/custom-59f56cd1af81e9b2233da75efa98a0bc,http://data.europa.eu/esco/skill/b4dc6e4f-dc7d-445f-8ce2-d7b9d225e282,optional,knowledge
http://data.europa.eu/esco/occupation/custom-59f56cd1af81e9b2233da75efa98a0bc,http://data.europa.eu/esco/skill/b633eb55-8f1f-4ae6-ab4c-2022ffe2cb7f,optional,knowledge
http://data.europa.eu/esco/occupation/custom-59f56cd1af81e9b2233da75efa98a0bc,http://data.europa.eu/esco/skill/b9aad733-959a-4178-984f-53e4bd05b420,essential,skill/competence
http://data.europa.eu/esco/occupation/custom-59f56cd1af81e9b2233da75efa98a0bc,http://data.europa.eu/esco/skill/ba04b19b-0b18-4d5c-b799-4db31a98e58d,optional,knowledge
http://data.europa.eu/esco/occupation/custom-59f56cd1af81e9b2233da75efa98a0bc,http://data.europa.eu/esco/skill/bb2b4485-2bad-402f-8517-44bf7d9afff4,essential,skill/competence
http://data.europa.eu/esco/occupation/custom-59f56cd1af81e9b2233da75efa98a0bc,http://data.europa.eu/esco/skill/bb99af26-71ff-4dca-bde7-1eb1f6194426,optional,knowledge
http://data.europa.eu/esco/occupation/custom-59f56cd1af81e9b2233da75efa98a0bc,http://data.europa.eu/esco/skill/bd14968e-e409-45af-b362-3495ed7b10e0,essential,knowledge
http://data.europa.eu/esco/occupation/custom-59f56cd1af81e9b2233da75efa98a0bc,http://data.europa.eu/esco/skill/be80acfc-b6f2-4411-9b8d-b19d9cd2556a,optional,knowledge
http://data.europa.eu/esco/occupation/custom-59f56cd1af81e9b2233da75efa98a0bc,http://data.europa.eu/esco/skill/bf7ea00f-db77-4a95-9b9f-2d12b6d9fcb4,essential,skill/competence
http://data.europa.eu/esco/occupation/custom-59f56cd1af81e9b2233da75efa98a0bc,http://data.europa.eu/esco/skill/c2cbbccf-4ffd-4626-86e7-505b39c872a0,optional,skill/competence
http://data.europa.eu/esco/occupation/custom-59f56cd1af81e9b2233da75efa98a0bc,http://data.europa.eu/esco/skill/c3a03c5a-c260-4c26-9b9a-873abb396f4d,optional,knowledge
http://data.europa.eu/esco/occupation/custom-59f56cd1af81e9b2233da75efa98a0bc,http://data.europa.eu/esco/skill/c7451027-8249-405a-bb1b-342ff0f3fb3b,optional,knowledge
http://data.europa.eu/esco/occupation/custom-59f56cd1af81e9b2233da75efa98a0bc,http://data.europa.eu/esco/skill/c7cc6dc5-d56b-4323-8e5c-47c4022f615f,essential,knowledge
http://data.europa.eu/esco/occupation/custom-59f56cd1af81e9b2233da75efa98a0bc,http://data.europa.eu/esco/skill/ca73ac82-867a-4afa-9732-834aebe896ff,optional,knowledge
http://data.europa.eu/esco/occupation/custom-59f56cd1af81e9b2233da75efa98a0bc,http://data.europa.eu/esco/skill/ccd0a1d9-afda-43d9-b901-96344886e14d,optional,knowledge
http://data.europa.eu/esco/occupation/custom-59f56cd1af81e9b2233da75efa98a0bc,http://data.europa.eu/esco/skill/ce26e71f-2d47-474e-89b6-7920931ac4fc,optional,knowledge
http://data.europa.eu/esco/occupation/custom-59f56cd1af81e9b2233da75efa98a0bc,http://data.europa.eu/esco/skill/ce8ae6ca-61d8-4174-b457-641de96cbff4,optional,skill/competence
http://data.europa.eu/esco/occupation/custom-59f56cd1af81e9b2233da75efa98a0bc,http://data.europa.eu/esco/skill/cf3e976d-2c3e-495c-a874-f9e8a66d3b48,essential,skill/competence
http://data.europa.eu/esco/occupation/custom-59f56cd1af81e9b2233da75efa98a0bc,http://data.europa.eu/esco/skill/d31fab87-2a7d-485c-b699-2901ca294b15,optional,skill/competence
http://data.europa.eu/esco/occupation/custom-59f56cd1af81e9b2233da75efa98a0bc,http://data.europa.eu/esco/skill/d54a1355-05c8-45eb-9c42-267d2cfcdf44,optional,skill/competence
http://data.europa.eu/esco/occupation/custom-59f56cd1af81e9b2233da75efa98a0bc,http://data.europa.eu/esco/skill/d56fc2b5-4b0a-4e7e-9bde-a33736f6ff18,optional,knowledge
http://data.europa.eu/esco/occupation/custom-59f56cd1af81e9b2233da75efa98a0bc,http://data.europa.eu/esco/skill/d78dedfc-21d2-45fd-ba05-e56b7a8865e6,essential,knowledge
http://data.europa.eu/esco/occupation/custom-59f56cd1af81e9b2233da75efa98a0bc,http://data.europa.eu/esco/skill/d8829a1d-dbde-435b-b921-29d6462f35c9,optional,knowledge
http://data.europa.eu/esco/occupation/custom-59f56cd1af81e9b2233da75efa98a0bc,http://data.europa.eu/esco/skill/da042121-959d-451b-b4d0-3bbf07c1bc67,essential,skill/competence
http://data.europa.eu/esco/occupation/custom-59f56cd1af81e9b2233da75efa98a0bc,http://data.europa.eu/esco/skill/dcdd5ddf-82a6-4ac3-8edc-d4b23cae9a88,optional,knowledge
http://data.europa.eu/esco/occupation/custom-59f56cd1af81e9b2233da75efa98a0bc,http://data.europa.eu/esco/skill/def007fa-5fed-4a5f-91a2-b0d7e3db1be1,optional,knowledge
http://data.europa.eu/esco/occupation/custom-59f56cd1af81e9b2233da75efa98a0bc,http://data.europa.eu/esco/skill/dfff95c6-9758-4c04-a228-7eaa88dec6cd,optional,skill/competence
http://data.europa.eu/esco/occupation/custom-59f56cd1af81e9b2233da75efa98a0bc,http://data.europa.eu/esco/skill/e5b5053e-0ef6-4c4e-a3f2-42f955f4322c,essential,skill/competence
http://data.europa.eu/esco/occupation/custom-59f56cd1af81e9b2233da75efa98a0bc,http://data.europa.eu/esco/skill/e8b89eb6-51e8-4c3a-babb-88b2e110376b,optional,knowledge
http://data.europa.eu/esco/occupation/custom-59f56cd1af81e9b2233da75efa98a0bc,http://data.europa.eu/esco/skill/eb0e5615-1575-4a86-a1a2-7d39595033c5,optional,knowledge
http://data.europa.eu/esco/occupation/custom-59f56cd1af81e9b2233da75efa98a0bc,http://data.europa.eu/esco/skill/ed39edd3-44d0-4a16-9796-bfb99f92baf3,essential,knowledge
http://data.europa.eu/esco/occupation/custom-59f56cd1af81e9b2233da75efa98a0bc,http://data.europa.eu/esco/skill/ed8de897-adbe-4f0e-b4d2-534953e64c72,essential,skill/competence
http://data.europa.eu/esco/occupation/custom-59f56cd1af81e9b2233da75efa98a0bc,http://data.europa.eu/esco/skill/f049d050-12da-4e40-813a-2b5eb6df6b51,optional,knowledge
http://data.europa.eu/esco/occupation/custom-59f56cd1af81e9b2233da75efa98a0bc,http://data.europa.eu/esco/skill/f0ff6f10-cbb4-44c0-acd5-ed17046b1396,optional,skill/competence
http://data.europa.eu/esco/occupation/custom-59f56cd1af81e9b2233da75efa98a0bc,http://data.europa.eu/esco/skill/f28617ad-afdd-4041-814c-216153a38998,essential,skill/competence
http://data.europa.eu/esco/occupation/custom-59f56cd1af81e9b2233da75efa98a0bc,http://data.europa.eu/esco/skill/f47a1998-0beb-43be-9f46-380aa4d183da,optional,knowledge
http://data.europa.eu/esco/occupation/custom-59f56cd1af81e9b2233da75efa98a0bc,http://data.europa.eu/esco/skill/f5308e60-d763-4ead-be95-88c96fb3e02b,optional,skill/competence
http://data.europa.eu/esco/occupation/custom-59f56cd1af81e9b2233da75efa98a0bc,http://data.europa.eu/esco/skill/f5ac9226-0ace-4d34-a1c3-7b3845834a98,optional,skill/competence
http://data.europa.eu/esco/occupation/custom-59f56cd1af81e9b2233da75efa98a0bc,http://data.europa.eu/esco/skill/f8f1f725-0105-41fa-9887-4df9e7a7af1e,essential,skill/competence
http://data.europa.eu/esco/occupation/custom-59f56cd1af81e9b2233da75efa98a0bc,http://data.europa.eu/esco/skill/f9a6f35b-01a7-40c9-8b61-b6ee46f97272,optional,knowledge
http://data.europa.eu/esco/occupation/custom-59f56cd1af81e9b2233da75efa98a0bc,http://data.europa.eu/esco/skill/ffddfc7c-a9dd-449f-9e96-882dc447c8b6,optional,knowledge
http://data.europa.eu/esco/occupation/custom-5a5ab3fff38ed245ecc051e3ae9e8676,http://data.europa.eu/esco/skill/00b9a3aa-7070-4bb5-8020-f228a97cf42f,essential,skill/competence
http://data.europa.eu/esco/occupation/custom-5a5ab3fff38ed245ecc051e3ae9e8676,http://data.europa.eu/esco/skill/03a74eee-2dc6-4147-8667-5cdeb65f122d,optional,skill/competence
http://data.europa.eu/esco/occupation/custom-5a5ab3fff38ed245ecc051e3ae9e8676,http://data.europa.eu/esco/skill/0760bfac-9a03-427a-ad84-ccd33a2f2ae8,essential,knowledge
http://data.europa.eu/esco/occupation/custom-5a5ab3fff38ed245ecc051e3ae9e8676,http://data.europa.eu/esco/skill/07889c08-7220-47c8-96f7-6068fbea00dc,essential,skill/competence
http://data.europa.eu/esco/occupation/custom-5a5ab3fff38ed245ecc051e3ae9e8676,http://data.europa.eu/esco/skill/0823ccef-813f-4f22-afef-ac0d68615e8f,optional,knowledge
http://data.europa.eu/esco/occupation/custom-5a5ab3fff38ed245ecc051e3ae9e8676,http://data.europa.eu/esco/skill/08b04e53-ed25-41a2-9f90-0b9cd939ba3d,essential,skill/competence
http://data.europa.eu/esco/occupation/custom-5a5ab3fff38ed245ecc051e3ae9e8676,http://data.europa.eu/esco/skill/11c56452-fcec-4b00-9695-cca4728e5048,optional,knowledge
http://data.europa.eu/esco/occupation/custom-5a5ab3fff38ed245ecc051e3ae9e8676,http://data.europa.eu/esco/skill/143769cb-b61e-47d8-a61e-eedfbec1016c,optional,knowledge
http://data.europa.eu/esco/occupation/custom-5a5ab3fff38ed245ecc051e3ae9e8676,http://data.europa.eu/esco/skill/1973c966-f236-40c9-b2d4-5d71a89019be,optional,skill/competence
http://data.europa.eu/esco/occupation/custom-5a5ab3fff38ed245ecc051e3ae9e8676,http://data.europa.eu/esco/skill/1b70a55d-b8a4-49fc-96c6-15ab4cff2522,essential,skill/competence
http://data.europa.eu/esco/occupation/custom-5a5ab3fff38ed245ecc051e3ae9e8676,http://data.europa.eu/esco/skill/1b7c716e-af95-4cda-a42f-6479c8b139f5,optional,knowledge
http://data.europa.eu/esco/occupation/custom-5a5ab3fff38ed245ecc051e3ae9e8676,http://data.europa.eu/esco/skill/1e77e42a-181f-4b48-8e74-201ce50ffc29,essential,skill/competence
http://data.europa.eu/esco/occupation/custom-5a5ab3fff38ed245ecc051e3ae9e8676,http://data.europa.eu/esco/skill/20a8fe89-d4eb-4698-8521-8881c13377e0,essential,skill/competence
http://data.europa.eu/esco/occupation/custom-5a5ab3fff38ed245ecc051e3ae9e8676,http://data.europa.eu/esco/skill/25f0ea33-b4a2-4f31-b7b4-7d20e827b180,essential,knowledge
http://data.europa.eu/esco/occupation/custom-5a5ab3fff38ed245ecc051e3ae9e8676,http://data.europa.eu/esco/skill/2b1e2927-3542-48da-9063-02925e7562c1,essential,skill/competence
http://data.europa.eu/esco/occupation/custom-5a5ab3fff38ed245ecc051e3ae9e8676,http://data.europa.eu/esco/skill/2b34764d-637c-48f5-aa70-31e15c965db6,essential,skill/competence
http://data.europa.eu/esco/occupation/custom-5a5ab3fff38ed245ecc051e3ae9e8676,http://data.europa.eu/esco/skill/2daec0e6-f0c1-43e8-8178-aedba99130ec,essential,skill/competence
http://data.europa.eu/esco/occupation/custom-5a5ab3fff38ed245ecc051e3ae9e8676,http://data.europa.eu/esco/skill/2de4572a-4724-4f76-afc2-72a568a264ac,essential,skill/competence
http://data.europa.eu/esco/occupation/custom-5a5ab3fff38ed245ecc051e3ae9e8676,http://data.europa.eu/esco/skill/31c69100-b612-4a61-8db5-fd314318854c,essential,skill/competence
http://data.europa.eu/esco/occupation/custom-5a5ab3fff38ed245ecc051e3ae9e8676,http://data.europa.eu/esco/skill/33e584f9-ff7a-4979-bfc0-5a3a374a145a,optional,knowledge
http://data.europa.eu/esco/occupation/custom-5a5ab3fff38ed245ecc051e3ae9e8676,http://data.europa.eu/esco/skill/348b74cd-49ce-4844-8bdf-ec188b497213,essential,knowledge
http://data.europa.eu/esco/occupation/custom-5a5ab3fff38ed245ecc051e3ae9e8676,http://data.europa.eu/esco/skill/39f67488-cfd3-4370-8d7e-da98163102d9,essential,skill/competence
http://data.europa.eu/esco/occupation/custom-5a5ab3fff38ed245ecc051e3ae9e8676,http://data.europa.eu/esco/skill/3f4dab51-572b-4e2c-85ef-3b4c3f7094e1,optional,knowledge
http://data.europa.eu/esco/occupation/custom-5a5ab3fff38ed245ecc051e3ae9e8676,http://data.europa.eu/esco/skill/4134622c-c3fb-4a41-beb6-6d58ba5107db,essential,skill/competence
http://data.europa.eu/esco/occupation/custom-5a5ab3fff38ed245ecc051e3ae9e8676,http://data.europa.eu/esco/skill/4216e465-7baa-4884-a241-54b197bb9278,optional,skill/competence
http://data.europa.eu/esco/occupation/custom-5a5ab3fff38ed245ecc051e3ae9e8676,http://data.europa.eu/esco/skill/4463a721-69f3-413d-8321-43e3af13a4f1,essential,skill/competence
http://data.europa.eu/esco/occupation/custom-5a5ab3fff38ed245ecc051e3ae9e8676,http://data.europa.eu/esco/skill/45f1ae17-c20d-40fc-9307-7d33b6ca9213,optional,knowledge
http://data.europa.eu/esco/occupation/custom-5a5ab3fff38ed245ecc051e3ae9e8676,http://data.europa.eu/esco/skill/46ec0033-3c71-415e-bcff-b065675ba2dc,optional,skill/competence
http://data.europa.eu/esco/occupation/custom-5a5ab3fff38ed245ecc051e3ae9e8676,http://data.europa.eu/esco/skill/48db96bf-3314-45c6-bad8-fdb6e20e5639,essential,knowledge
http://data.europa.eu/esco/occupation/custom-5a5ab3fff38ed245ecc051e3ae9e8676,http://data.europa.eu/esco/skill/4a193795-fa63-414e-9f2e-bfdb3924571e,essential,skill/competence
http://data.europa.eu/esco/occupation/custom-5a5ab3fff38ed245ecc051e3ae9e8676,http://data.europa.eu/esco/skill/4cd85845-f31c-4306-994d-e12d45114d83,optional,skill/competence
http://data.europa.eu/esco/occupation/custom-5a5ab3fff38ed245ecc051e3ae9e8676,http://data.europa.eu/esco/skill/4d39b27a-b34f-4c89-8d46-df844d42f728,essential,skill/competence
http://data.europa.eu/esco/occupation/custom-5a5ab3fff38ed245ecc051e3ae9e8676,http://data.europa.eu/esco/skill/4d85b881-e490-4b4c-897a-2faa4ef53956,optional,skill/competence
http://data.europa.eu/esco/occupation/custom-5a5ab3fff38ed245ecc051e3ae9e8676,http://data.europa.eu/esco/skill/4f5c1208-62fd-4e5a-a51e-306c06947e11,essential,skill/competence
http://data.europa.eu/esco/occupation/custom-5a5ab3fff38ed245ecc051e3ae9e8676,http://data.europa.eu/esco/skill/4fabca9a-7435-4f33-b1da-3cdb00340fdc,essential,skill/competence
http://data.europa.eu/esco/occupation/custom-5a5ab3fff38ed245ecc051e3ae9e8676,http://data.europa.eu/esco/skill/505e4ef3-7ce4-437d-b7b4-5c608f71c258,essential,skill/competence
http://data.europa.eu/esco/occupation/custom-5a5ab3fff38ed245ecc051e3ae9e8676,http://data.europa.eu/esco/skill/50b100ea-74fd-4706-99db-3e4ca55e51b8,essential,skill/competence
http://data.europa.eu/esco/occupation/custom-5a5ab3fff38ed245ecc051e3ae9e8676,http://data.europa.eu/esco/skill/518dc04d-092d-4fa1-bd82-88b7a9278ef7,essential,skill/competence
http://data.europa.eu/esco/occupation/custom-5a5ab3fff38ed245ecc051e3ae9e8676,http://data.europa.eu/esco/skill/54c9c155-9293-4329-8ed2-2e76e8b519d4,optional,skill/competence
http://data.europa.eu/esco/occupation/custom-5a5ab3fff38ed245ecc051e3ae9e8676,http://data.europa.eu/esco/skill/5b26f08b-88bc-45f0-b901-530d7786466b,optional,knowledge
http://data.europa.eu/esco/occupation/custom-5a5ab3fff38ed245ecc051e3ae9e8676,http://data.europa.eu/esco/skill/5da8018b-ae85-4cde-ad93-0394369018f3,optional,knowledge
http://data.europa.eu/esco/occupation/custom-5a5ab3fff38ed245ecc051e3ae9e8676,http://data.europa.eu/esco/skill/5f0082ab-2131-49b5-94d6-a1821daf57d6,essential,skill/competence
http://data.europa.eu/esco/occupation/custom-5a5ab3fff38ed245ecc051e3ae9e8676,http://data.europa.eu/esco/skill/6360a934-cc87-4954-9656-b32db20592e3,essential,knowledge
http://data.europa.eu/esco/occupation/custom-5a5ab3fff38ed245ecc051e3ae9e8676,http://data.europa.eu/esco/skill/65e58886-bd1e-4c5b-8ca5-8d9b353c8aa1,essential,knowledge
http://data.europa.eu/esco/occupation/custom-5a5ab3fff38ed245ecc051e3ae9e8676,http://data.europa.eu/esco/skill/68ef0e4d-5542-4e64-84f4-752cce5a3c22,essential,knowledge
http://data.europa.eu/esco/occupation/custom-5a5ab3fff38ed245ecc051e3ae9e8676,http://data.europa.eu/esco/skill/696e3b5b-8b61-45af-ae4c-3ab700f197ec,essential,knowledge
http://data.europa.eu/esco/occupation/custom-5a5ab3fff38ed245ecc051e3ae9e8676,http://data.europa.eu/esco/skill/6c08403c-a5bb-4868-b8c2-b7d039c0e511,essential,skill/competence
http://data.europa.eu/esco/occupation/custom-5a5ab3fff38ed245ecc051e3ae9e8676,http://data.europa.eu/esco/skill/713fb616-118e-40bc-9366-4a69879a49d5,essential,skill/competence
http://data.europa.eu/esco/occupation/custom-5a5ab3fff38ed245ecc051e3ae9e8676,http://data.europa.eu/esco/skill/7159e587-c7cb-4ec0-a662-03e1dee2cccb,optional,knowledge
http://data.europa.eu/esco/occupation/custom-5a5ab3fff38ed245ecc051e3ae9e8676,http://data.europa.eu/esco/skill/74e49482-75e8-4637-bdb1-fff868d02f7a,essential,knowledge
http://data.europa.eu/esco/occupation/custom-5a5ab3fff38ed245ecc051e3ae9e8676,http://data.europa.eu/esco/skill/79e29b8b-47d1-470d-b7b1-32506bfe7d9a,essential,skill/competence
http://data.europa.eu/esco/occupation/custom-5a5ab3fff38ed245ecc051e3ae9e8676,http://data.europa.eu/esco/skill/7e796b51-49d7-4e73-95af-2e7323763f15,optional,skill/competence
http://data.europa.eu/esco/occupation/custom-5a5ab3fff38ed245ecc051e3ae9e8676,http://data.europa.eu/esco/skill/7ee4c2ea-b349-4bd2-81a3-ec31475d4833,essential,knowledge
http://data.europa.eu/esco/occupation/custom-5a5ab3fff38ed245ecc051e3ae9e8676,http://data.europa.eu/esco/skill/833289fa-3646-4010-9d9e-93ba8c9ef2d8,essential,skill/competence
http://data.europa.eu/esco/occupation/custom-5a5ab3fff38ed245ecc051e3ae9e8676,http://data.europa.eu/esco/skill/872a1632-f1db-4feb-bb27-0a6a359b7591,essential,skill/competence
http://data.europa.eu/esco/occupation/custom-5a5ab3fff38ed245ecc051e3ae9e8676,http://data.europa.eu/esco/skill/8f6ed69b-29d0-4c01-81ba-f05920a185f3,optional,knowledge
http://data.europa.eu/esco/occupation/custom-5a5ab3fff38ed245ecc051e3ae9e8676,http://data.europa.eu/esco/skill/93aaf65c-5aad-4e6f-a7ba-ce9bf7c0e6e6,essential,knowledge
http://data.europa.eu/esco/occupation/custom-5a5ab3fff38ed245ecc051e3ae9e8676,http://data.europa.eu/esco/skill/979cf728-896f-4f2c-8fa8-2698ca0d4930,essential,skill/competence
http://data.europa.eu/esco/occupation/custom-5a5ab3fff38ed245ecc051e3ae9e8676,http://data.europa.eu/esco/skill/988f4ac3-a37c-4b0a-a40f-4e0e56b5919e,essential,skill/competence
http://data.europa.eu/esco/occupation/custom-5a5ab3fff38ed245ecc051e3ae9e8676,http://data.europa.eu/esco/skill/98a1dec3-8138-4f46-a596-5e2a83b884b9,optional,knowledge
http://data.europa.eu/esco/occupation/custom-5a5ab3fff38ed245ecc051e3ae9e8676,http://data.europa.eu/esco/skill/99207709-d076-4cce-ba38-e90d3bb28806,essential,knowledge
http://data.europa.eu/esco/occupation/custom-5a5ab3fff38ed245ecc051e3ae9e8676,http://data.europa.eu/esco/skill/9a58cd26-58eb-4a1c-b1b6-64037fe9cfa1,essential,skill/competence
http://data.europa.eu/esco/occupation/custom-5a5ab3fff38ed245ecc051e3ae9e8676,http://data.europa.eu/esco/skill/9cf681c7-89ec-470c-b651-7fe03786f586,essential,knowledge
http://data.europa.eu/esco/occupation/custom-5a5ab3fff38ed245ecc051e3ae9e8676,http://data.europa.eu/esco/skill/9fc400ac-8ed2-4aff-915f-aa4f2609ec7b,optional,knowledge
http://data.europa.eu/esco/occupation/custom-5a5ab3fff38ed245ecc051e3ae9e8676,http://data.europa.eu/esco/skill/9ff9db9d-d14b-426e-83f3-e7449af6c79f,optional,skill/competence
http://data.europa.eu/esco/occupation/custom-5a5ab3fff38ed245ecc051e3ae9e8676,http://data.europa.eu/esco/skill/a1eef0f4-133f-464a-a8f1-68fe3e8cc1b4,optional,knowledge
http://data.europa.eu/esco/occupation/custom-5a5ab3fff38ed245ecc051e3ae9e8676,http://data.europa.eu/esco/skill/a57a54b6-2f2e-43e4-9621-b52f4a63cb08,optional,knowledge
http://data.europa.eu/esco/occupation/custom-5a5ab3fff38ed245ecc051e3ae9e8676,http://data.europa.eu/esco/skill/a584a638-a2c0-4b3c-bdf3-a64f87225be9,essential,skill/competence
http://data.europa.eu/esco/occupation/custom-5a5ab3fff38ed245ecc051e3ae9e8676,http://data.europa.eu/esco/skill/a80fb090-63f4-4b05-83a5-2f090deb7757,essential,skill/competence
http://data.europa.eu/esco/occupation/custom-5a5ab3fff38ed245ecc051e3ae9e8676,http://data.europa.eu/esco/skill/a8d24a95-47b3-4f88-92e7-06600bcd3612,essential,skill/competence
http://data.europa.eu/esco/occupation/custom-5a5ab3fff38ed245ecc051e3ae9e8676,http://data.europa.eu/esco/skill/b0a3bb25-a02f-43ed-ab1f-994fa66a424a,essential,knowledge
http://data.europa.eu/esco/occupation/custom-5a5ab3fff38ed245ecc051e3ae9e8676,http://data.europa.eu/esco/skill/b363bb5f-2c79-40af-94da-33e06f9dee9f,optional,skill/competence
http://data.europa.eu/esco/occupation/custom-5a5ab3fff38ed245ecc051e3ae9e8676,http://data.europa.eu/esco/skill/be20d05c-f6b4-4580-9fcf-f00f4baab562,optional,skill/competence
http://data.europa.eu/esco/occupation/custom-5a5ab3fff38ed245ecc051e3ae9e8676,http://data.europa.eu/esco/skill/c3c2420c-ce9a-4371-8eed-1db479c3a562,essential,skill/competence
http://data.europa.eu/esco/occupation/custom-5a5ab3fff38ed245ecc051e3ae9e8676,http://data.europa.eu/esco/skill/c3e36d05-8ae8-447f-bb2b-6f9409f85389,essential,skill/competence
http://data.europa.eu/esco/occupation/custom-5a5ab3fff38ed245ecc051e3ae9e8676,http://data.europa.eu/esco/skill/c544a9f3-5945-4b54-afed-de0697852817,essential,skill/competence
http://data.europa.eu/esco/occupation/custom-5a5ab3fff38ed245ecc051e3ae9e8676,http://data.europa.eu/esco/skill/c5e8abde-d2ba-4e8e-a65e-720b71180666,optional,knowledge
http://data.europa.eu/esco/occupation/custom-5a5ab3fff38ed245ecc051e3ae9e8676,http://data.europa.eu/esco/skill/c7d24594-0c11-4b27-9039-fe0bb903da8e,optional,knowledge
http://data.europa.eu/esco/occupation/custom-5a5ab3fff38ed245ecc051e3ae9e8676,http://data.europa.eu/esco/skill/cc61f9e5-d4fc-470e-8606-1ce865ff8386,essential,skill/competence
http://data.europa.eu/esco/occupation/custom-5a5ab3fff38ed245ecc051e3ae9e8676,http://data.europa.eu/esco/skill/cc7370dd-69fa-4c67-a96f-d4d135d38700,optional,knowledge
http://data.europa.eu/esco/occupation/custom-5a5ab3fff38ed245ecc051e3ae9e8676,http://data.europa.eu/esco/skill/cd50d616-1f8b-481e-983f-68d2674ff82d,essential,skill/competence
http://data.europa.eu/esco/occupation/custom-5a5ab3fff38ed245ecc051e3ae9e8676,http://data.europa.eu/esco/skill/cd5efa8c-e44d-4cbc-91c6-796018dbed68,essential,skill/competence
http://data.europa.eu/esco/occupation/custom-5a5ab3fff38ed245ecc051e3ae9e8676,http://data.europa.eu/esco/skill/d38871eb-b988-495e-8fca-345677b597a8,optional,knowledge
http://data.europa.eu/esco/occupation/custom-5a5ab3fff38ed245ecc051e3ae9e8676,http://data.europa.eu/esco/skill/da930e2f-6047-4616-a598-bba8ecef3039,essential,skill/competence
http://data.europa.eu/esco/occupation/custom-5a5ab3fff38ed245ecc051e3ae9e8676,http://data.europa.eu/esco/skill/e46291c7-52b9-4174-bd59-178884861038,optional,knowledge
http://data.europa.eu/esco/occupation/custom-5a5ab3fff38ed245ecc051e3ae9e8676,http://data.europa.eu/esco/skill/e464363b-8346-421d-9035-52118b76d8c8,optional,knowledge
http://data.europa.eu/esco/occupation/custom-5a5ab3fff38ed245ecc051e3ae9e8676,http://data.europa.eu/esco/skill/e9575f7f-053a-439e-8074-f93df3334e92,essential,knowledge
http://data.europa.eu/esco/occupation/custom-5a5ab3fff38ed245ecc051e3ae9e8676,http://data.europa.eu/esco/skill/edebd83d-35f6-4ed5-a940-6c203d178c01,essential,knowledge
http://data.europa.eu/esco/occupation/custom-5a5ab3fff38ed245ecc051e3ae9e8676,http://data.europa.eu/esco/skill/f597f772-24d3-4cec-813c-cf5a7027c794,optional,knowledge
http://data.europa.eu/esco/occupation/custom-5a5ab3fff38ed245ecc051e3ae9e8676,http://data.europa.eu/esco/skill/f6ac6241-adb2-4ce2-b35f-09832cbb11ea,essential,knowledge
http://data.europa.eu/esco/occupation/custom-5a5ab3fff38ed245ecc051e3ae9e8676,http://data.europa.eu/esco/skill/f715be1d-5fc4-49d3-82a5-0b8090d12849,essential,skill/competence
http://data.europa.eu/esco/occupation/custom-5a5ab3fff38ed245ecc051e3ae9e8676,http://data.europa.eu/esco/skill/f7b071bf-4882-4cfc-ae0a-7e0e0ab94c61,essential,skill/competence
http://data.europa.eu/esco/occupation/custom-5a5ab3fff38ed245ecc051e3ae9e8676,http://data.europa.eu/esco/skill/f9670490-8aa4-4540-b121-d440a8294aab,essential,skill/competence
http://data.europa.eu/esco/occupation/custom-5a5ab3fff38ed245ecc051e3ae9e8676,http://data.europa.eu/esco/skill/fa642fc3-5cc5-41cf-8926-6617a8b976a7,essential,skill/competence
http://data.europa.eu/esco/occupation/custom-5a5ab3fff38ed245ecc051e3ae9e8676,http://data.europa.eu/esco/skill/fbafa41f-cd05-4109-a649-8b44d306d779,optional,skill/competence
http://data.europa.eu/esco/occupation/custom-5a5ab3fff38ed245ecc051e3ae9e8676,http://data.europa.eu/esco/skill/fecf8a0d-62c4-4e71-9b03-0f4fc2ad7bf5,essential,knowledge
http://data.europa.eu/esco/occupation/custom-5a5ab3fff38ed245ecc051e3ae9e8676,http://data.europa.eu/esco/skill/ff64e9fc-36dd-4035-872a-83aa41dc1ad9,essential,skill/competence
http://data.europa.eu/esco/occupation/custom-5a70f8a656464cdc3325d3b280646733,http://data.europa.eu/esco/skill/000f1d3d-220f-4789-9c0a-cc742521fb02,optional,knowledge
http://data.europa.eu/esco/occupation/custom-5a70f8a656464cdc3325d3b280646733,http://data.europa.eu/esco/skill/034c29fa-c3ba-45ea-b8f3-bf8e3705e386,optional,knowledge
http://data.europa.eu/esco/occupation/custom-5a70f8a656464cdc3325d3b280646733,http://data.europa.eu/esco/skill/03a74eee-2dc6-4147-8667-5cdeb65f122d,optional,skill/competence
http://data.europa.eu/esco/occupation/custom-5a70f8a656464cdc3325d3b280646733,http://data.europa.eu/esco/skill/03ff0d53-573a-47a0-a0ad-1995815a4339,essential,knowledge
http://data.europa.eu/esco/occupation/custom-5a70f8a656464cdc3325d3b280646733,http://data.europa.eu/esco/skill/04f1b938-d4d4-4cb1-a863-982af76b9d93,optional,knowledge
http://data.europa.eu/esco/occupation/custom-5a70f8a656464cdc3325d3b280646733,http://data.europa.eu/esco/skill/0823ccef-813f-4f22-afef-ac0d68615e8f,essential,knowledge
http://data.europa.eu/esco/occupation/custom-5a70f8a656464cdc3325d3b280646733,http://data.europa.eu/esco/skill/09f2f811-a3fb-4de3-a70f-6420a6935575,essential,knowledge
http://data.europa.eu/esco/occupation/custom-5a70f8a656464cdc3325d3b280646733,http://data.europa.eu/esco/skill/0a9acb6b-1139-4be9-b431-3a80a959f2f4,optional,knowledge
http://data.europa.eu/esco/occupation/custom-5a70f8a656464cdc3325d3b280646733,http://data.europa.eu/esco/skill/0ccdfe98-f845-4598-84a1-3dca66e9d9a3,optional,knowledge
http://data.europa.eu/esco/occupation/custom-5a70f8a656464cdc3325d3b280646733,http://data.europa.eu/esco/skill/0cd6dcf1-5778-42a5-b685-4d01ae4a4871,optional,knowledge
http://data.europa.eu/esco/occupation/custom-5a70f8a656464cdc3325d3b280646733,http://data.europa.eu/esco/skill/0dc7aa1b-b5af-4f4b-81ce-ee22ed8b6926,optional,skill/competence
http://data.europa.eu/esco/occupation/custom-5a70f8a656464cdc3325d3b280646733,http://data.europa.eu/esco/skill/0de61385-de6d-4146-ba32-1cc1bc102220,optional,knowledge
http://data.europa.eu/esco/occupation/custom-5a70f8a656464cdc3325d3b280646733,http://data.europa.eu/esco/skill/13bdd41a-2a18-441f-96db-41252c519413,optional,knowledge
http://data.europa.eu/esco/occupation/custom-5a70f8a656464cdc3325d3b280646733,http://data.europa.eu/esco/skill/143769cb-b61e-47d8-a61e-eedfbec1016c,optional,knowledge
http://data.europa.eu/esco/occupation/custom-5a70f8a656464cdc3325d3b280646733,http://data.europa.eu/esco/skill/19a8293b-8e95-4de3-983f-77484079c389,optional,knowledge
http://data.europa.eu/esco/occupation/custom-5a70f8a656464cdc3325d3b280646733,http://data.europa.eu/esco/skill/1a4cc54f-1e53-442b-a6d2-1682dc8ef8f9,essential,skill/competence
http://data.europa.eu/esco/occupation/custom-5a70f8a656464cdc3325d3b280646733,http://data.europa.eu/esco/skill/1b70a55d-b8a4-49fc-96c6-15ab4cff2522,essential,skill/competence
http://data.europa.eu/esco/occupation/custom-5a70f8a656464cdc3325d3b280646733,http://data.europa.eu/esco/skill/1bba98a7-92b9-450b-9235-e0c905f8f3c4,essential,knowledge
http://data.europa.eu/esco/occupation/custom-5a70f8a656464cdc3325d3b280646733,http://data.europa.eu/esco/skill/21d2f96d-35f7-4e3f-9745-c533d2dd6e97,essential,knowledge
http://data.europa.eu/esco/occupation/custom-5a70f8a656464cdc3325d3b280646733,http://data.europa.eu/esco/skill/25f0ea33-b4a2-4f31-b7b4-7d20e827b180,essential,knowledge
http://data.europa.eu/esco/occupation/custom-5a70f8a656464cdc3325d3b280646733,http://data.europa.eu/esco/skill/2bde42ae-e776-41c1-9ded-b07b30bfe985,optional,knowledge
http://data.europa.eu/esco/occupation/custom-5a70f8a656464cdc3325d3b280646733,http://data.europa.eu/esco/skill/2c28fc20-8a60-4311-8899-5ef8729c05b3,essential,skill/competence
http://data.europa.eu/esco/occupation/custom-5a70f8a656464cdc3325d3b280646733,http://data.europa.eu/esco/skill/300d432b-f457-4cd3-9cb1-1858c7d14954,optional,knowledge
http://data.europa.eu/esco/occupation/custom-5a70f8a656464cdc3325d3b280646733,http://data.europa.eu/esco/skill/348b74cd-49ce-4844-8bdf-ec188b497213,essential,knowledge
http://data.europa.eu/esco/occupation/custom-5a70f8a656464cdc3325d3b280646733,http://data.europa.eu/esco/skill/38d49d88-9069-467b-b29e-3cae739bdd4d,optional,skill/competence
http://data.europa.eu/esco/occupation/custom-5a70f8a656464cdc3325d3b280646733,http://data.europa.eu/esco/skill/3cd569a2-4f88-4c1e-9995-8dce8c5e51a7,optional,knowledge
http://data.europa.eu/esco/occupation/custom-5a70f8a656464cdc3325d3b280646733,http://data.europa.eu/esco/skill/3e2ab38a-4519-4bef-b762-a8bf4836a775,optional,skill/competence
http://data.europa.eu/esco/occupation/custom-5a70f8a656464cdc3325d3b280646733,http://data.europa.eu/esco/skill/401eb8d8-6daa-4f8b-90ad-60afc71eb4f8,optional,knowledge
http://data.europa.eu/esco/occupation/custom-5a70f8a656464cdc3325d3b280646733,http://data.europa.eu/esco/skill/41bf7ede-fc84-4a57-8c89-b548d11b0ba1,optional,skill/competence
http://data.europa.eu/esco/occupation/custom-5a70f8a656464cdc3325d3b280646733,http://data.europa.eu/esco/skill/42ed3bfb-1a01-4c8b-9758-fc6438865734,optional,knowledge
http://data.europa.eu/esco/occupation/custom-5a70f8a656464cdc3325d3b280646733,http://data.europa.eu/esco/skill/4350c38d-0fe9-4ca7-bab9-40ed7f72b04f,optional,knowledge
http://data.europa.eu/esco/occupation/custom-5a70f8a656464cdc3325d3b280646733,http://data.europa.eu/esco/skill/47a49cd6-097d-457a-9f7b-c290c14930d5,essential,skill/competence
http://data.europa.eu/esco/occupation/custom-5a70f8a656464cdc3325d3b280646733,http://data.europa.eu/esco/skill/47b9bbcf-356c-4782-83a4-7f5a1b2b51a3,optional,knowledge
http://data.europa.eu/esco/occupation/custom-5a70f8a656464cdc3325d3b280646733,http://data.europa.eu/esco/skill/4c016b68-4116-468c-9dc6-42710c239e4a,optional,knowledge
http://data.europa.eu/esco/occupation/custom-5a70f8a656464cdc3325d3b280646733,http://data.europa.eu/esco/skill/4d30ad07-9e39-4899-81dd-02b280f162f9,optional,skill/competence
http://data.europa.eu/esco/occupation/custom-5a70f8a656464cdc3325d3b280646733,http://data.europa.eu/esco/skill/505e4ef3-7ce4-437d-b7b4-5c608f71c258,optional,skill/competence
http://data.europa.eu/esco/occupation/custom-5a70f8a656464cdc3325d3b280646733,http://data.europa.eu/esco/skill/51586df8-1c46-4b47-8583-773cb63bf00b,optional,knowledge
http://data.europa.eu/esco/occupation/custom-5a70f8a656464cdc3325d3b280646733,http://data.europa.eu/esco/skill/52cf3037-ab53-4806-85ed-7fd21ea7f6a1,optional,knowledge
http://data.europa.eu/esco/occupation/custom-5a70f8a656464cdc3325d3b280646733,http://data.europa.eu/esco/skill/54924a2c-daca-40d3-9716-4b38ceb04f38,essential,knowledge
http://data.europa.eu/esco/occupation/custom-5a70f8a656464cdc3325d3b280646733,http://data.europa.eu/esco/skill/553ad092-b799-44c9-a94c-65a84fdc7526,optional,skill/competence
http://data.europa.eu/esco/occupation/custom-5a70f8a656464cdc3325d3b280646733,http://data.europa.eu/esco/skill/5608d5a0-6d5e-43b7-be37-616501729bb4,essential,knowledge
http://data.europa.eu/esco/occupation/custom-5a70f8a656464cdc3325d3b280646733,http://data.europa.eu/esco/skill/5da8018b-ae85-4cde-ad93-0394369018f3,optional,knowledge
http://data.europa.eu/esco/occupation/custom-5a70f8a656464cdc3325d3b280646733,http://data.europa.eu/esco/skill/629685b8-5f9e-4522-8cff-b3e2c4ec625a,essential,
http://data.europa.eu/esco/occupation/custom-5a70f8a656464cdc3325d3b280646733,http://data.europa.eu/esco/skill/696e3b5b-8b61-45af-ae4c-3ab700f197ec,essential,knowledge
http://data.europa.eu/esco/occupation/custom-5a70f8a656464cdc3325d3b280646733,http://data.europa.eu/esco/skill/6c08403c-a5bb-4868-b8c2-b7d039c0e511,optional,skill/competence
http://data.europa.eu/esco/occupation/custom-5a70f8a656464cdc3325d3b280646733,http://data.europa.eu/esco/skill/726abd5a-d23c-44b9-abb0-f22bbe95f1d3,optional,knowledge
http://data.europa.eu/esco/occupation/custom-5a70f8a656464cdc3325d3b280646733,http://data.europa.eu/esco/skill/7482a123-e801-48de-9733-262125671410,essential,knowledge
http://data.europa.eu/esco/occupation/custom-5a70f8a656464cdc3325d3b280646733,http://data.europa.eu/esco/skill/7b0d5000-00da-4864-b776-6de49a87a669,optional,knowledge
http://data.europa.eu/esco/occupation/custom-5a70f8a656464cdc3325d3b280646733,http://data.europa.eu/esco/skill/8369c2d6-c100-4cf6-bd83-9668d8678433,optional,skill/competence
http://data.europa.eu/esco/occupation/custom-5a70f8a656464cdc3325d3b280646733,http://data.europa.eu/esco/skill/8369ede5-4200-4a44-be2e-bc60ef959259,optional,knowledge
http://data.europa.eu/esco/occupation/custom-5a70f8a656464cdc3325d3b280646733,http://data.europa.eu/esco/skill/867137fb-ff1b-4ca3-99f3-cb6969aa2c68,optional,knowledge
http://data.europa.eu/esco/occupation/custom-5a70f8a656464cdc3325d3b280646733,http://data.europa.eu/esco/skill/8c4c49d4-9708-433f-8ca7-bf2c5211ee49,essential,skill/competence
http://data.europa.eu/esco/occupation/custom-5a70f8a656464cdc3325d3b280646733,http://data.europa.eu/esco/skill/906323f4-00c4-4c3b-ab5a-8af77be3456e,essential,skill/competence
http://data.europa.eu/esco/occupation/custom-5a70f8a656464cdc3325d3b280646733,http://data.europa.eu/esco/skill/93aaf65c-5aad-4e6f-a7ba-ce9bf7c0e6e6,essential,knowledge
http://data.europa.eu/esco/occupation/custom-5a70f8a656464cdc3325d3b280646733,http://data.europa.eu/esco/skill/98301d4a-2cc3-439d-8d7f-0b6ac76302bb,essential,knowledge
http://data.europa.eu/esco/occupation/custom-5a70f8a656464cdc3325d3b280646733,http://data.europa.eu/esco/skill/98a1dec3-8138-4f46-a596-5e2a83b884b9,optional,knowledge
http://data.europa.eu/esco/occupation/custom-5a70f8a656464cdc3325d3b280646733,http://data.europa.eu/esco/skill/99207709-d076-4cce-ba38-e90d3bb28806,essential,knowledge
http://data.europa.eu/esco/occupation/custom-5a70f8a656464cdc3325d3b280646733,http://data.europa.eu/esco/skill/993b1e23-f2de-4bd8-b33f-f86dde1c8e9d,optional,knowledge
http://data.europa.eu/esco/occupation/custom-5a70f8a656464cdc3325d3b280646733,http://data.europa.eu/esco/skill/9973a5a2-7822-4161-99e9-95c781eb63f8,optional,knowledge
http://data.europa.eu/esco/occupation/custom-5a70f8a656464cdc3325d3b280646733,http://data.europa.eu/esco/skill/9ef0f3a0-9ce2-4ef1-a987-0366b5cb2dbe,optional,knowledge
http://data.europa.eu/esco/occupation/custom-5a70f8a656464cdc3325d3b280646733,http://data.europa.eu/esco/skill/a4d336a6-9ffd-402a-91cc-f359716ba4e0,optional,knowledge
http://data.europa.eu/esco/occupation/custom-5a70f8a656464cdc3325d3b280646733,http://data.europa.eu/esco/skill/b0096dc5-2e2d-4bc1-8172-05bf486c3968,optional,skill/competence
http://data.europa.eu/esco/occupation/custom-5a70f8a656464cdc3325d3b280646733,http://data.europa.eu/esco/skill/b04f377b-ee80-4b38-aca1-19d266a23b17,essential,skill/competence
http://data.europa.eu/esco/occupation/custom-5a70f8a656464cdc3325d3b280646733,http://data.europa.eu/esco/skill/b633eb55-8f1f-4ae6-ab4c-2022ffe2cb7f,optional,knowledge
http://data.europa.eu/esco/occupation/custom-5a70f8a656464cdc3325d3b280646733,http://data.europa.eu/esco/skill/bb165899-d95f-4433-95f2-173fefd716d2,essential,skill/competence
http://data.europa.eu/esco/occupation/custom-5a70f8a656464cdc3325d3b280646733,http://data.europa.eu/esco/skill/bb99af26-71ff-4dca-bde7-1eb1f6194426,optional,knowledge
http://data.europa.eu/esco/occupation/custom-5a70f8a656464cdc3325d3b280646733,http://data.europa.eu/esco/skill/be80acfc-b6f2-4411-9b8d-b19d9cd2556a,optional,knowledge
http://data.europa.eu/esco/occupation/custom-5a70f8a656464cdc3325d3b280646733,http://data.europa.eu/esco/skill/bec4359e-cb92-468f-a997-8fb28e32fba9,optional,knowledge
http://data.europa.eu/esco/occupation/custom-5a70f8a656464cdc3325d3b280646733,http://data.europa.eu/esco/skill/c3a03c5a-c260-4c26-9b9a-873abb396f4d,optional,knowledge
http://data.europa.eu/esco/occupation/custom-5a70f8a656464cdc3325d3b280646733,http://data.europa.eu/esco/skill/c3e36d05-8ae8-447f-bb2b-6f9409f85389,essential,skill/competence
http://data.europa.eu/esco/occupation/custom-5a70f8a656464cdc3325d3b280646733,http://data.europa.eu/esco/skill/c5e8abde-d2ba-4e8e-a65e-720b71180666,essential,knowledge
http://data.europa.eu/esco/occupation/custom-5a70f8a656464cdc3325d3b280646733,http://data.europa.eu/esco/skill/c7d24594-0c11-4b27-9039-fe0bb903da8e,optional,knowledge
http://data.europa.eu/esco/occupation/custom-5a70f8a656464cdc3325d3b280646733,http://data.europa.eu/esco/skill/cbe2c304-1e7d-489a-97d9-a7d3e37a9db6,essential,skill/competence
http://data.europa.eu/esco/occupation/custom-5a70f8a656464cdc3325d3b280646733,http://data.europa.eu/esco/skill/ccd0a1d9-afda-43d9-b901-96344886e14d,essential,knowledge
http://data.europa.eu/esco/occupation/custom-5a70f8a656464cdc3325d3b280646733,http://data.europa.eu/esco/skill/d56fc2b5-4b0a-4e7e-9bde-a33736f6ff18,optional,knowledge
http://data.europa.eu/esco/occupation/custom-5a70f8a656464cdc3325d3b280646733,http://data.europa.eu/esco/skill/d5a59ca8-2e91-472e-8571-d12ce4478679,optional,knowledge
http://data.europa.eu/esco/occupation/custom-5a70f8a656464cdc3325d3b280646733,http://data.europa.eu/esco/skill/d9e5349e-8791-49c2-8ba4-839fdd1606c2,essential,skill/competence
http://data.europa.eu/esco/occupation/custom-5a70f8a656464cdc3325d3b280646733,http://data.europa.eu/esco/skill/da6393d5-a53c-4863-abc7-51f36281d74e,optional,knowledge
http://data.europa.eu/esco/occupation/custom-5a70f8a656464cdc3325d3b280646733,http://data.europa.eu/esco/skill/dc72ad0a-c5dc-4abd-bc0d-ca43e82162e1,optional,skill/competence
http://data.europa.eu/esco/occupation/custom-5a70f8a656464cdc3325d3b280646733,http://data.europa.eu/esco/skill/dcdd5ddf-82a6-4ac3-8edc-d4b23cae9a88,optional,knowledge
http://data.europa.eu/esco/occupation/custom-5a70f8a656464cdc3325d3b280646733,http://data.europa.eu/esco/skill/def007fa-5fed-4a5f-91a2-b0d7e3db1be1,optional,knowledge
http://data.europa.eu/esco/occupation/custom-5a70f8a656464cdc3325d3b280646733,http://data.europa.eu/esco/skill/e465a154-93f7-4973-9ce1-31659fe16dd2,essential,knowledge
http://data.europa.eu/esco/occupation/custom-5a70f8a656464cdc3325d3b280646733,http://data.europa.eu/esco/skill/e8b89eb6-51e8-4c3a-babb-88b2e110376b,optional,knowledge
http://data.europa.eu/esco/occupation/custom-5a70f8a656464cdc3325d3b280646733,http://data.europa.eu/esco/skill/ecc4552a-92c5-4222-b18d-faf5ac841080,optional,knowledge
http://data.europa.eu/esco/occupation/custom-5a70f8a656464cdc3325d3b280646733,http://data.europa.eu/esco/skill/edebd83d-35f6-4ed5-a940-6c203d178c01,essential,knowledge
http://data.europa.eu/esco/occupation/custom-5a70f8a656464cdc3325d3b280646733,http://data.europa.eu/esco/skill/f597f772-24d3-4cec-813c-cf5a7027c794,optional,knowledge
http://data.europa.eu/esco/occupation/custom-5a70f8a656464cdc3325d3b280646733,http://data.europa.eu/esco/skill/fda917eb-0d6a-4371-8c93-2a10bf950966,optional,skill/competence
http://data.europa.eu/esco/occupation/custom-5a70f8a656464cdc3325d3b280646733,http://data.europa.eu/esco/skill/fecf8a0d-62c4-4e71-9b03-0f4fc2ad7bf5,essential,knowledge
http://data.europa.eu/esco/occupation/custom-5a70f8a656464cdc3325d3b280646733,http://data.europa.eu/esco/skill/ffddfc7c-a9dd-449f-9e96-882dc447c8b6,optional,knowledge
http://data.europa.eu/esco/occupation/custom-652f499181e66b1d08f66519850ae31c,http://data.europa.eu/esco/skill/00c04e40-35ea-4ed1-824c-82f936c8f876,optional,knowledge
http://data.europa.eu/esco/occupation/custom-652f499181e66b1d08f66519850ae31c,http://data.europa.eu/esco/skill/062320e5-79d1-45e8-8b7e-5deeb53279a2,optional,skill/competence
http://data.europa.eu/esco/occupation/custom-652f499181e66b1d08f66519850ae31c,http://data.europa.eu/esco/skill/09f2f811-a3fb-4de3-a70f-6420a6935575,essential,knowledge
http://data.europa.eu/esco/occupation/custom-652f499181e66b1d08f66519850ae31c,http://data.europa.eu/esco/skill/0dc7aa1b-b5af-4f4b-81ce-ee22ed8b6926,essential,skill/competence
http://data.europa.eu/esco/occupation/custom-652f499181e66b1d08f66519850ae31c,http://data.europa.eu/esco/skill/0e1fe34b-f4e7-4642-8c8b-5a05ac3438e5,essential,skill/competence
http://data.europa.eu/esco/occupation/custom-652f499181e66b1d08f66519850ae31c,http://data.europa.eu/esco/skill/17c9a790-5664-4673-8237-c4cf3c5a8da5,essential,skill/competence
http://data.europa.eu/esco/occupation/custom-652f499181e66b1d08f66519850ae31c,http://data.europa.eu/esco/skill/1dd23dba-dd00-45ab-abf4-642902538317,essential,skill/competence
http://data.europa.eu/esco/occupation/custom-652f499181e66b1d08f66519850ae31c,http://data.europa.eu/esco/skill/21c5790c-0930-4d74-b3b0-84caf5af12ea,essential,skill/competence
http://data.europa.eu/esco/occupation/custom-652f499181e66b1d08f66519850ae31c,http://data.europa.eu/esco/skill/21fecc8a-392e-49ce-ac26-fb0696ccfead,essential,skill/competence
http://data.europa.eu/esco/occupation/custom-652f499181e66b1d08f66519850ae31c,http://data.europa.eu/esco/skill/248894d1-42dc-474f-af6e-2da52ac0c679,essential,skill/competence
http://data.europa.eu/esco/occupation/custom-652f499181e66b1d08f66519850ae31c,http://data.europa.eu/esco/skill/29fb886c-6be0-4e93-9ea1-232881f2092a,essential,skill/competence
http://data.europa.eu/esco/occupation/custom-652f499181e66b1d08f66519850ae31c,http://data.europa.eu/esco/skill/2fb8480e-de3c-462b-b169-e8bbb344da68,optional,knowledge
http://data.europa.eu/esco/occupation/custom-652f499181e66b1d08f66519850ae31c,http://data.europa.eu/esco/skill/33d49d4f-31ec-473f-9b8a-b555aa5116bb,optional,knowledge
http://data.europa.eu/esco/occupation/custom-652f499181e66b1d08f66519850ae31c,http://data.europa.eu/esco/skill/3497ebe1-d417-4105-a68f-f7bbcac7ee5f,essential,knowledge
http://data.europa.eu/esco/occupation/custom-652f499181e66b1d08f66519850ae31c,http://data.europa.eu/esco/skill/397da142-ab35-48fe-b154-7c38f447adfb,optional,knowledge
http://data.europa.eu/esco/occupation/custom-652f499181e66b1d08f66519850ae31c,http://data.europa.eu/esco/skill/3be6b84a-fa78-42b9-a8df-150cdb40b9d7,optional,knowledge
http://data.europa.eu/esco/occupation/custom-652f499181e66b1d08f66519850ae31c,http://data.europa.eu/esco/skill/4840338b-ac6c-486a-be1d-9ddfe00b8bdf,optional,knowledge
http://data.europa.eu/esco/occupation/custom-652f499181e66b1d08f66519850ae31c,http://data.europa.eu/esco/skill/48b68726-0fd6-4e03-a5eb-82236516ee7a,essential,skill/competence
http://data.europa.eu/esco/occupation/custom-652f499181e66b1d08f66519850ae31c,http://data.europa.eu/esco/skill/628664ec-a63b-4486-8d65-02aba81c82a0,optional,knowledge
http://data.europa.eu/esco/occupation/custom-652f499181e66b1d08f66519850ae31c,http://data.europa.eu/esco/skill/63f0aa84-5e4c-4eb6-8e8c-876d9feedf1f,optional,knowledge
http://data.europa.eu/esco/occupation/custom-652f499181e66b1d08f66519850ae31c,http://data.europa.eu/esco/skill/67a118f4-8a5f-48f7-8e5f-de34b9ca2c37,optional,knowledge
http://data.europa.eu/esco/occupation/custom-652f499181e66b1d08f66519850ae31c,http://data.europa.eu/esco/skill/6a876489-7ad8-4a13-b09c-c9b8e97a302e,optional,knowledge
http://data.europa.eu/esco/occupation/custom-652f499181e66b1d08f66519850ae31c,http://data.europa.eu/esco/skill/72a74f69-5cf1-43c5-99b9-62a444578919,optional,knowledge
http://data.europa.eu/esco/occupation/custom-652f499181e66b1d08f66519850ae31c,http://data.europa.eu/esco/skill/7814e88f-c133-4c3b-b27f-857afa145d42,optional,knowledge
http://data.europa.eu/esco/occupation/custom-652f499181e66b1d08f66519850ae31c,http://data.europa.eu/esco/skill/7a17d7ce-01a2-4746-bbcc-22ffe22fa16e,essential,skill/competence
http://data.europa.eu/esco/occupation/custom-652f499181e66b1d08f66519850ae31c,http://data.europa.eu/esco/skill/7d35602d-bc94-4975-aa7c-f4e8e05ce8e0,essential,knowledge
http://data.europa.eu/esco/occupation/custom-652f499181e66b1d08f66519850ae31c,http://data.europa.eu/esco/skill/83218cac-3599-417e-93d2-26013cdccd98,optional,knowledge
http://data.europa.eu/esco/occupation/custom-652f499181e66b1d08f66519850ae31c,http://data.europa.eu/esco/skill/8d4271ca-c9fd-40b3-875f-15f78332a49e,optional,knowledge
http://data.europa.eu/esco/occupation/custom-652f499181e66b1d08f66519850ae31c,http://data.europa.eu/esco/skill/8ff015a0-98ea-4d80-a23e-1f68110a919e,optional,knowledge
http://data.europa.eu/esco/occupation/custom-652f499181e66b1d08f66519850ae31c,http://data.europa.eu/esco/skill/92721092-fe7c-4689-96bd-4f02385bc0e7,essential,skill/competence
http://data.europa.eu/esco/occupation/custom-652f499181e66b1d08f66519850ae31c,http://data.europa.eu/esco/skill/94dd823c-148e-4614-a6e8-99249b16357d,optional,knowledge
http://data.europa.eu/esco/occupation/custom-652f499181e66b1d08f66519850ae31c,http://data.europa.eu/esco/skill/96eb286a-58b7-45ff-a916-5578d0b79b8c,optional,knowledge
http://data.europa.eu/esco/occupation/custom-652f499181e66b1d08f66519850ae31c,http://data.europa.eu/esco/skill/98301d4a-2cc3-439d-8d7f-0b6ac76302bb,optional,knowledge
http://data.europa.eu/esco/occupation/custom-652f499181e66b1d08f66519850ae31c,http://data.europa.eu/esco/skill/9ce670ec-318c-4a91-9179-03437db728dc,essential,knowledge
http://data.europa.eu/esco/occupation/custom-652f499181e66b1d08f66519850ae31c,http://data.europa.eu/esco/skill/a8797f21-1af0-4c5e-98ca-bf1442929363,optional,skill/competence
http://data.europa.eu/esco/occupation/custom-652f499181e66b1d08f66519850ae31c,http://data.europa.eu/esco/skill/a9bf8565-8a09-4118-9922-932d65a79d69,optional,skill/competence
http://data.europa.eu/esco/occupation/custom-652f499181e66b1d08f66519850ae31c,http://data.europa.eu/esco/skill/aba1f05b-f312-47d8-be71-7c574134de8f,essential,knowledge
http://data.europa.eu/esco/occupation/custom-652f499181e66b1d08f66519850ae31c,http://data.europa.eu/esco/skill/b16200f4-4f39-4b8b-aa9d-3568054d6bdb,optional,knowledge
http://data.europa.eu/esco/occupation/custom-652f499181e66b1d08f66519850ae31c,http://data.europa.eu/esco/skill/ba1b0441-a6b8-4e57-8ccc-871012f63e42,optional,knowledge
http://data.europa.eu/esco/occupation/custom-652f499181e66b1d08f66519850ae31c,http://data.europa.eu/esco/skill/ca73ac82-867a-4afa-9732-834aebe896ff,essential,knowledge
http://data.europa.eu/esco/occupation/custom-652f499181e66b1d08f66519850ae31c,http://data.europa.eu/esco/skill/d0c6d77e-cb25-4770-bf77-2073fc5f7523,essential,knowledge
http://data.europa.eu/esco/occupation/custom-652f499181e66b1d08f66519850ae31c,http://data.europa.eu/esco/skill/d15ba5cb-9212-4a90-85af-2c560da59925,essential,skill/competence
http://data.europa.eu/esco/occupation/custom-652f499181e66b1d08f66519850ae31c,http://data.europa.eu/esco/skill/d6d3fee7-47e2-47f4-a0ec-6c75f28c6abd,essential,knowledge
http://data.europa.eu/esco/occupation/custom-652f499181e66b1d08f66519850ae31c,http://data.europa.eu/esco/skill/d9e5349e-8791-49c2-8ba4-839fdd1606c2,essential,skill/competence
http://data.europa.eu/esco/occupation/custom-652f499181e66b1d08f66519850ae31c,http://data.europa.eu/esco/skill/dba46f87-0831-49cd-a1c7-340a653c0221,optional,knowledge
http://data.europa.eu/esco/occupation/custom-652f499181e66b1d08f66519850ae31c,http://data.europa.eu/esco/skill/e5609f89-0daf-40bb-bd6b-94f5d7498131,essential,knowledge
http://data.europa.eu/esco/occupation/custom-652f499181e66b1d08f66519850ae31c,http://data.europa.eu/esco/skill/ed1d8bd4-cd2a-4c64-b665-56d70651026c,optional,knowledge
http://data.europa.eu/esco/occupation/custom-652f499181e66b1d08f66519850ae31c,http://data.europa.eu/esco/skill/f0de4973-0a70-4644-8fd4-3a97080476f4,optional,knowledge
http://data.europa.eu/esco/occupation/custom-652f499181e66b1d08f66519850ae31c,http://data.europa.eu/esco/skill/fafe0b9d-dbd9-46bd-b770-26299539ce66,optional,knowledge
http://data.europa.eu/esco/occupation/custom-652f499181e66b1d08f66519850ae31c,http://data.europa.eu/esco/skill/fe39d4db-4cb5-4299-bb9f-896c8fd6ab13,essential,skill/competence
http://data.europa.eu/esco/occupation/custom-6db49176b0217912cdeeebdb492537e0,http://data.europa.eu/esco/skill/000f1d3d-220f-4789-9c0a-cc742521fb02,optional,knowledge
http://data.europa.eu/esco/occupation/custom-6db49176b0217912cdeeebdb492537e0,http://data.europa.eu/esco/skill/034c29fa-c3ba-45ea-b8f3-bf8e3705e386,optional,knowledge
http://data.europa.eu/esco/occupation/custom-6db49176b0217912cdeeebdb492537e0,http://data.europa.eu/esco/skill/04f1b938-d4d4-4cb1-a863-982af76b9d93,optional,knowledge
http://data.europa.eu/esco/occupation/custom-6db49176b0217912cdeeebdb492537e0,http://data.europa.eu/esco/skill/0a9acb6b-1139-4be9-b431-3a80a959f2f4,optional,knowledge
http://data.europa.eu/esco/occupation/custom-6db49176b0217912cdeeebdb492537e0,http://data.europa.eu/esco/skill/0ccdfe98-f845-4598-84a1-3dca66e9d9a3,optional,knowledge
http://data.europa.eu/esco/occupation/custom-6db49176b0217912cdeeebdb492537e0,http://data.europa.eu/esco/skill/0cd6dcf1-5778-42a5-b685-4d01ae4a4871,optional,knowledge
http://data.europa.eu/esco/occupation/custom-6db49176b0217912cdeeebdb492537e0,http://data.europa.eu/esco/skill/0de61385-de6d-4146-ba32-1cc1bc102220,optional,knowledge
http://data.europa.eu/esco/occupation/custom-6db49176b0217912cdeeebdb492537e0,http://data.europa.eu/esco/skill/0e1fe34b-f4e7-4642-8c8b-5a05ac3438e5,optional,skill/competence
http://data.europa.eu/esco/occupation/custom-6db49176b0217912cdeeebdb492537e0,http://data.europa.eu/esco/skill/13bdd41a-2a18-441f-96db-41252c519413,optional,knowledge
http://data.europa.eu/esco/occupation/custom-6db49176b0217912cdeeebdb492537e0,http://data.europa.eu/esco/skill/19a8293b-8e95-4de3-983f-77484079c389,optional,knowledge
http://data.europa.eu/esco/occupation/custom-6db49176b0217912cdeeebdb492537e0,http://data.europa.eu/esco/skill/1b7c716e-af95-4cda-a42f-6479c8b139f5,optional,knowledge
http://data.europa.eu/esco/occupation/custom-6db49176b0217912cdeeebdb492537e0,http://data.europa.eu/esco/skill/21d2f96d-35f7-4e3f-9745-c533d2dd6e97,optional,knowledge
http://data.europa.eu/esco/occupation/custom-6db49176b0217912cdeeebdb492537e0,http://data.europa.eu/esco/skill/2450c3b3-e78e-435b-b84d-e05d984e71dc,essential,knowledge
http://data.europa.eu/esco/occupation/custom-6db49176b0217912cdeeebdb492537e0,http://data.europa.eu/esco/skill/2522a6ce-3202-4ac8-9f5b-b9cb5a3a83a1,optional,skill/competence
http://data.europa.eu/esco/occupation/custom-6db49176b0217912cdeeebdb492537e0,http://data.europa.eu/esco/skill/2bde42ae-e776-41c1-9ded-b07b30bfe985,optional,knowledge
http://data.europa.eu/esco/occupation/custom-6db49176b0217912cdeeebdb492537e0,http://data.europa.eu/esco/skill/300d432b-f457-4cd3-9cb1-1858c7d14954,optional,knowledge
http://data.europa.eu/esco/occupation/custom-6db49176b0217912cdeeebdb492537e0,http://data.europa.eu/esco/skill/397da142-ab35-48fe-b154-7c38f447adfb,optional,knowledge
http://data.europa.eu/esco/occupation/custom-6db49176b0217912cdeeebdb492537e0,http://data.europa.eu/esco/skill/3cd569a2-4f88-4c1e-9995-8dce8c5e51a7,optional,knowledge
http://data.europa.eu/esco/occupation/custom-6db49176b0217912cdeeebdb492537e0,http://data.europa.eu/esco/skill/3f4dab51-572b-4e2c-85ef-3b4c3f7094e1,optional,knowledge
http://data.europa.eu/esco/occupation/custom-6db49176b0217912cdeeebdb492537e0,http://data.europa.eu/esco/skill/401eb8d8-6daa-4f8b-90ad-60afc71eb4f8,optional,knowledge
http://data.europa.eu/esco/occupation/custom-6db49176b0217912cdeeebdb492537e0,http://data.europa.eu/esco/skill/42ed3bfb-1a01-4c8b-9758-fc6438865734,optional,knowledge
http://data.europa.eu/esco/occupation/custom-6db49176b0217912cdeeebdb492537e0,http://data.europa.eu/esco/skill/4350c38d-0fe9-4ca7-bab9-40ed7f72b04f,optional,knowledge
http://data.europa.eu/esco/occupation/custom-6db49176b0217912cdeeebdb492537e0,http://data.europa.eu/esco/skill/438ff259-d086-4004-acda-1ec3e1631bc6,essential,knowledge
http://data.europa.eu/esco/occupation/custom-6db49176b0217912cdeeebdb492537e0,http://data.europa.eu/esco/skill/47b9bbcf-356c-4782-83a4-7f5a1b2b51a3,optional,knowledge
http://data.europa.eu/esco/occupation/custom-6db49176b0217912cdeeebdb492537e0,http://data.europa.eu/esco/skill/484df271-bb52-49f1-8f50-f19624bf4df2,optional,knowledge
http://data.europa.eu/esco/occupation/custom-6db49176b0217912cdeeebdb492537e0,http://data.europa.eu/esco/skill/4b51e76e-9e8a-455f-a289-5b48246345c4,optional,knowledge
http://data.europa.eu/esco/occupation/custom-6db49176b0217912cdeeebdb492537e0,http://data.europa.eu/esco/skill/4c016b68-4116-468c-9dc6-42710c239e4a,optional,knowledge
http://data.europa.eu/esco/occupation/custom-6db49176b0217912cdeeebdb492537e0,http://data.europa.eu/esco/skill/501537a7-9d63-491d-ae02-09f04767ff1e,optional,knowledge
http://data.europa.eu/esco/occupation/custom-6db49176b0217912cdeeebdb492537e0,http://data.europa.eu/esco/skill/51586df8-1c46-4b47-8583-773cb63bf00b,optional,knowledge
http://data.europa.eu/esco/occupation/custom-6db49176b0217912cdeeebdb492537e0,http://data.europa.eu/esco/skill/52cf3037-ab53-4806-85ed-7fd21ea7f6a1,optional,knowledge
http://data.europa.eu/esco/occupation/custom-6db49176b0217912cdeeebdb492537e0,http://data.europa.eu/esco/skill/561c2525-5bd8-4d86-8f45-820f4be7db93,essential,skill/competence
http://data.europa.eu/esco/occupation/custom-6db49176b0217912cdeeebdb492537e0,http://data.europa.eu/esco/skill/56a7f561-1d55-43c9-9cd7-36a0a9bc6c50,optional,knowledge
http://data.europa.eu/esco/occupation/custom-6db49176b0217912cdeeebdb492537e0,http://data.europa.eu/esco/skill/58d7a289-dafd-4363-833f-d1dc4140885e,optional,knowledge
http://data.europa.eu/esco/occupation/custom-6db49176b0217912cdeeebdb492537e0,http://data.europa.eu/esco/skill/5d74614d-32c8-4ca4-9818-6980e52424b1,optional,skill/competence
http://data.europa.eu/esco/occupation/custom-6db49176b0217912cdeeebdb492537e0,http://data.europa.eu/esco/skill/5da8018b-ae85-4cde-ad93-0394369018f3,optional,knowledge
http://data.europa.eu/esco/occupation/custom-6db49176b0217912cdeeebdb492537e0,http://data.europa.eu/esco/skill/5ef0c719-5bcb-49f8-b8eb-824388225333,optional,skill/competence
http://data.europa.eu/esco/occupation/custom-6db49176b0217912cdeeebdb492537e0,http://data.europa.eu/esco/skill/6014921e-1d25-4039-adc2-04852d61880e,optional,knowledge
http://data.europa.eu/esco/occupation/custom-6db49176b0217912cdeeebdb492537e0,http://data.europa.eu/esco/skill/6a322874-e32f-4cd8-9683-badce67a7f73,optional,skill/competence
http://data.europa.eu/esco/occupation/custom-6db49176b0217912cdeeebdb492537e0,http://data.europa.eu/esco/skill/6a536b36-c5c7-4d10-bf67-a4fb0f8549b2,optional,knowledge
http://data.europa.eu/esco/occupation/custom-6db49176b0217912cdeeebdb492537e0,http://data.europa.eu/esco/skill/6fa1c2c0-a012-4ca0-9642-e01569ba322c,optional,knowledge
http://data.europa.eu/esco/occupation/custom-6db49176b0217912cdeeebdb492537e0,http://data.europa.eu/esco/skill/7253d98c-4a6d-4e37-8b6c-accca9f4b639,optional,skill/competence
http://data.europa.eu/esco/occupation/custom-6db49176b0217912cdeeebdb492537e0,http://data.europa.eu/esco/skill/7557f0f4-b8bc-4ac0-b91e-222ab1ba744f,optional,knowledge
http://data.europa.eu/esco/occupation/custom-6db49176b0217912cdeeebdb492537e0,http://data.europa.eu/esco/skill/78a74fd1-efc6-49dc-adb1-1b0fbe35c22c,essential,skill/competence
http://data.europa.eu/esco/occupation/custom-6db49176b0217912cdeeebdb492537e0,http://data.europa.eu/esco/skill/7961413f-61d0-4722-9cd9-20a050a29899,essential,skill/competence
http://data.europa.eu/esco/occupation/custom-6db49176b0217912cdeeebdb492537e0,http://data.europa.eu/esco/skill/8369ede5-4200-4a44-be2e-bc60ef959259,optional,knowledge
http://data.europa.eu/esco/occupation/custom-6db49176b0217912cdeeebdb492537e0,http://data.europa.eu/esco/skill/85f46538-ae70-498a-bfbc-b8ddafe96c7d,essential,knowledge
http://data.europa.eu/esco/occupation/custom-6db49176b0217912cdeeebdb492537e0,http://data.europa.eu/esco/skill/867137fb-ff1b-4ca3-99f3-cb6969aa2c68,optional,knowledge
http://data.europa.eu/esco/occupation/custom-6db49176b0217912cdeeebdb492537e0,http://data.europa.eu/esco/skill/913e7e83-b8f8-4574-b1ca-1b38f3fd974a,essential,skill/competence
http://data.europa.eu/esco/occupation/custom-6db49176b0217912cdeeebdb492537e0,http://data.europa.eu/esco/skill/9190d87f-9792-42e0-bb7f-64294a656bcd,optional,skill/competence
http://data.europa.eu/esco/occupation/custom-6db49176b0217912cdeeebdb492537e0,http://data.europa.eu/esco/skill/99207709-d076-4cce-ba38-e90d3bb28806,optional,knowledge
http://data.europa.eu/esco/occupation/custom-6db49176b0217912cdeeebdb492537e0,http://data.europa.eu/esco/skill/993b1e23-f2de-4bd8-b33f-f86dde1c8e9d,optional,knowledge
http://data.europa.eu/esco/occupation/custom-6db49176b0217912cdeeebdb492537e0,http://data.europa.eu/esco/skill/9973a5a2-7822-4161-99e9-95c781eb63f8,optional,knowledge
http://data.europa.eu/esco/occupation/custom-6db49176b0217912cdeeebdb492537e0,http://data.europa.eu/esco/skill/9cf681c7-89ec-470c-b651-7fe03786f586,optional,knowledge
http://data.europa.eu/esco/occupation/custom-6db49176b0217912cdeeebdb492537e0,http://data.europa.eu/esco/skill/9d1b08b3-ba1e-41f6-a466-1ac1e62eb5f0,optional,skill/competence
http://data.europa.eu/esco/occupation/custom-6db49176b0217912cdeeebdb492537e0,http://data.europa.eu/esco/skill/9e06bac6-6b91-48ca-8b7d-c1f48cdecd7c,optional,skill/competence
http://data.europa.eu/esco/occupation/custom-6db49176b0217912cdeeebdb492537e0,http://data.europa.eu/esco/skill/a4d336a6-9ffd-402a-91cc-f359716ba4e0,optional,knowledge
http://data.europa.eu/esco/occupation/custom-6db49176b0217912cdeeebdb492537e0,http://data.europa.eu/esco/skill/a57a54b6-2f2e-43e4-9621-b52f4a63cb08,optional,knowledge
http://data.europa.eu/esco/occupation/custom-6db49176b0217912cdeeebdb492537e0,http://data.europa.eu/esco/skill/b105ec9b-0857-41d6-8d07-a83e58b73d90,optional,knowledge
http://data.europa.eu/esco/occupation/custom-6db49176b0217912cdeeebdb492537e0,http://data.europa.eu/esco/skill/b4dc6e4f-dc7d-445f-8ce2-d7b9d225e282,optional,knowledge
http://data.europa.eu/esco/occupation/custom-6db49176b0217912cdeeebdb492537e0,http://data.europa.eu/esco/skill/b633eb55-8f1f-4ae6-ab4c-2022ffe2cb7f,optional,knowledge
http://data.europa.eu/esco/occupation/custom-6db49176b0217912cdeeebdb492537e0,http://data.europa.eu/esco/skill/b9f16465-56a9-426b-a047-0f9f1f95ec92,essential,skill/competence
http://data.europa.eu/esco/occupation/custom-6db49176b0217912cdeeebdb492537e0,http://data.europa.eu/esco/skill/ba1b0441-a6b8-4e57-8ccc-871012f63e42,optional,knowledge
http://data.europa.eu/esco/occupation/custom-6db49176b0217912cdeeebdb492537e0,http://data.europa.eu/esco/skill/bb99af26-71ff-4dca-bde7-1eb1f6194426,optional,knowledge
http://data.europa.eu/esco/occupation/custom-6db49176b0217912cdeeebdb492537e0,http://data.europa.eu/esco/skill/be0ff6d8-5e61-4021-9c89-e40cf0b75cc6,optional,skill/competence
http://data.europa.eu/esco/occupation/custom-6db49176b0217912cdeeebdb492537e0,http://data.europa.eu/esco/skill/be80acfc-b6f2-4411-9b8d-b19d9cd2556a,optional,knowledge
http://data.europa.eu/esco/occupation/custom-6db49176b0217912cdeeebdb492537e0,http://data.europa.eu/esco/skill/bec4359e-cb92-468f-a997-8fb28e32fba9,optional,knowledge
http://data.europa.eu/esco/occupation/custom-6db49176b0217912cdeeebdb492537e0,http://data.europa.eu/esco/skill/c3a03c5a-c260-4c26-9b9a-873abb396f4d,optional,knowledge
http://data.europa.eu/esco/occupation/custom-6db49176b0217912cdeeebdb492537e0,http://data.europa.eu/esco/skill/c4b626c1-e71c-44ec-9f88-042766f37fcc,optional,knowledge
http://data.europa.eu/esco/occupation/custom-6db49176b0217912cdeeebdb492537e0,http://data.europa.eu/esco/skill/c55caed2-de9e-4a25-819e-a0b0e83fba1b,optional,skill/competence
http://data.europa.eu/esco/occupation/custom-6db49176b0217912cdeeebdb492537e0,http://data.europa.eu/esco/skill/c5e8abde-d2ba-4e8e-a65e-720b71180666,optional,knowledge
http://data.europa.eu/esco/occupation/custom-6db49176b0217912cdeeebdb492537e0,http://data.europa.eu/esco/skill/c7d24594-0c11-4b27-9039-fe0bb903da8e,optional,knowledge
http://data.europa.eu/esco/occupation/custom-6db49176b0217912cdeeebdb492537e0,http://data.europa.eu/esco/skill/cbe2c304-1e7d-489a-97d9-a7d3e37a9db6,essential,skill/competence
http://data.europa.eu/esco/occupation/custom-6db49176b0217912cdeeebdb492537e0,http://data.europa.eu/esco/skill/ccd0a1d9-afda-43d9-b901-96344886e14d,optional,knowledge
http://data.europa.eu/esco/occupation/custom-6db49176b0217912cdeeebdb492537e0,http://data.europa.eu/esco/skill/cdd8b6b2-2fd9-453c-8d62-8a1dc6efcd49,essential,knowledge
http://data.europa.eu/esco/occupation/custom-6db49176b0217912cdeeebdb492537e0,http://data.europa.eu/esco/skill/ce354460-500e-4eaa-8e95-8f243fcea3db,essential,skill/competence
http://data.europa.eu/esco/occupation/custom-6db49176b0217912cdeeebdb492537e0,http://data.europa.eu/esco/skill/d56fc2b5-4b0a-4e7e-9bde-a33736f6ff18,optional,knowledge
http://data.europa.eu/esco/occupation/custom-6db49176b0217912cdeeebdb492537e0,http://data.europa.eu/esco/skill/d5a59ca8-2e91-472e-8571-d12ce4478679,optional,knowledge
http://data.europa.eu/esco/occupation/custom-6db49176b0217912cdeeebdb492537e0,http://data.europa.eu/esco/skill/da6393d5-a53c-4863-abc7-51f36281d74e,optional,knowledge
http://data.europa.eu/esco/occupation/custom-6db49176b0217912cdeeebdb492537e0,http://data.europa.eu/esco/skill/dad7e408-162f-46a4-8567-db560e19e2fc,essential,skill/competence
http://data.europa.eu/esco/occupation/custom-6db49176b0217912cdeeebdb492537e0,http://data.europa.eu/esco/skill/dcdd5ddf-82a6-4ac3-8edc-d4b23cae9a88,optional,knowledge
http://data.europa.eu/esco/occupation/custom-6db49176b0217912cdeeebdb492537e0,http://data.europa.eu/esco/skill/def007fa-5fed-4a5f-91a2-b0d7e3db1be1,optional,knowledge
http://data.europa.eu/esco/occupation/custom-6db49176b0217912cdeeebdb492537e0,http://data.europa.eu/esco/skill/e8b89eb6-51e8-4c3a-babb-88b2e110376b,optional,knowledge
http://data.europa.eu/esco/occupation/custom-6db49176b0217912cdeeebdb492537e0,http://data.europa.eu/esco/skill/ea412de3-9d7a-4943-8d8c-c6d3c7495d0e,optional,skill/competence
http://data.europa.eu/esco/occupation/custom-6db49176b0217912cdeeebdb492537e0,http://data.europa.eu/esco/skill/eb0e5615-1575-4a86-a1a2-7d39595033c5,optional,knowledge
http://data.europa.eu/esco/occupation/custom-6db49176b0217912cdeeebdb492537e0,http://data.europa.eu/esco/skill/eb3aa8c1-fb14-47b4-a352-b7975abd2480,essential,skill/competence
http://data.europa.eu/esco/occupation/custom-6db49176b0217912cdeeebdb492537e0,http://data.europa.eu/esco/skill/ed39edd3-44d0-4a16-9796-bfb99f92baf3,optional,knowledge
http://data.europa.eu/esco/occupation/custom-6db49176b0217912cdeeebdb492537e0,http://data.europa.eu/esco/skill/f4a85869-1855-45d5-a43c-7ee8cd451996,essential,skill/competence
http://data.europa.eu/esco/occupation/custom-6db49176b0217912cdeeebdb492537e0,http://data.europa.eu/esco/skill/f597f772-24d3-4cec-813c-cf5a7027c794,optional,knowledge
http://data.europa.eu/esco/occupation/custom-6db49176b0217912cdeeebdb492537e0,http://data.europa.eu/esco/skill/f6424ebb-8401-446b-9f7e-10d7c854da02,optional,knowledge
http://data.europa.eu/esco/occupation/custom-6db49176b0217912cdeeebdb492537e0,http://data.europa.eu/esco/skill/fb7aee4d-f6c6-4a87-8e9d-8e542b3771f8,essential,knowledge
http://data.europa.eu/esco/occupation/custom-6db49176b0217912cdeeebdb492537e0,http://data.europa.eu/esco/skill/ff25cbf0-6978-4c4c-887e-d4b185410d74,optional,skill/competence
http://data.europa.eu/esco/occupation/custom-6db49176b0217912cdeeebdb492537e0,http://data.europa.eu/esco/skill/ffddfc7c-a9dd-449f-9e96-882dc447c8b6,optional,knowledge
http://data.europa.eu/esco/occupation/custom-8893c8ea0f3f540ec72385235e999b46,http://data.europa.eu/esco/skill/024037ca-96a9-4cb8-ba86-2cd5a209c90a,optional,knowledge
http://data.europa.eu/esco/occupation/custom-8893c8ea0f3f540ec72385235e999b46,http://data.europa.eu/esco/skill/06358891-8424-43c5-891e-d40f226bef40,essential,skill/competence
http://data.europa.eu/esco/occupation/custom-8893c8ea0f3f540ec72385235e999b46,http://data.europa.eu/esco/skill/08a3dcea-12de-447b-a3a5-aa657abc5e97,essential,skill/competence
http://data.europa.eu/esco/occupation/custom-8893c8ea0f3f540ec72385235e999b46,http://data.europa.eu/esco/skill/09cf2c34-6f93-4a19-a9f1-c0d866414bcc,optional,knowledge
http://data.europa.eu/esco/occupation/custom-8893c8ea0f3f540ec72385235e999b46,http://data.europa.eu/esco/skill/0a43729f-2a79-4dae-9faa-95520daae79f,essential,skill/competence
http://data.europa.eu/esco/occupation/custom-8893c8ea0f3f540ec72385235e999b46,http://data.europa.eu/esco/skill/0dc7aa1b-b5af-4f4b-81ce-ee22ed8b6926,optional,skill/competence
http://data.europa.eu/esco/occupation/custom-8893c8ea0f3f540ec72385235e999b46,http://data.europa.eu/esco/skill/0e8d16c9-e2db-4862-ac06-1567f01ef806,essential,knowledge
http://data.europa.eu/esco/occupation/custom-8893c8ea0f3f540ec72385235e999b46,http://data.europa.eu/esco/skill/0ffdb6ac-03b5-4f1c-bfcc-3d9cb874fdf9,essential,knowledge
http://data.europa.eu/esco/occupation/custom-8893c8ea0f3f540ec72385235e999b46,http://data.europa.eu/esco/skill/118a9b27-1c5a-4214-b685-1a4d9e6365ea,essential,knowledge
http://data.europa.eu/esco/occupation/custom-8893c8ea0f3f540ec72385235e999b46,http://data.europa.eu/esco/skill/11eebd42-44ab-401d-8a2c-bdb9fc9beb50,essential,knowledge
http://data.europa.eu/esco/occupation/custom-8893c8ea0f3f540ec72385235e999b46,http://data.europa.eu/esco/skill/14d1e367-3efe-4ec5-86ae-eca48710ee4e,optional,skill/competence
http://data.europa.eu/esco/occupation/custom-8893c8ea0f3f540ec72385235e999b46,http://data.europa.eu/esco/skill/1c2978b8-bb0d-4249-9c23-877571a4dffa,optional,knowledge
http://data.europa.eu/esco/occupation/custom-8893c8ea0f3f540ec72385235e999b46,http://data.europa.eu/esco/skill/1ce4cddd-4a74-458e-a2d4-152ca939475a,optional,knowledge
http://data.europa.eu/esco/occupation/custom-8893c8ea0f3f540ec72385235e999b46,http://data.europa.eu/esco/skill/21d2f96d-35f7-4e3f-9745-c533d2dd6e97,essential,knowledge
http://data.europa.eu/esco/occupation/custom-8893c8ea0f3f540ec72385235e999b46,http://data.europa.eu/esco/skill/2891f0dc-4426-4a9a-8fbb-db4fb0a66f91,optional,knowledge
http://data.europa.eu/esco/occupation/custom-8893c8ea0f3f540ec72385235e999b46,http://data.europa.eu/esco/skill/29fb0fb5-dfc4-4098-ac9b-3a712000f48f,optional,skill/competence
http://data.europa.eu/esco/occupation/custom-8893c8ea0f3f540ec72385235e999b46,http://data.europa.eu/esco/skill/2a3a96a3-709e-4d60-81f6-d247d6933f13,essential,skill/competence
http://data.europa.eu/esco/occupation/custom-8893c8ea0f3f540ec72385235e999b46,http://data.europa.eu/esco/skill/2ddb1226-1117-4eb4-ae65-3a2f5a5a3c80,essential,knowledge
http://data.europa.eu/esco/occupation/custom-8893c8ea0f3f540ec72385235e999b46,http://data.europa.eu/esco/skill/33a82b83-c838-4889-ae62-fae1317481eb,optional,skill/competence
http://data.europa.eu/esco/occupation/custom-8893c8ea0f3f540ec72385235e999b46,http://data.europa.eu/esco/skill/37bc4dc0-1233-4008-98db-1116d0c1cfcc,optional,skill/competence
http://data.europa.eu/esco/occupation/custom-8893c8ea0f3f540ec72385235e999b46,http://data.europa.eu/esco/skill/3ff589b7-68df-4ea5-ae41-b395bdb2378f,essential,knowledge
http://data.europa.eu/esco/occupation/custom-8893c8ea0f3f540ec72385235e999b46,http://data.europa.eu/esco/skill/426ceaba-6867-481c-bb6b-aee3933da7d2,essential,
http://data.europa.eu/esco/occupation/custom-8893c8ea0f3f540ec72385235e999b46,http://data.europa.eu/esco/skill/438ff259-d086-4004-acda-1ec3e1631bc6,essential,knowledge
http://data.europa.eu/esco/occupation/custom-8893c8ea0f3f540ec72385235e999b46,http://data.europa.eu/esco/skill/440d5784-52a5-4729-8b04-29f978bd896d,optional,skill/competence
http://data.europa.eu/esco/occupation/custom-8893c8ea0f3f540ec72385235e999b46,http://data.europa.eu/esco/skill/477173ca-5fc2-406b-9122-95d92811f284,essential,skill/competence
http://data.europa.eu/esco/occupation/custom-8893c8ea0f3f540ec72385235e999b46,http://data.europa.eu/esco/skill/47ca0da1-cae5-4395-ae6b-fd97b9ff48d3,essential,knowledge
http://data.europa.eu/esco/occupation/custom-8893c8ea0f3f540ec72385235e999b46,http://data.europa.eu/esco/skill/4d85b881-e490-4b4c-897a-2faa4ef53956,essential,skill/competence
http://data.europa.eu/esco/occupation/custom-8893c8ea0f3f540ec72385235e999b46,http://data.europa.eu/esco/skill/501537a7-9d63-491d-ae02-09f04767ff1e,essential,knowledge
http://data.europa.eu/esco/occupation/custom-8893c8ea0f3f540ec72385235e999b46,http://data.europa.eu/esco/skill/50597e96-9b6a-4736-ac79-dd80f36c0269,optional,knowledge
http://data.europa.eu/esco/occupation/custom-8893c8ea0f3f540ec72385235e999b46,http://data.europa.eu/esco/skill/5063a99f-975b-4a7c-85e3-69ecb375b4d3,essential,knowledge
http://data.europa.eu/esco/occupation/custom-8893c8ea0f3f540ec72385235e999b46,http://data.europa.eu/esco/skill/54d774a3-de3b-4425-b0d7-c03bc99a0937,optional,skill/competence
http://data.europa.eu/esco/occupation/custom-8893c8ea0f3f540ec72385235e999b46,http://data.europa.eu/esco/skill/553e1d2d-abf1-4b37-8ac4-c5c78a8edbc0,optional,knowledge
http://data.europa.eu/esco/occupation/custom-8893c8ea0f3f540ec72385235e999b46,http://data.europa.eu/esco/skill/557e9247-1a2d-4497-aa7f-0cded7768da1,optional,knowledge
http://data.europa.eu/esco/occupation/custom-8893c8ea0f3f540ec72385235e999b46,http://data.europa.eu/esco/skill/58783f72-5098-4807-b1d1-954ec2ae94c4,optional,knowledge
http://data.europa.eu/esco/occupation/custom-8893c8ea0f3f540ec72385235e999b46,http://data.europa.eu/esco/skill/5898d99a-62a4-4e10-a2e3-0d815ce44248,essential,knowledge
http://data.europa.eu/esco/occupation/custom-8893c8ea0f3f540ec72385235e999b46,http://data.europa.eu/esco/skill/5ef0c719-5bcb-49f8-b8eb-824388225333,essential,skill/competence
http://data.europa.eu/esco/occupation/custom-8893c8ea0f3f540ec72385235e999b46,http://data.europa.eu/esco/skill/611ed16b-99bf-4840-9cab-f55d1d286e0a,optional,skill/competence
http://data.europa.eu/esco/occupation/custom-8893c8ea0f3f540ec72385235e999b46,http://data.europa.eu/esco/skill/625b57ee-29d4-425b-bf99-9fd54dd021fe,optional,knowledge
http://data.europa.eu/esco/occupation/custom-8893c8ea0f3f540ec72385235e999b46,http://data.europa.eu/esco/skill/63f0aa84-5e4c-4eb6-8e8c-876d9feedf1f,optional,knowledge
http://data.europa.eu/esco/occupation/custom-8893c8ea0f3f540ec72385235e999b46,http://data.europa.eu/esco/skill/67a118f4-8a5f-48f7-8e5f-de34b9ca2c37,optional,knowledge
http://data.europa.eu/esco/occupation/custom-8893c8ea0f3f540ec72385235e999b46,http://data.europa.eu/esco/skill/69cfc5ed-6569-4aca-a4cc-fd782ba51d9c,essential,skill/competence
http://data.europa.eu/esco/occupation/custom-8893c8ea0f3f540ec72385235e999b46,http://data.europa.eu/esco/skill/6f1edc19-191f-4ba5-a048-ee69aff05bab,essential,knowledge
http://data.europa.eu/esco/occupation/custom-8893c8ea0f3f540ec72385235e999b46,http://data.europa.eu/esco/skill/6fa1c2c0-a012-4ca0-9642-e01569ba322c,essential,knowledge
http://data.europa.eu/esco/occupation/custom-8893c8ea0f3f540ec72385235e999b46,http://data.europa.eu/esco/skill/744442ac-c157-4350-8be0-ce454df4f5c5,essential,skill/competence
http://data.europa.eu/esco/occupation/custom-8893c8ea0f3f540ec72385235e999b46,http://data.europa.eu/esco/skill/7557f0f4-b8bc-4ac0-b91e-222ab1ba744f,essential,knowledge
http://data.europa.eu/esco/occupation/custom-8893c8ea0f3f540ec72385235e999b46,http://data.europa.eu/esco/skill/7814e88f-c133-4c3b-b27f-857afa145d42,optional,knowledge
http://data.europa.eu/esco/occupation/custom-8893c8ea0f3f540ec72385235e999b46,http://data.europa.eu/esco/skill/79f24a62-7718-46e1-9b41-37be0560a5ca,essential,knowledge
http://data.europa.eu/esco/occupation/custom-8893c8ea0f3f540ec72385235e999b46,http://data.europa.eu/esco/skill/7bf4539a-3f2e-4485-876b-1c9306b181af,optional,knowledge
http://data.europa.eu/esco/occupation/custom-8893c8ea0f3f540ec72385235e999b46,http://data.europa.eu/esco/skill/7e1f9657-ab4e-407c-842f-b846197060e3,essential,skill/competence
http://data.europa.eu/esco/occupation/custom-8893c8ea0f3f540ec72385235e999b46,http://data.europa.eu/esco/skill/7f0b1a66-ebaf-4c8a-b606-4c1844eb692e,essential,skill/competence
http://data.europa.eu/esco/occupation/custom-8893c8ea0f3f540ec72385235e999b46,http://data.europa.eu/esco/skill/7f2afce6-e98b-4bbe-8441-d52b45e28ab8,optional,knowledge
http://data.europa.eu/esco/occupation/custom-8893c8ea0f3f540ec72385235e999b46,http://data.europa.eu/esco/skill/8088750d-8388-4170-a76f-48354c469c44,essential,knowledge
http://data.europa.eu/esco/occupation/custom-8893c8ea0f3f540ec72385235e999b46,http://data.europa.eu/esco/skill/83218cac-3599-417e-93d2-26013cdccd98,optional,knowledge
http://data.europa.eu/esco/occupation/custom-8893c8ea0f3f540ec72385235e999b46,http://data.europa.eu/esco/skill/8359bd04-d2cb-4757-af1f-39a921df9efe,optional,skill/competence
http://data.europa.eu/esco/occupation/custom-8893c8ea0f3f540ec72385235e999b46,http://data.europa.eu/esco/skill/85c11255-469f-41bd-a6d1-382bc4a87783,essential,skill/competence
http://data.europa.eu/esco/occupation/custom-8893c8ea0f3f540ec72385235e999b46,http://data.europa.eu/esco/skill/85f46538-ae70-498a-bfbc-b8ddafe96c7d,optional,knowledge
http://data.europa.eu/esco/occupation/custom-8893c8ea0f3f540ec72385235e999b46,http://data.europa.eu/esco/skill/8a30eb28-eca0-4ab6-8c05-32c47d3e0dd6,optional,knowledge
http://data.europa.eu/esco/occupation/custom-8893c8ea0f3f540ec72385235e999b46,http://data.europa.eu/esco/skill/8efa6a7a-6556-4cb8-908d-59d3b5c58d2f,optional,knowledge
http://data.europa.eu/esco/occupation/custom-8893c8ea0f3f540ec72385235e999b46,http://data.europa.eu/esco/skill/8fa510d0-a8a6-4932-a361-00f8442cfe23,optional,knowledge
http://data.europa.eu/esco/occupation/custom-8893c8ea0f3f540ec72385235e999b46,http://data.europa.eu/esco/skill/902fb91c-3113-4004-9b4f-79aa86b638b7,essential,knowledge
http://data.europa.eu/esco/occupation/custom-8893c8ea0f3f540ec72385235e999b46,http://data.europa.eu/esco/skill/913e7e83-b8f8-4574-b1ca-1b38f3fd974a,essential,skill/competence
http://data.europa.eu/esco/occupation/custom-8893c8ea0f3f540ec72385235e999b46,http://data.europa.eu/esco/skill/9190d87f-9792-42e0-bb7f-64294a656bcd,essential,skill/competence
http://data.europa.eu/esco/occupation/custom-8893c8ea0f3f540ec72385235e999b46,http://data.europa.eu/esco/skill/9714735d-6f60-440b-bdbc-aaf45ebcbe78,essential,skill/competence
http://data.europa.eu/esco/occupation/custom-8893c8ea0f3f540ec72385235e999b46,http://data.europa.eu/esco/skill/99c4c69a-025c-464f-adda-874c7f107a31,essential,skill/competence
http://data.europa.eu/esco/occupation/custom-8893c8ea0f3f540ec72385235e999b46,http://data.europa.eu/esco/skill/9d1b08b3-ba1e-41f6-a466-1ac1e62eb5f0,essential,skill/competence
http://data.europa.eu/esco/occupation/custom-8893c8ea0f3f540ec72385235e999b46,http://data.europa.eu/esco/skill/9e06bac6-6b91-48ca-8b7d-c1f48cdecd7c,essential,skill/competence
http://data.europa.eu/esco/occupation/custom-8893c8ea0f3f540ec72385235e999b46,http://data.europa.eu/esco/skill/9ef0f3a0-9ce2-4ef1-a987-0366b5cb2dbe,essential,knowledge
http://data.europa.eu/esco/occupation/custom-8893c8ea0f3f540ec72385235e999b46,http://data.europa.eu/esco/skill/a56dec32-05ef-45de-a256-ee6741f356db,optional,knowledge
http://data.europa.eu/esco/occupation/custom-8893c8ea0f3f540ec72385235e999b46,http://data.europa.eu/esco/skill/a846cb9e-c152-41e7-bd34-45e7ff941e3b,essential,knowledge
http://data.europa.eu/esco/occupation/custom-8893c8ea0f3f540ec72385235e999b46,http://data.europa.eu/esco/skill/ab49f767-296b-47d5-af56-0b4a69515b03,essential,skill/competence
http://data.europa.eu/esco/occupation/custom-8893c8ea0f3f540ec72385235e999b46,http://data.europa.eu/esco/skill/acf0a78c-f4e3-4bd9-a5cc-9cf4791b3b95,optional,skill/competence
http://data.europa.eu/esco/occupation/custom-8893c8ea0f3f540ec72385235e999b46,http://data.europa.eu/esco/skill/ae4f0cc6-e0b9-47f5-bdca-2fc2e6316dce,optional,skill/competence
http://data.europa.eu/esco/occupation/custom-8893c8ea0f3f540ec72385235e999b46,http://data.europa.eu/esco/skill/af313ba1-a39e-49ac-99ec-94630fbe4f7f,essential,skill/competence
http://data.europa.eu/esco/occupation/custom-8893c8ea0f3f540ec72385235e999b46,http://data.europa.eu/esco/skill/afd63e8c-a4e7-42d3-86c9-3b2dd549a353,optional,knowledge
http://data.europa.eu/esco/occupation/custom-8893c8ea0f3f540ec72385235e999b46,http://data.europa.eu/esco/skill/b16200f4-4f39-4b8b-aa9d-3568054d6bdb,optional,knowledge
http://data.europa.eu/esco/occupation/custom-8893c8ea0f3f540ec72385235e999b46,http://data.europa.eu/esco/skill/b9f16465-56a9-426b-a047-0f9f1f95ec92,essential,skill/competence
http://data.europa.eu/esco/occupation/custom-8893c8ea0f3f540ec72385235e999b46,http://data.europa.eu/esco/skill/baf1fadb-975a-42be-9744-d8ba02304d09,optional,knowledge
http://data.europa.eu/esco/occupation/custom-8893c8ea0f3f540ec72385235e999b46,http://data.europa.eu/esco/skill/bb2b4485-2bad-402f-8517-44bf7d9afff4,optional,skill/competence
http://data.europa.eu/esco/occupation/custom-8893c8ea0f3f540ec72385235e999b46,http://data.europa.eu/esco/skill/c13fb093-5ffb-491a-b8b7-fa2d42a57e2e,optional,skill/competence
http://data.europa.eu/esco/occupation/custom-8893c8ea0f3f540ec72385235e999b46,http://data.europa.eu/esco/skill/c241f5a5-e23f-47bf-ad24-d83ea0010166,essential,skill/competence
http://data.europa.eu/esco/occupation/custom-8893c8ea0f3f540ec72385235e999b46,http://data.europa.eu/esco/skill/c7cc6dc5-d56b-4323-8e5c-47c4022f615f,essential,knowledge
http://data.europa.eu/esco/occupation/custom-8893c8ea0f3f540ec72385235e999b46,http://data.europa.eu/esco/skill/cd5efa8c-e44d-4cbc-91c6-796018dbed68,optional,skill/competence
http://data.europa.eu/esco/occupation/custom-8893c8ea0f3f540ec72385235e999b46,http://data.europa.eu/esco/skill/cef5c0f8-1e40-4c09-b6a7-aa7811849e5d,essential,knowledge
http://data.europa.eu/esco/occupation/custom-8893c8ea0f3f540ec72385235e999b46,http://data.europa.eu/esco/skill/cf3e976d-2c3e-495c-a874-f9e8a66d3b48,optional,skill/competence
http://data.europa.eu/esco/occupation/custom-8893c8ea0f3f540ec72385235e999b46,http://data.europa.eu/esco/skill/cf532795-a1fd-43bd-8407-6e43f877e6e3,essential,knowledge
http://data.europa.eu/esco/occupation/custom-8893c8ea0f3f540ec72385235e999b46,http://data.europa.eu/esco/skill/d0c6d77e-cb25-4770-bf77-2073fc5f7523,essential,knowledge
http://data.europa.eu/esco/occupation/custom-8893c8ea0f3f540ec72385235e999b46,http://data.europa.eu/esco/skill/d3286405-49f8-4e8a-8046-a4376b4e7963,optional,skill/competence
http://data.europa.eu/esco/occupation/custom-8893c8ea0f3f540ec72385235e999b46,http://data.europa.eu/esco/skill/d32db06e-bd06-4415-a7ab-1b0ee68caa9a,optional,knowledge
http://data.europa.eu/esco/occupation/custom-8893c8ea0f3f540ec72385235e999b46,http://data.europa.eu/esco/skill/d78dedfc-21d2-45fd-ba05-e56b7a8865e6,essential,knowledge
http://data.europa.eu/esco/occupation/custom-8893c8ea0f3f540ec72385235e999b46,http://data.europa.eu/esco/skill/dad7e408-162f-46a4-8567-db560e19e2fc,essential,skill/competence
http://data.europa.eu/esco/occupation/custom-8893c8ea0f3f540ec72385235e999b46,http://data.europa.eu/esco/skill/dc72ad0a-c5dc-4abd-bc0d-ca43e82162e1,optional,skill/competence
http://data.europa.eu/esco/occupation/custom-8893c8ea0f3f540ec72385235e999b46,http://data.europa.eu/esco/skill/ddb65832-91a7-4157-9488-719a0e2ad87b,optional,skill/competence
http://data.europa.eu/esco/occupation/custom-8893c8ea0f3f540ec72385235e999b46,http://data.europa.eu/esco/skill/de586dcf-d7e5-4340-bf5b-d59026f1b436,essential,knowledge
http://data.europa.eu/esco/occupation/custom-8893c8ea0f3f540ec72385235e999b46,http://data.europa.eu/esco/skill/e54ff029-1ce9-447d-a5b2-eb7283a23e6e,optional,skill/competence
http://data.europa.eu/esco/occupation/custom-8893c8ea0f3f540ec72385235e999b46,http://data.europa.eu/esco/skill/e5b5053e-0ef6-4c4e-a3f2-42f955f4322c,optional,skill/competence
http://data.europa.eu/esco/occupation/custom-8893c8ea0f3f540ec72385235e999b46,http://data.europa.eu/esco/skill/e5beeff8-7c98-490a-ae2c-16fbb6a87305,optional,skill/competence
http://data.europa.eu/esco/occupation/custom-8893c8ea0f3f540ec72385235e999b46,http://data.europa.eu/esco/skill/e79dab00-fe87-48f2-b8cc-f48b68bc7f35,optional,knowledge
http://data.europa.eu/esco/occupation/custom-8893c8ea0f3f540ec72385235e999b46,http://data.europa.eu/esco/skill/ec85cc63-4e24-4631-bf92-8789db2605c0,essential,skill/competence
http://data.europa.eu/esco/occupation/custom-8893c8ea0f3f540ec72385235e999b46,http://data.europa.eu/esco/skill/f0010b93-5552-45cb-ad26-168c8168f319,optional,knowledge
http://data.europa.eu/esco/occupation/custom-8893c8ea0f3f540ec72385235e999b46,http://data.europa.eu/esco/skill/f049d050-12da-4e40-813a-2b5eb6df6b51,essential,knowledge
http://data.europa.eu/esco/occupation/custom-8893c8ea0f3f540ec72385235e999b46,http://data.europa.eu/esco/skill/f4a85869-1855-45d5-a43c-7ee8cd451996,essential,skill/competence
http://data.europa.eu/esco/occupation/custom-8893c8ea0f3f540ec72385235e999b46,http://data.europa.eu/esco/skill/f5ac9226-0ace-4d34-a1c3-7b3845834a98,optional,skill/competence
http://data.europa.eu/esco/occupation/custom-8893c8ea0f3f540ec72385235e999b46,http://data.europa.eu/esco/skill/f9a6f35b-01a7-40c9-8b61-b6ee46f97272,essential,knowledge
http://data.europa.eu/esco/occupation/custom-8893c8ea0f3f540ec72385235e999b46,http://data.europa.eu/esco/skill/fe1c2b32-7fe9-4668-affa-07ff658a68cf,essential,skill/competence
http://data.europa.eu/esco/occupation/custom-89786d348475e1b38e2ee9b1cb4186e6,http://data.europa.eu/esco/skill/000f1d3d-220f-4789-9c0a-cc742521fb02,optional,knowledge
http://data.europa.eu/esco/occupation/custom-89786d348475e1b38e2ee9b1cb4186e6,http://data.europa.eu/esco/skill/020918ef-4b55-47c1-8430-ab7b8f6a7377,essential,skill/competence
http://data.europa.eu/esco/occupation/custom-89786d348475e1b38e2ee9b1cb4186e6,http://data.europa.eu/esco/skill/022dc430-872a-473a-9cf4-fed4895e58ad,optional,skill/competence
http://data.europa.eu/esco/occupation/custom-89786d348475e1b38e2ee9b1cb4186e6,http://data.europa.eu/esco/skill/034c29fa-c3ba-45ea-b8f3-bf8e3705e386,optional,knowledge
http://data.europa.eu/esco/occupation/custom-89786d348475e1b38e2ee9b1cb4186e6,http://data.europa.eu/esco/skill/03ff0d53-573a-47a0-a0ad-1995815a4339,essential,knowledge
http://data.europa.eu/esco/occupation/custom-89786d348475e1b38e2ee9b1cb4186e6,http://data.europa.eu/esco/skill/04f1b938-d4d4-4cb1-a863-982af76b9d93,optional,knowledge
http://data.europa.eu/esco/occupation/custom-89786d348475e1b38e2ee9b1cb4186e6,http://data.europa.eu/esco/skill/08b04e53-ed25-41a2-9f90-0b9cd939ba3d,essential,skill/competence
http://data.europa.eu/esco/occupation/custom-89786d348475e1b38e2ee9b1cb4186e6,http://data.europa.eu/esco/skill/0a9acb6b-1139-4be9-b431-3a80a959f2f4,optional,knowledge
http://data.europa.eu/esco/occupation/custom-89786d348475e1b38e2ee9b1cb4186e6,http://data.europa.eu/esco/skill/0af062de-eb43-41e9-9b96-249e2cd22d26,essential,skill/competence
http://data.europa.eu/esco/occupation/custom-89786d348475e1b38e2ee9b1cb4186e6,http://data.europa.eu/esco/skill/0b0335f3-0aa1-491e-895e-81fc8774a300,essential,skill/competence
http://data.europa.eu/esco/occupation/custom-89786d348475e1b38e2ee9b1cb4186e6,http://data.europa.eu/esco/skill/0ccdfe98-f845-4598-84a1-3dca66e9d9a3,optional,knowledge
http://data.europa.eu/esco/occupation/custom-89786d348475e1b38e2ee9b1cb4186e6,http://data.europa.eu/esco/skill/0cd6dcf1-5778-42a5-b685-4d01ae4a4871,optional,knowledge
http://data.europa.eu/esco/occupation/custom-89786d348475e1b38e2ee9b1cb4186e6,http://data.europa.eu/esco/skill/0dc7aa1b-b5af-4f4b-81ce-ee22ed8b6926,essential,skill/competence
http://data.europa.eu/esco/occupation/custom-89786d348475e1b38e2ee9b1cb4186e6,http://data.europa.eu/esco/skill/0de61385-de6d-4146-ba32-1cc1bc102220,optional,knowledge
http://data.europa.eu/esco/occupation/custom-89786d348475e1b38e2ee9b1cb4186e6,http://data.europa.eu/esco/skill/13bdd41a-2a18-441f-96db-41252c519413,optional,knowledge
http://data.europa.eu/esco/occupation/custom-89786d348475e1b38e2ee9b1cb4186e6,http://data.europa.eu/esco/skill/19a8293b-8e95-4de3-983f-77484079c389,optional,knowledge
http://data.europa.eu/esco/occupation/custom-89786d348475e1b38e2ee9b1cb4186e6,http://data.europa.eu/esco/skill/1b70a55d-b8a4-49fc-96c6-15ab4cff2522,essential,skill/competence
http://data.europa.eu/esco/occupation/custom-89786d348475e1b38e2ee9b1cb4186e6,http://data.europa.eu/esco/skill/1b7c716e-af95-4cda-a42f-6479c8b139f5,optional,knowledge
http://data.europa.eu/esco/occupation/custom-89786d348475e1b38e2ee9b1cb4186e6,http://data.europa.eu/esco/skill/21d2f96d-35f7-4e3f-9745-c533d2dd6e97,optional,knowledge
http://data.europa.eu/esco/occupation/custom-89786d348475e1b38e2ee9b1cb4186e6,http://data.europa.eu/esco/skill/29fb0fb5-dfc4-4098-ac9b-3a712000f48f,essential,skill/competence
http://data.europa.eu/esco/occupation/custom-89786d348475e1b38e2ee9b1cb4186e6,http://data.europa.eu/esco/skill/2b92a5b2-6758-4ee3-9fb4-b6387a55cc8f,optional,skill/competence
http://data.europa.eu/esco/occupation/custom-89786d348475e1b38e2ee9b1cb4186e6,http://data.europa.eu/esco/skill/2bde42ae-e776-41c1-9ded-b07b30bfe985,optional,knowledge
http://data.europa.eu/esco/occupation/custom-89786d348475e1b38e2ee9b1cb4186e6,http://data.europa.eu/esco/skill/2daec0e6-f0c1-43e8-8178-aedba99130ec,essential,skill/competence
http://data.europa.eu/esco/occupation/custom-89786d348475e1b38e2ee9b1cb4186e6,http://data.europa.eu/esco/skill/300d432b-f457-4cd3-9cb1-1858c7d14954,optional,knowledge
http://data.europa.eu/esco/occupation/custom-89786d348475e1b38e2ee9b1cb4186e6,http://data.europa.eu/esco/skill/3bddfd7c-ab6d-40c2-883d-5e97fb7640ba,essential,skill/competence
http://data.europa.eu/esco/occupation/custom-89786d348475e1b38e2ee9b1cb4186e6,http://data.europa.eu/esco/skill/3cd569a2-4f88-4c1e-9995-8dce8c5e51a7,optional,knowledge
http://data.europa.eu/esco/occupation/custom-89786d348475e1b38e2ee9b1cb4186e6,http://data.europa.eu/esco/skill/3cee858e-79e8-4a4b-b99f-93c7f735d58b,optional,knowledge
http://data.europa.eu/esco/occupation/custom-89786d348475e1b38e2ee9b1cb4186e6,http://data.europa.eu/esco/skill/3d03c40c-1b83-4793-8902-2523f40af59e,optional,knowledge
http://data.europa.eu/esco/occupation/custom-89786d348475e1b38e2ee9b1cb4186e6,http://data.europa.eu/esco/skill/3e2ab38a-4519-4bef-b762-a8bf4836a775,essential,skill/competence
http://data.europa.eu/esco/occupation/custom-89786d348475e1b38e2ee9b1cb4186e6,http://data.europa.eu/esco/skill/3ec2e4d6-7000-4905-bf1a-c5b1679416de,essential,knowledge
http://data.europa.eu/esco/occupation/custom-89786d348475e1b38e2ee9b1cb4186e6,http://data.europa.eu/esco/skill/3f4dab51-572b-4e2c-85ef-3b4c3f7094e1,optional,knowledge
http://data.europa.eu/esco/occupation/custom-89786d348475e1b38e2ee9b1cb4186e6,http://data.europa.eu/esco/skill/401eb8d8-6daa-4f8b-90ad-60afc71eb4f8,optional,knowledge
http://data.europa.eu/esco/occupation/custom-89786d348475e1b38e2ee9b1cb4186e6,http://data.europa.eu/esco/skill/42ed3bfb-1a01-4c8b-9758-fc6438865734,optional,knowledge
http://data.europa.eu/esco/occupation/custom-89786d348475e1b38e2ee9b1cb4186e6,http://data.europa.eu/esco/skill/4350c38d-0fe9-4ca7-bab9-40ed7f72b04f,optional,knowledge
http://data.europa.eu/esco/occupation/custom-89786d348475e1b38e2ee9b1cb4186e6,http://data.europa.eu/esco/skill/43ae58b9-5e56-4524-b45a-b422777a0576,essential,knowledge
http://data.europa.eu/esco/occupation/custom-89786d348475e1b38e2ee9b1cb4186e6,http://data.europa.eu/esco/skill/43ec6db6-33f7-449b-a566-5779a7e8997a,optional,knowledge
http://data.europa.eu/esco/occupation/custom-89786d348475e1b38e2ee9b1cb4186e6,http://data.europa.eu/esco/skill/4463a721-69f3-413d-8321-43e3af13a4f1,essential,skill/competence
http://data.europa.eu/esco/occupation/custom-89786d348475e1b38e2ee9b1cb4186e6,http://data.europa.eu/esco/skill/47b9bbcf-356c-4782-83a4-7f5a1b2b51a3,optional,knowledge
http://data.europa.eu/esco/occupation/custom-89786d348475e1b38e2ee9b1cb4186e6,http://data.europa.eu/esco/skill/484d048c-a5d1-46a5-b57f-45b69c0ac552,optional,skill/competence
http://data.europa.eu/esco/occupation/custom-89786d348475e1b38e2ee9b1cb4186e6,http://data.europa.eu/esco/skill/4959697d-3a24-4f46-af0c-b752318e6c54,optional,knowledge
http://data.europa.eu/esco/occupation/custom-89786d348475e1b38e2ee9b1cb4186e6,http://data.europa.eu/esco/skill/4c016b68-4116-468c-9dc6-42710c239e4a,optional,knowledge
http://data.europa.eu/esco/occupation/custom-89786d348475e1b38e2ee9b1cb4186e6,http://data.europa.eu/esco/skill/4d85b881-e490-4b4c-897a-2faa4ef53956,essential,skill/competence
http://data.europa.eu/esco/occupation/custom-89786d348475e1b38e2ee9b1cb4186e6,http://data.europa.eu/esco/skill/4da171e5-779c-4983-a76f-91c16751e99f,optional,knowledge
http://data.europa.eu/esco/occupation/custom-89786d348475e1b38e2ee9b1cb4186e6,http://data.europa.eu/esco/skill/4e6d2538-a48e-48a7-8dad-14b067cfcb8b,optional,knowledge
http://data.europa.eu/esco/occupation/custom-89786d348475e1b38e2ee9b1cb4186e6,http://data.europa.eu/esco/skill/51586df8-1c46-4b47-8583-773cb63bf00b,optional,knowledge
http://data.europa.eu/esco/occupation/custom-89786d348475e1b38e2ee9b1cb4186e6,http://data.europa.eu/esco/skill/52cf3037-ab53-4806-85ed-7fd21ea7f6a1,optional,knowledge
http://data.europa.eu/esco/occupation/custom-89786d348475e1b38e2ee9b1cb4186e6,http://data.europa.eu/esco/skill/56a7f561-1d55-43c9-9cd7-36a0a9bc6c50,optional,knowledge
http://data.europa.eu/esco/occupation/custom-89786d348475e1b38e2ee9b1cb4186e6,http://data.europa.eu/esco/skill/57231a22-4da7-49c8-97b8-75672feadf1e,essential,skill/competence
http://data.europa.eu/esco/occupation/custom-89786d348475e1b38e2ee9b1cb4186e6,http://data.europa.eu/esco/skill/58d7a289-dafd-4363-833f-d1dc4140885e,optional,knowledge
http://data.europa.eu/esco/occupation/custom-89786d348475e1b38e2ee9b1cb4186e6,http://data.europa.eu/esco/skill/5da73370-f6b9-417d-a94c-09bf01f84aa2,optional,skill/competence
http://data.europa.eu/esco/occupation/custom-89786d348475e1b38e2ee9b1cb4186e6,http://data.europa.eu/esco/skill/5da8018b-ae85-4cde-ad93-0394369018f3,optional,knowledge
http://data.europa.eu/esco/occupation/custom-89786d348475e1b38e2ee9b1cb4186e6,http://data.europa.eu/esco/skill/611ed16b-99bf-4840-9cab-f55d1d286e0a,essential,skill/competence
http://data.europa.eu/esco/occupation/custom-89786d348475e1b38e2ee9b1cb4186e6,http://data.europa.eu/esco/skill/629685b8-5f9e-4522-8cff-b3e2c4ec625a,essential,
http://data.europa.eu/esco/occupation/custom-89786d348475e1b38e2ee9b1cb4186e6,http://data.europa.eu/esco/skill/64db87c7-2360-4e20-88d3-d222402e477c,essential,skill/competence
http://data.europa.eu/esco/occupation/custom-89786d348475e1b38e2ee9b1cb4186e6,http://data.europa.eu/esco/skill/65e58886-bd1e-4c5b-8ca5-8d9b353c8aa1,optional,knowledge
http://data.europa.eu/esco/occupation/custom-89786d348475e1b38e2ee9b1cb4186e6,http://data.europa.eu/esco/skill/69bbd53f-fbb0-4476-b4b2-ef7844464e28,essential,knowledge
http://data.europa.eu/esco/occupation/custom-89786d348475e1b38e2ee9b1cb4186e6,http://data.europa.eu/esco/skill/6c08403c-a5bb-4868-b8c2-b7d039c0e511,essential,skill/competence
http://data.europa.eu/esco/occupation/custom-89786d348475e1b38e2ee9b1cb4186e6,http://data.europa.eu/esco/skill/7369f779-4b71-4aab-8836-48b69c676eec,essential,skill/competence
http://data.europa.eu/esco/occupation/custom-89786d348475e1b38e2ee9b1cb4186e6,http://data.europa.eu/esco/skill/75f839c2-fd9a-4ad3-8921-6e734608568d,optional,skill/competence
http://data.europa.eu/esco/occupation/custom-89786d348475e1b38e2ee9b1cb4186e6,http://data.europa.eu/esco/skill/772a9c72-abef-4333-9788-f4cb48ad8e08,essential,skill/competence
http://data.europa.eu/esco/occupation/custom-89786d348475e1b38e2ee9b1cb4186e6,http://data.europa.eu/esco/skill/7814e88f-c133-4c3b-b27f-857afa145d42,essential,knowledge
http://data.europa.eu/esco/occupation/custom-89786d348475e1b38e2ee9b1cb4186e6,http://data.europa.eu/esco/skill/7b5cce4d-c7fe-4119-b48f-70aa05391787,essential,knowledge
http://data.europa.eu/esco/occupation/custom-89786d348475e1b38e2ee9b1cb4186e6,http://data.europa.eu/esco/skill/7e796b51-49d7-4e73-95af-2e7323763f15,essential,skill/competence
http://data.europa.eu/esco/occupation/custom-89786d348475e1b38e2ee9b1cb4186e6,http://data.europa.eu/esco/skill/7ee4c2ea-b349-4bd2-81a3-ec31475d4833,optional,knowledge
http://data.europa.eu/esco/occupation/custom-89786d348475e1b38e2ee9b1cb4186e6,http://data.europa.eu/esco/skill/82de2df7-0d6c-42b1-94ac-b3e9a029e917,optional,skill/competence
http://data.europa.eu/esco/occupation/custom-89786d348475e1b38e2ee9b1cb4186e6,http://data.europa.eu/esco/skill/8369ede5-4200-4a44-be2e-bc60ef959259,optional,knowledge
http://data.europa.eu/esco/occupation/custom-89786d348475e1b38e2ee9b1cb4186e6,http://data.europa.eu/esco/skill/84251cb1-babf-4d17-a3cd-baa642c24c8d,optional,knowledge
http://data.europa.eu/esco/occupation/custom-89786d348475e1b38e2ee9b1cb4186e6,http://data.europa.eu/esco/skill/84f58e3d-8669-4d83-8c1d-5dd1e73a654f,essential,skill/competence
http://data.europa.eu/esco/occupation/custom-89786d348475e1b38e2ee9b1cb4186e6,http://data.europa.eu/esco/skill/867137fb-ff1b-4ca3-99f3-cb6969aa2c68,optional,knowledge
http://data.europa.eu/esco/occupation/custom-89786d348475e1b38e2ee9b1cb4186e6,http://data.europa.eu/esco/skill/906323f4-00c4-4c3b-ab5a-8af77be3456e,essential,skill/competence
http://data.europa.eu/esco/occupation/custom-89786d348475e1b38e2ee9b1cb4186e6,http://data.europa.eu/esco/skill/97bd1c21-66b2-4b7e-ad0f-e3cda590e378,essential,knowledge
http://data.europa.eu/esco/occupation/custom-89786d348475e1b38e2ee9b1cb4186e6,http://data.europa.eu/esco/skill/98301d4a-2cc3-439d-8d7f-0b6ac76302bb,essential,knowledge
http://data.europa.eu/esco/occupation/custom-89786d348475e1b38e2ee9b1cb4186e6,http://data.europa.eu/esco/skill/99207709-d076-4cce-ba38-e90d3bb28806,essential,knowledge
http://data.europa.eu/esco/occupation/custom-89786d348475e1b38e2ee9b1cb4186e6,http://data.europa.eu/esco/skill/993b1e23-f2de-4bd8-b33f-f86dde1c8e9d,optional,knowledge
http://data.europa.eu/esco/occupation/custom-89786d348475e1b38e2ee9b1cb4186e6,http://data.europa.eu/esco/skill/9973a5a2-7822-4161-99e9-95c781eb63f8,optional,knowledge
http://data.europa.eu/esco/occupation/custom-89786d348475e1b38e2ee9b1cb4186e6,http://data.europa.eu/esco/skill/9cf681c7-89ec-470c-b651-7fe03786f586,essential,knowledge
http://data.europa.eu/esco/occupation/custom-89786d348475e1b38e2ee9b1cb4186e6,http://data.europa.eu/esco/skill/9d2f77af-4307-4ac5-bc50-a9980cec7e83,optional,skill/competence
http://data.europa.eu/esco/occupation/custom-89786d348475e1b38e2ee9b1cb4186e6,http://data.europa.eu/esco/skill/9ef0f3a0-9ce2-4ef1-a987-0366b5cb2dbe,essential,knowledge
http://data.europa.eu/esco/occupation/custom-89786d348475e1b38e2ee9b1cb4186e6,http://data.europa.eu/esco/skill/9ff9db9d-d14b-426e-83f3-e7449af6c79f,essential,skill/competence
http://data.europa.eu/esco/occupation/custom-89786d348475e1b38e2ee9b1cb4186e6,http://data.europa.eu/esco/skill/a4d336a6-9ffd-402a-91cc-f359716ba4e0,optional,knowledge
http://data.europa.eu/esco/occupation/custom-89786d348475e1b38e2ee9b1cb4186e6,http://data.europa.eu/esco/skill/a57a54b6-2f2e-43e4-9621-b52f4a63cb08,optional,knowledge
http://data.europa.eu/esco/occupation/custom-89786d348475e1b38e2ee9b1cb4186e6,http://data.europa.eu/esco/skill/a7f0fbe0-c546-4f30-8e41-34a58c64567e,essential,knowledge
http://data.europa.eu/esco/occupation/custom-89786d348475e1b38e2ee9b1cb4186e6,http://data.europa.eu/esco/skill/a8d07b5a-c1a1-42c6-9d53-db9c7a2ca996,optional,knowledge
http://data.europa.eu/esco/occupation/custom-89786d348475e1b38e2ee9b1cb4186e6,http://data.europa.eu/esco/skill/ab1e97ed-2319-4293-a8b7-072d2648822f,essential,knowledge
http://data.europa.eu/esco/occupation/custom-89786d348475e1b38e2ee9b1cb4186e6,http://data.europa.eu/esco/skill/ab67fbfb-0ca7-4345-8bf6-af8f59480212,optional,skill/competence
http://data.europa.eu/esco/occupation/custom-89786d348475e1b38e2ee9b1cb4186e6,http://data.europa.eu/esco/skill/b04f377b-ee80-4b38-aca1-19d266a23b17,essential,skill/competence
http://data.europa.eu/esco/occupation/custom-89786d348475e1b38e2ee9b1cb4186e6,http://data.europa.eu/esco/skill/b4dc6e4f-dc7d-445f-8ce2-d7b9d225e282,optional,knowledge
http://data.europa.eu/esco/occupation/custom-89786d348475e1b38e2ee9b1cb4186e6,http://data.europa.eu/esco/skill/b633eb55-8f1f-4ae6-ab4c-2022ffe2cb7f,optional,knowledge
http://data.europa.eu/esco/occupation/custom-89786d348475e1b38e2ee9b1cb4186e6,http://data.europa.eu/esco/skill/b8eb2517-37d8-43e6-9856-9c29d5c51fde,optional,knowledge
http://data.europa.eu/esco/occupation/custom-89786d348475e1b38e2ee9b1cb4186e6,http://data.europa.eu/esco/skill/bb99af26-71ff-4dca-bde7-1eb1f6194426,optional,knowledge
http://data.europa.eu/esco/occupation/custom-89786d348475e1b38e2ee9b1cb4186e6,http://data.europa.eu/esco/skill/bd14968e-e409-45af-b362-3495ed7b10e0,essential,knowledge
http://data.europa.eu/esco/occupation/custom-89786d348475e1b38e2ee9b1cb4186e6,http://data.europa.eu/esco/skill/be80acfc-b6f2-4411-9b8d-b19d9cd2556a,optional,knowledge
http://data.europa.eu/esco/occupation/custom-89786d348475e1b38e2ee9b1cb4186e6,http://data.europa.eu/esco/skill/bec4359e-cb92-468f-a997-8fb28e32fba9,optional,knowledge
http://data.europa.eu/esco/occupation/custom-89786d348475e1b38e2ee9b1cb4186e6,http://data.europa.eu/esco/skill/c062bab3-3ea0-4291-9220-a2d8fef4bead,optional,knowledge
http://data.europa.eu/esco/occupation/custom-89786d348475e1b38e2ee9b1cb4186e6,http://data.europa.eu/esco/skill/c32ad607-0c4d-4e34-b73f-668298f7bf13,optional,skill/competence
http://data.europa.eu/esco/occupation/custom-89786d348475e1b38e2ee9b1cb4186e6,http://data.europa.eu/esco/skill/c3a03c5a-c260-4c26-9b9a-873abb396f4d,optional,knowledge
http://data.europa.eu/esco/occupation/custom-89786d348475e1b38e2ee9b1cb4186e6,http://data.europa.eu/esco/skill/c5e8abde-d2ba-4e8e-a65e-720b71180666,essential,knowledge
http://data.europa.eu/esco/occupation/custom-89786d348475e1b38e2ee9b1cb4186e6,http://data.europa.eu/esco/skill/c5ed451b-ef39-47a3-aee7-8f5be0aa8431,optional,knowledge
http://data.europa.eu/esco/occupation/custom-89786d348475e1b38e2ee9b1cb4186e6,http://data.europa.eu/esco/skill/c7d24594-0c11-4b27-9039-fe0bb903da8e,optional,knowledge
http://data.europa.eu/esco/occupation/custom-89786d348475e1b38e2ee9b1cb4186e6,http://data.europa.eu/esco/skill/cace7a77-38b7-4cdf-8171-e17692bef5f6,optional,skill/competence
http://data.europa.eu/esco/occupation/custom-89786d348475e1b38e2ee9b1cb4186e6,http://data.europa.eu/esco/skill/cb5cccc9-abe4-4b11-abe6-d27e5cd85fb1,essential,skill/competence
http://data.europa.eu/esco/occupation/custom-89786d348475e1b38e2ee9b1cb4186e6,http://data.europa.eu/esco/skill/cbe2c304-1e7d-489a-97d9-a7d3e37a9db6,essential,skill/competence
http://data.europa.eu/esco/occupation/custom-89786d348475e1b38e2ee9b1cb4186e6,http://data.europa.eu/esco/skill/ccd0a1d9-afda-43d9-b901-96344886e14d,optional,knowledge
http://data.europa.eu/esco/occupation/custom-89786d348475e1b38e2ee9b1cb4186e6,http://data.europa.eu/esco/skill/cdd8b6b2-2fd9-453c-8d62-8a1dc6efcd49,essential,knowledge
http://data.europa.eu/esco/occupation/custom-89786d348475e1b38e2ee9b1cb4186e6,http://data.europa.eu/esco/skill/d3286405-49f8-4e8a-8046-a4376b4e7963,optional,skill/competence
http://data.europa.eu/esco/occupation/custom-89786d348475e1b38e2ee9b1cb4186e6,http://data.europa.eu/esco/skill/d56fc2b5-4b0a-4e7e-9bde-a33736f6ff18,optional,knowledge
http://data.europa.eu/esco/occupation/custom-89786d348475e1b38e2ee9b1cb4186e6,http://data.europa.eu/esco/skill/d5a59ca8-2e91-472e-8571-d12ce4478679,optional,knowledge
http://data.europa.eu/esco/occupation/custom-89786d348475e1b38e2ee9b1cb4186e6,http://data.europa.eu/esco/skill/d9e5349e-8791-49c2-8ba4-839fdd1606c2,essential,skill/competence
http://data.europa.eu/esco/occupation/custom-89786d348475e1b38e2ee9b1cb4186e6,http://data.europa.eu/esco/skill/d9eaf831-9348-4330-a83e-b7c099cdc8f6,optional,knowledge
http://data.europa.eu/esco/occupation/custom-89786d348475e1b38e2ee9b1cb4186e6,http://data.europa.eu/esco/skill/da6393d5-a53c-4863-abc7-51f36281d74e,optional,knowledge
http://data.europa.eu/esco/occupation/custom-89786d348475e1b38e2ee9b1cb4186e6,http://data.europa.eu/esco/skill/dc72ad0a-c5dc-4abd-bc0d-ca43e82162e1,optional,skill/competence
http://data.europa.eu/esco/occupation/custom-89786d348475e1b38e2ee9b1cb4186e6,http://data.europa.eu/esco/skill/dcdd5ddf-82a6-4ac3-8edc-d4b23cae9a88,optional,knowledge
http://data.europa.eu/esco/occupation/custom-89786d348475e1b38e2ee9b1cb4186e6,http://data.europa.eu/esco/skill/de9f85ba-e77f-48fd-8c66-f5ebaf32d655,optional,knowledge
http://data.europa.eu/esco/occupation/custom-89786d348475e1b38e2ee9b1cb4186e6,http://data.europa.eu/esco/skill/def007fa-5fed-4a5f-91a2-b0d7e3db1be1,optional,knowledge
http://data.europa.eu/esco/occupation/custom-89786d348475e1b38e2ee9b1cb4186e6,http://data.europa.eu/esco/skill/e2d0daae-2aa1-40cc-99e2-b340b02f97d3,optional,knowledge
http://data.europa.eu/esco/occupation/custom-89786d348475e1b38e2ee9b1cb4186e6,http://data.europa.eu/esco/skill/e5a6e1e0-1b07-4432-83ba-77d593b2cb47,optional,knowledge
http://data.europa.eu/esco/occupation/custom-89786d348475e1b38e2ee9b1cb4186e6,http://data.europa.eu/esco/skill/e819cc1e-09d9-47f2-b418-93972852daef,optional,knowledge
http://data.europa.eu/esco/occupation/custom-89786d348475e1b38e2ee9b1cb4186e6,http://data.europa.eu/esco/skill/e8b89eb6-51e8-4c3a-babb-88b2e110376b,optional,knowledge
http://data.europa.eu/esco/occupation/custom-89786d348475e1b38e2ee9b1cb4186e6,http://data.europa.eu/esco/skill/eb0e5615-1575-4a86-a1a2-7d39595033c5,optional,knowledge
http://data.europa.eu/esco/occupation/custom-89786d348475e1b38e2ee9b1cb4186e6,http://data.europa.eu/esco/skill/edebd83d-35f6-4ed5-a940-6c203d178c01,optional,knowledge
http://data.europa.eu/esco/occupation/custom-89786d348475e1b38e2ee9b1cb4186e6,http://data.europa.eu/esco/skill/f2d57f41-43b4-4f5b-8100-3df5c21eda50,essential,skill/competence
http://data.europa.eu/esco/occupation/custom-89786d348475e1b38e2ee9b1cb4186e6,http://data.europa.eu/esco/skill/f597f772-24d3-4cec-813c-cf5a7027c794,optional,knowledge
http://data.europa.eu/esco/occupation/custom-89786d348475e1b38e2ee9b1cb4186e6,http://data.europa.eu/esco/skill/f5dd06b8-5d17-4932-9d03-957d0c4f5051,optional,skill/competence
http://data.europa.eu/esco/occupation/custom-89786d348475e1b38e2ee9b1cb4186e6,http://data.europa.eu/esco/skill/f9670490-8aa4-4540-b121-d440a8294aab,essential,skill/competence
http://data.europa.eu/esco/occupation/custom-89786d348475e1b38e2ee9b1cb4186e6,http://data.europa.eu/esco/skill/fbafa41f-cd05-4109-a649-8b44d306d779,optional,skill/competence
http://data.europa.eu/esco/occupation/custom-89786d348475e1b38e2ee9b1cb4186e6,http://data.europa.eu/esco/skill/fd33c66c-70c4-40e6-b87c-5495bd3bf26e,optional,skill/competence
http://data.europa.eu/esco/occupation/custom-89786d348475e1b38e2ee9b1cb4186e6,http://data.europa.eu/esco/skill/fd6d2981-3d4a-4ce2-9741-cfc98c5b74bd,essential,skill/competence
http://data.europa.eu/esco/occupation/custom-89786d348475e1b38e2ee9b1cb4186e6,http://data.europa.eu/esco/skill/fecf8a0d-62c4-4e71-9b03-0f4fc2ad7bf5,essential,knowledge
http://data.europa.eu/esco/occupation/custom-89786d348475e1b38e2ee9b1cb4186e6,http://data.europa.eu/esco/skill/ffddfc7c-a9dd-449f-9e96-882dc447c8b6,optional,knowledge
http://data.europa.eu/esco/occupation/custom-8e2efb50fbf2b9716382812bdfd48744,http://data.europa.eu/esco/skill/03ff0d53-573a-47a0-a0ad-1995815a4339,optional,knowledge
http://data.europa.eu/esco/occupation/custom-8e2efb50fbf2b9716382812bdfd48744,http://data.europa.eu/esco/skill/06358891-8424-43c5-891e-d40f226bef40,essential,skill/competence
http://data.europa.eu/esco/occupation/custom-8e2efb50fbf2b9716382812bdfd48744,http://data.europa.eu/esco/skill/09f2f811-a3fb-4de3-a70f-6420a6935575,optional,knowledge
http://data.europa.eu/esco/occupation/custom-8e2efb50fbf2b9716382812bdfd48744,http://data.europa.eu/esco/skill/0af062de-eb43-41e9-9b96-249e2cd22d26,optional,skill/competence
http://data.europa.eu/esco/occupation/custom-8e2efb50fbf2b9716382812bdfd48744,http://data.europa.eu/esco/skill/0cc9c234-f817-4f4c-908a-4d28fe3b0f4a,optional,skill/competence
http://data.europa.eu/esco/occupation/custom-8e2efb50fbf2b9716382812bdfd48744,http://data.europa.eu/esco/skill/14d1e367-3efe-4ec5-86ae-eca48710ee4e,optional,skill/competence
http://data.europa.eu/esco/occupation/custom-8e2efb50fbf2b9716382812bdfd48744,http://data.europa.eu/esco/skill/1dae8445-12e5-423a-bb26-824010e299b9,essential,skill/competence
http://data.europa.eu/esco/occupation/custom-8e2efb50fbf2b9716382812bdfd48744,http://data.europa.eu/esco/skill/1e7ed56a-6d6b-422f-962e-38543d150755,optional,skill/competence
http://data.europa.eu/esco/occupation/custom-8e2efb50fbf2b9716382812bdfd48744,http://data.europa.eu/esco/skill/3579208e-49b3-4ce4-98e7-20e41b1ce8d4,optional,skill/competence
http://data.europa.eu/esco/occupation/custom-8e2efb50fbf2b9716382812bdfd48744,http://data.europa.eu/esco/skill/3be6b84a-fa78-42b9-a8df-150cdb40b9d7,optional,knowledge
http://data.europa.eu/esco/occupation/custom-8e2efb50fbf2b9716382812bdfd48744,http://data.europa.eu/esco/skill/3cd569a2-4f88-4c1e-9995-8dce8c5e51a7,optional,knowledge
http://data.europa.eu/esco/occupation/custom-8e2efb50fbf2b9716382812bdfd48744,http://data.europa.eu/esco/skill/3e9b580d-811b-48df-a5d1-a7bdd26f901f,essential,skill/competence
http://data.europa.eu/esco/occupation/custom-8e2efb50fbf2b9716382812bdfd48744,http://data.europa.eu/esco/skill/3ff589b7-68df-4ea5-ae41-b395bdb2378f,optional,knowledge
http://data.europa.eu/esco/occupation/custom-8e2efb50fbf2b9716382812bdfd48744,http://data.europa.eu/esco/skill/4350c38d-0fe9-4ca7-bab9-40ed7f72b04f,optional,knowledge
http://data.europa.eu/esco/occupation/custom-8e2efb50fbf2b9716382812bdfd48744,http://data.europa.eu/esco/skill/501537a7-9d63-491d-ae02-09f04767ff1e,essential,knowledge
http://data.europa.eu/esco/occupation/custom-8e2efb50fbf2b9716382812bdfd48744,http://data.europa.eu/esco/skill/5b8a3dd2-de10-48a0-8ce5-522f1fff8450,essential,skill/competence
http://data.europa.eu/esco/occupation/custom-8e2efb50fbf2b9716382812bdfd48744,http://data.europa.eu/esco/skill/69bbd53f-fbb0-4476-b4b2-ef7844464e28,optional,knowledge
http://data.europa.eu/esco/occupation/custom-8e2efb50fbf2b9716382812bdfd48744,http://data.europa.eu/esco/skill/69cfc5ed-6569-4aca-a4cc-fd782ba51d9c,essential,skill/competence
http://data.europa.eu/esco/occupation/custom-8e2efb50fbf2b9716382812bdfd48744,http://data.europa.eu/esco/skill/6a536b36-c5c7-4d10-bf67-a4fb0f8549b2,essential,knowledge
http://data.europa.eu/esco/occupation/custom-8e2efb50fbf2b9716382812bdfd48744,http://data.europa.eu/esco/skill/71717c33-dd63-4acf-b052-a5fd5d9fc490,optional,skill/competence
http://data.europa.eu/esco/occupation/custom-8e2efb50fbf2b9716382812bdfd48744,http://data.europa.eu/esco/skill/7253d98c-4a6d-4e37-8b6c-accca9f4b639,optional,skill/competence
http://data.europa.eu/esco/occupation/custom-8e2efb50fbf2b9716382812bdfd48744,http://data.europa.eu/esco/skill/751941a0-5645-4f8b-b97e-b252909d5edb,essential,skill/competence
http://data.europa.eu/esco/occupation/custom-8e2efb50fbf2b9716382812bdfd48744,http://data.europa.eu/esco/skill/7814e88f-c133-4c3b-b27f-857afa145d42,optional,knowledge
http://data.europa.eu/esco/occupation/custom-8e2efb50fbf2b9716382812bdfd48744,http://data.europa.eu/esco/skill/79f24a62-7718-46e1-9b41-37be0560a5ca,optional,knowledge
http://data.europa.eu/esco/occupation/custom-8e2efb50fbf2b9716382812bdfd48744,http://data.europa.eu/esco/skill/7a17d7ce-01a2-4746-bbcc-22ffe22fa16e,essential,skill/competence
http://data.europa.eu/esco/occupation/custom-8e2efb50fbf2b9716382812bdfd48744,http://data.europa.eu/esco/skill/7e1f9657-ab4e-407c-842f-b846197060e3,essential,skill/competence
http://data.europa.eu/esco/occupation/custom-8e2efb50fbf2b9716382812bdfd48744,http://data.europa.eu/esco/skill/8088750d-8388-4170-a76f-48354c469c44,essential,knowledge
http://data.europa.eu/esco/occupation/custom-8e2efb50fbf2b9716382812bdfd48744,http://data.europa.eu/esco/skill/8d4271ca-c9fd-40b3-875f-15f78332a49e,essential,knowledge
http://data.europa.eu/esco/occupation/custom-8e2efb50fbf2b9716382812bdfd48744,http://data.europa.eu/esco/skill/94dd823c-148e-4614-a6e8-99249b16357d,essential,knowledge
http://data.europa.eu/esco/occupation/custom-8e2efb50fbf2b9716382812bdfd48744,http://data.europa.eu/esco/skill/9bb7a97a-1a16-431e-8ea6-ad0f9f59aa0a,essential,knowledge
http://data.europa.eu/esco/occupation/custom-8e2efb50fbf2b9716382812bdfd48744,http://data.europa.eu/esco/skill/a56dec32-05ef-45de-a256-ee6741f356db,optional,knowledge
http://data.europa.eu/esco/occupation/custom-8e2efb50fbf2b9716382812bdfd48744,http://data.europa.eu/esco/skill/a846cb9e-c152-41e7-bd34-45e7ff941e3b,optional,knowledge
http://data.europa.eu/esco/occupation/custom-8e2efb50fbf2b9716382812bdfd48744,http://data.europa.eu/esco/skill/b4dc6e4f-dc7d-445f-8ce2-d7b9d225e282,optional,knowledge
http://data.europa.eu/esco/occupation/custom-8e2efb50fbf2b9716382812bdfd48744,http://data.europa.eu/esco/skill/b8271c8a-cba6-4baa-80f5-6361af3f07e3,essential,skill/competence
http://data.europa.eu/esco/occupation/custom-8e2efb50fbf2b9716382812bdfd48744,http://data.europa.eu/esco/skill/b9bf9e17-ae47-417b-bbb1-e8b7c263ccac,essential,skill/competence
http://data.europa.eu/esco/occupation/custom-8e2efb50fbf2b9716382812bdfd48744,http://data.europa.eu/esco/skill/bd14968e-e409-45af-b362-3495ed7b10e0,optional,knowledge
http://data.europa.eu/esco/occupation/custom-8e2efb50fbf2b9716382812bdfd48744,http://data.europa.eu/esco/skill/dc72ad0a-c5dc-4abd-bc0d-ca43e82162e1,essential,skill/competence
http://data.europa.eu/esco/occupation/custom-8e2efb50fbf2b9716382812bdfd48744,http://data.europa.eu/esco/skill/e54ff029-1ce9-447d-a5b2-eb7283a23e6e,optional,skill/competence
http://data.europa.eu/esco/occupation/custom-8e2efb50fbf2b9716382812bdfd48744,http://data.europa.eu/esco/skill/ed0718f6-5823-4c74-9749-2936c9c06203,essential,skill/competence
http://data.europa.eu/esco/occupation/custom-8e2efb50fbf2b9716382812bdfd48744,http://data.europa.eu/esco/skill/f0393af3-bcd9-41af-a36e-0cfb83b60081,essential,skill/competence
http://data.europa.eu/esco/occupation/custom-8e2efb50fbf2b9716382812bdfd48744,http://data.europa.eu/esco/skill/f2c63b7a-ed6c-4890-9f8c-7685d172624c,optional,skill/competence
http://data.europa.eu/esco/occupation/custom-8e2efb50fbf2b9716382812bdfd48744,http://data.europa.eu/esco/skill/fafe0b9d-dbd9-46bd-b770-26299539ce66,optional,knowledge
http://data.europa.eu/esco/occupation/custom-98baef4429d713e0a56ae4032a7bd6bc,http://data.europa.eu/esco/skill/000f1d3d-220f-4789-9c0a-cc742521fb02,optional,knowledge
http://data.europa.eu/esco/occupation/custom-98baef4429d713e0a56ae4032a7bd6bc,http://data.europa.eu/esco/skill/034c29fa-c3ba-45ea-b8f3-bf8e3705e386,optional,knowledge
http://data.europa.eu/esco/occupation/custom-98baef4429d713e0a56ae4032a7bd6bc,http://data.europa.eu/esco/skill/04f1b938-d4d4-4cb1-a863-982af76b9d93,optional,knowledge
http://data.europa.eu/esco/occupation/custom-98baef4429d713e0a56ae4032a7bd6bc,http://data.europa.eu/esco/skill/04fe962b-4017-4eb7-9139-7d69b6922bc9,essential,skill/competence
http://data.europa.eu/esco/occupation/custom-98baef4429d713e0a56ae4032a7bd6bc,http://data.europa.eu/esco/skill/09f2f811-a3fb-4de3-a70f-6420a6935575,essential,knowledge
http://data.europa.eu/esco/occupation/custom-98baef4429d713e0a56ae4032a7bd6bc,http://data.europa.eu/esco/skill/0a9acb6b-1139-4be9-b431-3a80a959f2f4,optional,knowledge
http://data.europa.eu/esco/occupation/custom-98baef4429d713e0a56ae4032a7bd6bc,http://data.europa.eu/esco/skill/0af062de-eb43-41e9-9b96-249e2cd22d26,optional,skill/competence
http://data.europa.eu/esco/occupation/custom-98baef4429d713e0a56ae4032a7bd6bc,http://data.europa.eu/esco/skill/0ccdfe98-f845-4598-84a1-3dca66e9d9a3,optional,knowledge
http://data.europa.eu/esco/occupation/custom-98baef4429d713e0a56ae4032a7bd6bc,http://data.europa.eu/esco/skill/0cd6dcf1-5778-42a5-b685-4d01ae4a4871,optional,knowledge
http://data.europa.eu/esco/occupation/custom-98baef4429d713e0a56ae4032a7bd6bc,http://data.europa.eu/esco/skill/0d168770-4d9c-4096-b048-a6577818d306,optional,knowledge
http://data.europa.eu/esco/occupation/custom-98baef4429d713e0a56ae4032a7bd6bc,http://data.europa.eu/esco/skill/0de61385-de6d-4146-ba32-1cc1bc102220,optional,knowledge
http://data.europa.eu/esco/occupation/custom-98baef4429d713e0a56ae4032a7bd6bc,http://data.europa.eu/esco/skill/11430d93-c835-48ed-8e70-285fa69c9ae6,optional,skill/competence
http://data.europa.eu/esco/occupation/custom-98baef4429d713e0a56ae4032a7bd6bc,http://data.europa.eu/esco/skill/13bdd41a-2a18-441f-96db-41252c519413,optional,knowledge
http://data.europa.eu/esco/occupation/custom-98baef4429d713e0a56ae4032a7bd6bc,http://data.europa.eu/esco/skill/172020d1-e151-445b-8173-e2a5fb16fe51,optional,skill/competence
http://data.europa.eu/esco/occupation/custom-98baef4429d713e0a56ae4032a7bd6bc,http://data.europa.eu/esco/skill/19a8293b-8e95-4de3-983f-77484079c389,optional,knowledge
http://data.europa.eu/esco/occupation/custom-98baef4429d713e0a56ae4032a7bd6bc,http://data.europa.eu/esco/skill/1dd23dba-dd00-45ab-abf4-642902538317,optional,skill/competence
http://data.europa.eu/esco/occupation/custom-98baef4429d713e0a56ae4032a7bd6bc,http://data.europa.eu/esco/skill/21d2f96d-35f7-4e3f-9745-c533d2dd6e97,optional,knowledge
http://data.europa.eu/esco/occupation/custom-98baef4429d713e0a56ae4032a7bd6bc,http://data.europa.eu/esco/skill/283cbcd3-7101-4dbb-be37-56f3625515b1,optional,skill/competence
http://data.europa.eu/esco/occupation/custom-98baef4429d713e0a56ae4032a7bd6bc,http://data.europa.eu/esco/skill/2857540c-180b-4208-9127-e94a01871966,essential,skill/competence
http://data.europa.eu/esco/occupation/custom-98baef4429d713e0a56ae4032a7bd6bc,http://data.europa.eu/esco/skill/2bde42ae-e776-41c1-9ded-b07b30bfe985,optional,knowledge
http://data.europa.eu/esco/occupation/custom-98baef4429d713e0a56ae4032a7bd6bc,http://data.europa.eu/esco/skill/2c28fc20-8a60-4311-8899-5ef8729c05b3,essential,skill/competence
http://data.europa.eu/esco/occupation/custom-98baef4429d713e0a56ae4032a7bd6bc,http://data.europa.eu/esco/skill/300d432b-f457-4cd3-9cb1-1858c7d14954,optional,knowledge
http://data.europa.eu/esco/occupation/custom-98baef4429d713e0a56ae4032a7bd6bc,http://data.europa.eu/esco/skill/339ac029-066a-4985-9f9d-b3d7c8fea0bb,optional,skill/competence
http://data.europa.eu/esco/occupation/custom-98baef4429d713e0a56ae4032a7bd6bc,http://data.europa.eu/esco/skill/38716afc-a93b-44ab-96cc-2ecf67edcf32,optional,skill/competence
http://data.europa.eu/esco/occupation/custom-98baef4429d713e0a56ae4032a7bd6bc,http://data.europa.eu/esco/skill/3bddfd7c-ab6d-40c2-883d-5e97fb7640ba,essential,skill/competence
http://data.europa.eu/esco/occupation/custom-98baef4429d713e0a56ae4032a7bd6bc,http://data.europa.eu/esco/skill/3cd569a2-4f88-4c1e-9995-8dce8c5e51a7,optional,knowledge
http://data.europa.eu/esco/occupation/custom-98baef4429d713e0a56ae4032a7bd6bc,http://data.europa.eu/esco/skill/401eb8d8-6daa-4f8b-90ad-60afc71eb4f8,optional,knowledge
http://data.europa.eu/esco/occupation/custom-98baef4429d713e0a56ae4032a7bd6bc,http://data.europa.eu/esco/skill/42ed3bfb-1a01-4c8b-9758-fc6438865734,optional,knowledge
http://data.europa.eu/esco/occupation/custom-98baef4429d713e0a56ae4032a7bd6bc,http://data.europa.eu/esco/skill/4350c38d-0fe9-4ca7-bab9-40ed7f72b04f,optional,knowledge
http://data.europa.eu/esco/occupation/custom-98baef4429d713e0a56ae4032a7bd6bc,http://data.europa.eu/esco/skill/47b9bbcf-356c-4782-83a4-7f5a1b2b51a3,optional,knowledge
http://data.europa.eu/esco/occupation/custom-98baef4429d713e0a56ae4032a7bd6bc,http://data.europa.eu/esco/skill/48b68726-0fd6-4e03-a5eb-82236516ee7a,essential,skill/competence
http://data.europa.eu/esco/occupation/custom-98baef4429d713e0a56ae4032a7bd6bc,http://data.europa.eu/esco/skill/4c016b68-4116-468c-9dc6-42710c239e4a,optional,knowledge
http://data.europa.eu/esco/occupation/custom-98baef4429d713e0a56ae4032a7bd6bc,http://data.europa.eu/esco/skill/51586df8-1c46-4b47-8583-773cb63bf00b,optional,knowledge
http://data.europa.eu/esco/occupation/custom-98baef4429d713e0a56ae4032a7bd6bc,http://data.europa.eu/esco/skill/52cf3037-ab53-4806-85ed-7fd21ea7f6a1,optional,knowledge
http://data.europa.eu/esco/occupation/custom-98baef4429d713e0a56ae4032a7bd6bc,http://data.europa.eu/esco/skill/56a7f561-1d55-43c9-9cd7-36a0a9bc6c50,optional,knowledge
http://data.europa.eu/esco/occupation/custom-98baef4429d713e0a56ae4032a7bd6bc,http://data.europa.eu/esco/skill/58d7a289-dafd-4363-833f-d1dc4140885e,optional,knowledge
http://data.europa.eu/esco/occupation/custom-98baef4429d713e0a56ae4032a7bd6bc,http://data.europa.eu/esco/skill/5be3d306-6cf1-4b49-aa1d-01651dd4ba4c,essential,knowledge
http://data.europa.eu/esco/occupation/custom-98baef4429d713e0a56ae4032a7bd6bc,http://data.europa.eu/esco/skill/6417a4cc-6f61-4459-a114-761a7fa0279d,optional,knowledge
http://data.europa.eu/esco/occupation/custom-98baef4429d713e0a56ae4032a7bd6bc,http://data.europa.eu/esco/skill/69bbd53f-fbb0-4476-b4b2-ef7844464e28,optional,knowledge
http://data.europa.eu/esco/occupation/custom-98baef4429d713e0a56ae4032a7bd6bc,http://data.europa.eu/esco/skill/69f0167e-75d9-46cf-847f-72a592880ebb,optional,knowledge
http://data.europa.eu/esco/occupation/custom-98baef4429d713e0a56ae4032a7bd6bc,http://data.europa.eu/esco/skill/6c08403c-a5bb-4868-b8c2-b7d039c0e511,optional,skill/competence
http://data.europa.eu/esco/occupation/custom-98baef4429d713e0a56ae4032a7bd6bc,http://data.europa.eu/esco/skill/6f1edc19-191f-4ba5-a048-ee69aff05bab,optional,knowledge
http://data.europa.eu/esco/occupation/custom-98baef4429d713e0a56ae4032a7bd6bc,http://data.europa.eu/esco/skill/6f8a40d6-f9ce-43ec-a72f-d4213a53f3ed,optional,knowledge
http://data.europa.eu/esco/occupation/custom-98baef4429d713e0a56ae4032a7bd6bc,http://data.europa.eu/esco/skill/71746a0b-e58d-4dc4-ad03-bd84082eae21,essential,skill/competence
http://data.europa.eu/esco/occupation/custom-98baef4429d713e0a56ae4032a7bd6bc,http://data.europa.eu/esco/skill/7193cb6d-8334-494f-86e5-21e6d03a47c3,essential,knowledge
http://data.europa.eu/esco/occupation/custom-98baef4429d713e0a56ae4032a7bd6bc,http://data.europa.eu/esco/skill/744442ac-c157-4350-8be0-ce454df4f5c5,optional,skill/competence
http://data.europa.eu/esco/occupation/custom-98baef4429d713e0a56ae4032a7bd6bc,http://data.europa.eu/esco/skill/7482a123-e801-48de-9733-262125671410,optional,knowledge
http://data.europa.eu/esco/occupation/custom-98baef4429d713e0a56ae4032a7bd6bc,http://data.europa.eu/esco/skill/75f839c2-fd9a-4ad3-8921-6e734608568d,optional,skill/competence
http://data.europa.eu/esco/occupation/custom-98baef4429d713e0a56ae4032a7bd6bc,http://data.europa.eu/esco/skill/7814e88f-c133-4c3b-b27f-857afa145d42,optional,knowledge
http://data.europa.eu/esco/occupation/custom-98baef4429d713e0a56ae4032a7bd6bc,http://data.europa.eu/esco/skill/797a4416-0b8d-44f3-8fcd-eb10bd0be6b4,optional,skill/competence
http://data.europa.eu/esco/occupation/custom-98baef4429d713e0a56ae4032a7bd6bc,http://data.europa.eu/esco/skill/7e796b51-49d7-4e73-95af-2e7323763f15,optional,skill/competence
http://data.europa.eu/esco/occupation/custom-98baef4429d713e0a56ae4032a7bd6bc,http://data.europa.eu/esco/skill/8369ede5-4200-4a44-be2e-bc60ef959259,optional,knowledge
http://data.europa.eu/esco/occupation/custom-98baef4429d713e0a56ae4032a7bd6bc,http://data.europa.eu/esco/skill/83b33952-3872-46ec-9a2e-b28f91303a7e,essential,skill/competence
http://data.europa.eu/esco/occupation/custom-98baef4429d713e0a56ae4032a7bd6bc,http://data.europa.eu/esco/skill/867137fb-ff1b-4ca3-99f3-cb6969aa2c68,optional,knowledge
http://data.europa.eu/esco/occupation/custom-98baef4429d713e0a56ae4032a7bd6bc,http://data.europa.eu/esco/skill/901105f8-3a08-453e-b1dc-23619e317fd3,essential,skill/competence
http://data.europa.eu/esco/occupation/custom-98baef4429d713e0a56ae4032a7bd6bc,http://data.europa.eu/esco/skill/98301d4a-2cc3-439d-8d7f-0b6ac76302bb,essential,knowledge
http://data.europa.eu/esco/occupation/custom-98baef4429d713e0a56ae4032a7bd6bc,http://data.europa.eu/esco/skill/993b1e23-f2de-4bd8-b33f-f86dde1c8e9d,optional,knowledge
http://data.europa.eu/esco/occupation/custom-98baef4429d713e0a56ae4032a7bd6bc,http://data.europa.eu/esco/skill/9973a5a2-7822-4161-99e9-95c781eb63f8,optional,knowledge
http://data.europa.eu/esco/occupation/custom-98baef4429d713e0a56ae4032a7bd6bc,http://data.europa.eu/esco/skill/9d2e926f-53d9-41f5-98f3-19dfaa687f3f,essential,knowledge
http://data.europa.eu/esco/occupation/custom-98baef4429d713e0a56ae4032a7bd6bc,http://data.europa.eu/esco/skill/a4d336a6-9ffd-402a-91cc-f359716ba4e0,optional,knowledge
http://data.europa.eu/esco/occupation/custom-98baef4429d713e0a56ae4032a7bd6bc,http://data.europa.eu/esco/skill/af7ae54f-4649-4c16-87c7-59ba41d4d57f,optional,knowledge
http://data.europa.eu/esco/occupation/custom-98baef4429d713e0a56ae4032a7bd6bc,http://data.europa.eu/esco/skill/b04f377b-ee80-4b38-aca1-19d266a23b17,essential,skill/competence
http://data.europa.eu/esco/occupation/custom-98baef4429d713e0a56ae4032a7bd6bc,http://data.europa.eu/esco/skill/b16bcbcb-1d3f-42b3-a6a5-b91348a72b70,optional,knowledge
http://data.europa.eu/esco/occupation/custom-98baef4429d713e0a56ae4032a7bd6bc,http://data.europa.eu/esco/skill/b4dc6e4f-dc7d-445f-8ce2-d7b9d225e282,optional,knowledge
http://data.europa.eu/esco/occupation/custom-98baef4429d713e0a56ae4032a7bd6bc,http://data.europa.eu/esco/skill/b633eb55-8f1f-4ae6-ab4c-2022ffe2cb7f,optional,knowledge
http://data.europa.eu/esco/occupation/custom-98baef4429d713e0a56ae4032a7bd6bc,http://data.europa.eu/esco/skill/bb99af26-71ff-4dca-bde7-1eb1f6194426,optional,knowledge
http://data.europa.eu/esco/occupation/custom-98baef4429d713e0a56ae4032a7bd6bc,http://data.europa.eu/esco/skill/be80acfc-b6f2-4411-9b8d-b19d9cd2556a,optional,knowledge
http://data.europa.eu/esco/occupation/custom-98baef4429d713e0a56ae4032a7bd6bc,http://data.europa.eu/esco/skill/bec4359e-cb92-468f-a997-8fb28e32fba9,optional,knowledge
http://data.europa.eu/esco/occupation/custom-98baef4429d713e0a56ae4032a7bd6bc,http://data.europa.eu/esco/skill/c3a03c5a-c260-4c26-9b9a-873abb396f4d,optional,knowledge
http://data.europa.eu/esco/occupation/custom-98baef4429d713e0a56ae4032a7bd6bc,http://data.europa.eu/esco/skill/c7451027-8249-405a-bb1b-342ff0f3fb3b,optional,knowledge
http://data.europa.eu/esco/occupation/custom-98baef4429d713e0a56ae4032a7bd6bc,http://data.europa.eu/esco/skill/cbe2c304-1e7d-489a-97d9-a7d3e37a9db6,optional,skill/competence
http://data.europa.eu/esco/occupation/custom-98baef4429d713e0a56ae4032a7bd6bc,http://data.europa.eu/esco/skill/ccd0a1d9-afda-43d9-b901-96344886e14d,optional,knowledge
http://data.europa.eu/esco/occupation/custom-98baef4429d713e0a56ae4032a7bd6bc,http://data.europa.eu/esco/skill/cdd8b6b2-2fd9-453c-8d62-8a1dc6efcd49,optional,knowledge
http://data.europa.eu/esco/occupation/custom-98baef4429d713e0a56ae4032a7bd6bc,http://data.europa.eu/esco/skill/d56fc2b5-4b0a-4e7e-9bde-a33736f6ff18,optional,knowledge
http://data.europa.eu/esco/occupation/custom-98baef4429d713e0a56ae4032a7bd6bc,http://data.europa.eu/esco/skill/d5a59ca8-2e91-472e-8571-d12ce4478679,optional,knowledge
http://data.europa.eu/esco/occupation/custom-98baef4429d713e0a56ae4032a7bd6bc,http://data.europa.eu/esco/skill/d9e5349e-8791-49c2-8ba4-839fdd1606c2,essential,skill/competence
http://data.europa.eu/esco/occupation/custom-98baef4429d713e0a56ae4032a7bd6bc,http://data.europa.eu/esco/skill/da6393d5-a53c-4863-abc7-51f36281d74e,optional,knowledge
http://data.europa.eu/esco/occupation/custom-98baef4429d713e0a56ae4032a7bd6bc,http://data.europa.eu/esco/skill/dc72ad0a-c5dc-4abd-bc0d-ca43e82162e1,essential,skill/competence
http://data.europa.eu/esco/occupation/custom-98baef4429d713e0a56ae4032a7bd6bc,http://data.europa.eu/esco/skill/dcdd5ddf-82a6-4ac3-8edc-d4b23cae9a88,optional,knowledge
http://data.europa.eu/esco/occupation/custom-98baef4429d713e0a56ae4032a7bd6bc,http://data.europa.eu/esco/skill/def007fa-5fed-4a5f-91a2-b0d7e3db1be1,optional,knowledge
http://data.europa.eu/esco/occupation/custom-98baef4429d713e0a56ae4032a7bd6bc,http://data.europa.eu/esco/skill/e8b89eb6-51e8-4c3a-babb-88b2e110376b,optional,knowledge
http://data.europa.eu/esco/occupation/custom-98baef4429d713e0a56ae4032a7bd6bc,http://data.europa.eu/esco/skill/eb0e5615-1575-4a86-a1a2-7d39595033c5,optional,knowledge
http://data.europa.eu/esco/occupation/custom-98baef4429d713e0a56ae4032a7bd6bc,http://data.europa.eu/esco/skill/f28617ad-afdd-4041-814c-216153a38998,essential,skill/competence
http://data.europa.eu/esco/occupation/custom-98baef4429d713e0a56ae4032a7bd6bc,http://data.europa.eu/esco/skill/f47a1998-0beb-43be-9f46-380aa4d183da,optional,knowledge
http://data.europa.eu/esco/occupation/custom-98baef4429d713e0a56ae4032a7bd6bc,http://data.europa.eu/esco/skill/f5dd06b8-5d17-4932-9d03-957d0c4f5051,optional,skill/competence
http://data.europa.eu/esco/occupation/custom-98baef4429d713e0a56ae4032a7bd6bc,http://data.europa.eu/esco/skill/f7e2eb04-3e50-4561-bce1-7e51a1fec308,essential,skill/competence
http://data.europa.eu/esco/occupation/custom-98baef4429d713e0a56ae4032a7bd6bc,http://data.europa.eu/esco/skill/fae27053-8924-4bfd-b565-c9fe502044c9,essential,knowledge
http://data.europa.eu/esco/occupation/custom-98baef4429d713e0a56ae4032a7bd6bc,http://data.europa.eu/esco/skill/fd6d2981-3d4a-4ce2-9741-cfc98c5b74bd,optional,skill/competence
http://data.europa.eu/esco/occupation/custom-98baef4429d713e0a56ae4032a7bd6bc,http://data.europa.eu/esco/skill/ffddfc7c-a9dd-449f-9e96-882dc447c8b6,optional,knowledge
http://data.europa.eu/esco/occupation/custom-aaab9b2aa1bdcc87cf6c4ddc1401b293,http://data.europa.eu/esco/skill/000f1d3d-220f-4789-9c0a-cc742521fb02,optional,knowledge
http://data.europa.eu/esco/occupation/custom-aaab9b2aa1bdcc87cf6c4ddc1401b293,http://data.europa.eu/esco/skill/00c04e40-35ea-4ed1-824c-82f936c8f876,optional,knowledge
http://data.europa.eu/esco/occupation/custom-aaab9b2aa1bdcc87cf6c4ddc1401b293,http://data.europa.eu/esco/skill/034c29fa-c3ba-45ea-b8f3-bf8e3705e386,optional,knowledge
http://data.europa.eu/esco/occupation/custom-aaab9b2aa1bdcc87cf6c4ddc1401b293,http://data.europa.eu/esco/skill/04f1b938-d4d4-4cb1-a863-982af76b9d93,optional,knowledge
http://data.europa.eu/esco/occupation/custom-aaab9b2aa1bdcc87cf6c4ddc1401b293,http://data.europa.eu/esco/skill/04fe962b-4017-4eb7-9139-7d69b6922bc9,optional,skill/competence
http://data.europa.eu/esco/occupation/custom-aaab9b2aa1bdcc87cf6c4ddc1401b293,http://data.europa.eu/esco/skill/07dd856d-6141-48a7-a228-918f88494812,optional,skill/competence
http://data.europa.eu/esco/occupation/custom-aaab9b2aa1bdcc87cf6c4ddc1401b293,http://data.europa.eu/esco/skill/0a9acb6b-1139-4be9-b431-3a80a959f2f4,optional,knowledge
http://data.europa.eu/esco/occupation/custom-aaab9b2aa1bdcc87cf6c4ddc1401b293,http://data.europa.eu/esco/skill/0ccdfe98-f845-4598-84a1-3dca66e9d9a3,optional,knowledge
http://data.europa.eu/esco/occupation/custom-aaab9b2aa1bdcc87cf6c4ddc1401b293,http://data.europa.eu/esco/skill/0cd6dcf1-5778-42a5-b685-4d01ae4a4871,optional,knowledge
http://data.europa.eu/esco/occupation/custom-aaab9b2aa1bdcc87cf6c4ddc1401b293,http://data.europa.eu/esco/skill/0de61385-de6d-4146-ba32-1cc1bc102220,optional,knowledge
http://data.europa.eu/esco/occupation/custom-aaab9b2aa1bdcc87cf6c4ddc1401b293,http://data.europa.eu/esco/skill/0ee94c0a-3716-494a-95a2-dcbab9e58be2,essential,knowledge
http://data.europa.eu/esco/occupation/custom-aaab9b2aa1bdcc87cf6c4ddc1401b293,http://data.europa.eu/esco/skill/13bdd41a-2a18-441f-96db-41252c519413,optional,knowledge
http://data.europa.eu/esco/occupation/custom-aaab9b2aa1bdcc87cf6c4ddc1401b293,http://data.europa.eu/esco/skill/19a8293b-8e95-4de3-983f-77484079c389,optional,knowledge
http://data.europa.eu/esco/occupation/custom-aaab9b2aa1bdcc87cf6c4ddc1401b293,http://data.europa.eu/esco/skill/1b7c716e-af95-4cda-a42f-6479c8b139f5,optional,knowledge
http://data.europa.eu/esco/occupation/custom-aaab9b2aa1bdcc87cf6c4ddc1401b293,http://data.europa.eu/esco/skill/1dae8445-12e5-423a-bb26-824010e299b9,optional,skill/competence
http://data.europa.eu/esco/occupation/custom-aaab9b2aa1bdcc87cf6c4ddc1401b293,http://data.europa.eu/esco/skill/21d2f96d-35f7-4e3f-9745-c533d2dd6e97,optional,knowledge
http://data.europa.eu/esco/occupation/custom-aaab9b2aa1bdcc87cf6c4ddc1401b293,http://data.europa.eu/esco/skill/21fecc8a-392e-49ce-ac26-fb0696ccfead,optional,skill/competence
http://data.europa.eu/esco/occupation/custom-aaab9b2aa1bdcc87cf6c4ddc1401b293,http://data.europa.eu/esco/skill/2450c3b3-e78e-435b-b84d-e05d984e71dc,essential,knowledge
http://data.europa.eu/esco/occupation/custom-aaab9b2aa1bdcc87cf6c4ddc1401b293,http://data.europa.eu/esco/skill/283cbcd3-7101-4dbb-be37-56f3625515b1,optional,skill/competence
http://data.europa.eu/esco/occupation/custom-aaab9b2aa1bdcc87cf6c4ddc1401b293,http://data.europa.eu/esco/skill/2bde42ae-e776-41c1-9ded-b07b30bfe985,optional,knowledge
http://data.europa.eu/esco/occupation/custom-aaab9b2aa1bdcc87cf6c4ddc1401b293,http://data.europa.eu/esco/skill/2d6d4784-0992-48e7-b100-22d7229b3f0a,essential,skill/competence
http://data.europa.eu/esco/occupation/custom-aaab9b2aa1bdcc87cf6c4ddc1401b293,http://data.europa.eu/esco/skill/300d432b-f457-4cd3-9cb1-1858c7d14954,optional,knowledge
http://data.europa.eu/esco/occupation/custom-aaab9b2aa1bdcc87cf6c4ddc1401b293,http://data.europa.eu/esco/skill/33d49d4f-31ec-473f-9b8a-b555aa5116bb,optional,knowledge
http://data.europa.eu/esco/occupation/custom-aaab9b2aa1bdcc87cf6c4ddc1401b293,http://data.europa.eu/esco/skill/3bddfd7c-ab6d-40c2-883d-5e97fb7640ba,essential,skill/competence
http://data.europa.eu/esco/occupation/custom-aaab9b2aa1bdcc87cf6c4ddc1401b293,http://data.europa.eu/esco/skill/3c76296d-4bbd-44ba-8eaa-95bf275f79b7,optional,skill/competence
http://data.europa.eu/esco/occupation/custom-aaab9b2aa1bdcc87cf6c4ddc1401b293,http://data.europa.eu/esco/skill/3cd569a2-4f88-4c1e-9995-8dce8c5e51a7,optional,knowledge
http://data.europa.eu/esco/occupation/custom-aaab9b2aa1bdcc87cf6c4ddc1401b293,http://data.europa.eu/esco/skill/3f4dab51-572b-4e2c-85ef-3b4c3f7094e1,optional,knowledge
http://data.europa.eu/esco/occupation/custom-aaab9b2aa1bdcc87cf6c4ddc1401b293,http://data.europa.eu/esco/skill/401eb8d8-6daa-4f8b-90ad-60afc71eb4f8,optional,knowledge
http://data.europa.eu/esco/occupation/custom-aaab9b2aa1bdcc87cf6c4ddc1401b293,http://data.europa.eu/esco/skill/42ed3bfb-1a01-4c8b-9758-fc6438865734,optional,knowledge
http://data.europa.eu/esco/occupation/custom-aaab9b2aa1bdcc87cf6c4ddc1401b293,http://data.europa.eu/esco/skill/4350c38d-0fe9-4ca7-bab9-40ed7f72b04f,optional,knowledge
http://data.europa.eu/esco/occupation/custom-aaab9b2aa1bdcc87cf6c4ddc1401b293,http://data.europa.eu/esco/skill/46e93774-7c6a-4dc5-bae9-be97cc461093,optional,knowledge
http://data.europa.eu/esco/occupation/custom-aaab9b2aa1bdcc87cf6c4ddc1401b293,http://data.europa.eu/esco/skill/47b9bbcf-356c-4782-83a4-7f5a1b2b51a3,optional,knowledge
http://data.europa.eu/esco/occupation/custom-aaab9b2aa1bdcc87cf6c4ddc1401b293,http://data.europa.eu/esco/skill/4840338b-ac6c-486a-be1d-9ddfe00b8bdf,optional,knowledge
http://data.europa.eu/esco/occupation/custom-aaab9b2aa1bdcc87cf6c4ddc1401b293,http://data.europa.eu/esco/skill/4c016b68-4116-468c-9dc6-42710c239e4a,optional,knowledge
http://data.europa.eu/esco/occupation/custom-aaab9b2aa1bdcc87cf6c4ddc1401b293,http://data.europa.eu/esco/skill/4cb51222-3e2e-417c-9a5c-e9ccf262721d,optional,skill/competence
http://data.europa.eu/esco/occupation/custom-aaab9b2aa1bdcc87cf6c4ddc1401b293,http://data.europa.eu/esco/skill/51586df8-1c46-4b47-8583-773cb63bf00b,optional,knowledge
http://data.europa.eu/esco/occupation/custom-aaab9b2aa1bdcc87cf6c4ddc1401b293,http://data.europa.eu/esco/skill/52cf3037-ab53-4806-85ed-7fd21ea7f6a1,optional,knowledge
http://data.europa.eu/esco/occupation/custom-aaab9b2aa1bdcc87cf6c4ddc1401b293,http://data.europa.eu/esco/skill/56042303-972b-41be-9310-58467599ff7e,essential,skill/competence
http://data.europa.eu/esco/occupation/custom-aaab9b2aa1bdcc87cf6c4ddc1401b293,http://data.europa.eu/esco/skill/56a7f561-1d55-43c9-9cd7-36a0a9bc6c50,optional,knowledge
http://data.europa.eu/esco/occupation/custom-aaab9b2aa1bdcc87cf6c4ddc1401b293,http://data.europa.eu/esco/skill/58d7a289-dafd-4363-833f-d1dc4140885e,optional,knowledge
http://data.europa.eu/esco/occupation/custom-aaab9b2aa1bdcc87cf6c4ddc1401b293,http://data.europa.eu/esco/skill/5be3d306-6cf1-4b49-aa1d-01651dd4ba4c,optional,knowledge
http://data.europa.eu/esco/occupation/custom-aaab9b2aa1bdcc87cf6c4ddc1401b293,http://data.europa.eu/esco/skill/5da8018b-ae85-4cde-ad93-0394369018f3,optional,knowledge
http://data.europa.eu/esco/occupation/custom-aaab9b2aa1bdcc87cf6c4ddc1401b293,http://data.europa.eu/esco/skill/63f0aa84-5e4c-4eb6-8e8c-876d9feedf1f,optional,knowledge
http://data.europa.eu/esco/occupation/custom-aaab9b2aa1bdcc87cf6c4ddc1401b293,http://data.europa.eu/esco/skill/67a118f4-8a5f-48f7-8e5f-de34b9ca2c37,optional,knowledge
http://data.europa.eu/esco/occupation/custom-aaab9b2aa1bdcc87cf6c4ddc1401b293,http://data.europa.eu/esco/skill/695c3249-18e7-4435-bdb8-54a16011159d,essential,skill/competence
http://data.europa.eu/esco/occupation/custom-aaab9b2aa1bdcc87cf6c4ddc1401b293,http://data.europa.eu/esco/skill/6a876489-7ad8-4a13-b09c-c9b8e97a302e,optional,knowledge
http://data.europa.eu/esco/occupation/custom-aaab9b2aa1bdcc87cf6c4ddc1401b293,http://data.europa.eu/esco/skill/7193cb6d-8334-494f-86e5-21e6d03a47c3,optional,knowledge
http://data.europa.eu/esco/occupation/custom-aaab9b2aa1bdcc87cf6c4ddc1401b293,http://data.europa.eu/esco/skill/797a4416-0b8d-44f3-8fcd-eb10bd0be6b4,essential,skill/competence
http://data.europa.eu/esco/occupation/custom-aaab9b2aa1bdcc87cf6c4ddc1401b293,http://data.europa.eu/esco/skill/7adb8473-bcc6-4ff8-9850-76d945d40092,optional,skill/competence
http://data.europa.eu/esco/occupation/custom-aaab9b2aa1bdcc87cf6c4ddc1401b293,http://data.europa.eu/esco/skill/83218cac-3599-417e-93d2-26013cdccd98,optional,knowledge
http://data.europa.eu/esco/occupation/custom-aaab9b2aa1bdcc87cf6c4ddc1401b293,http://data.europa.eu/esco/skill/84f583f4-f32a-4202-9b92-e25f0c978410,optional,knowledge
http://data.europa.eu/esco/occupation/custom-aaab9b2aa1bdcc87cf6c4ddc1401b293,http://data.europa.eu/esco/skill/85f46538-ae70-498a-bfbc-b8ddafe96c7d,optional,knowledge
http://data.europa.eu/esco/occupation/custom-aaab9b2aa1bdcc87cf6c4ddc1401b293,http://data.europa.eu/esco/skill/861313ba-3a1a-4d33-842a-1b8e45e2415b,essential,skill/competence
http://data.europa.eu/esco/occupation/custom-aaab9b2aa1bdcc87cf6c4ddc1401b293,http://data.europa.eu/esco/skill/867137fb-ff1b-4ca3-99f3-cb6969aa2c68,optional,knowledge
http://data.europa.eu/esco/occupation/custom-aaab9b2aa1bdcc87cf6c4ddc1401b293,http://data.europa.eu/esco/skill/8ff015a0-98ea-4d80-a23e-1f68110a919e,essential,knowledge
http://data.europa.eu/esco/occupation/custom-aaab9b2aa1bdcc87cf6c4ddc1401b293,http://data.europa.eu/esco/skill/9190d87f-9792-42e0-bb7f-64294a656bcd,optional,skill/competence
http://data.europa.eu/esco/occupation/custom-aaab9b2aa1bdcc87cf6c4ddc1401b293,http://data.europa.eu/esco/skill/94dd823c-148e-4614-a6e8-99249b16357d,optional,knowledge
http://data.europa.eu/esco/occupation/custom-aaab9b2aa1bdcc87cf6c4ddc1401b293,http://data.europa.eu/esco/skill/96eb286a-58b7-45ff-a916-5578d0b79b8c,optional,knowledge
http://data.europa.eu/esco/occupation/custom-aaab9b2aa1bdcc87cf6c4ddc1401b293,http://data.europa.eu/esco/skill/99207709-d076-4cce-ba38-e90d3bb28806,optional,knowledge
http://data.europa.eu/esco/occupation/custom-aaab9b2aa1bdcc87cf6c4ddc1401b293,http://data.europa.eu/esco/skill/993b1e23-f2de-4bd8-b33f-f86dde1c8e9d,optional,knowledge
http://data.europa.eu/esco/occupation/custom-aaab9b2aa1bdcc87cf6c4ddc1401b293,http://data.europa.eu/esco/skill/9973a5a2-7822-4161-99e9-95c781eb63f8,optional,knowledge
http://data.europa.eu/esco/occupation/custom-aaab9b2aa1bdcc87cf6c4ddc1401b293,http://data.europa.eu/esco/skill/9cf681c7-89ec-470c-b651-7fe03786f586,optional,knowledge
http://data.europa.eu/esco/occupation/custom-aaab9b2aa1bdcc87cf6c4ddc1401b293,http://data.europa.eu/esco/skill/9e06bac6-6b91-48ca-8b7d-c1f48cdecd7c,optional,skill/competence
http://data.europa.eu/esco/occupation/custom-aaab9b2aa1bdcc87cf6c4ddc1401b293,http://data.europa.eu/esco/skill/a3ce2bf7-5562-4639-9b52-fdb4850a3904,optional,knowledge
http://data.europa.eu/esco/occupation/custom-aaab9b2aa1bdcc87cf6c4ddc1401b293,http://data.europa.eu/esco/skill/a47d194d-0ffd-4aaa-b695-fbbe0255000e,essential,skill/competence
http://data.europa.eu/esco/occupation/custom-aaab9b2aa1bdcc87cf6c4ddc1401b293,http://data.europa.eu/esco/skill/a4d336a6-9ffd-402a-91cc-f359716ba4e0,optional,knowledge
http://data.europa.eu/esco/occupation/custom-aaab9b2aa1bdcc87cf6c4ddc1401b293,http://data.europa.eu/esco/skill/a57a54b6-2f2e-43e4-9621-b52f4a63cb08,optional,knowledge
http://data.europa.eu/esco/occupation/custom-aaab9b2aa1bdcc87cf6c4ddc1401b293,http://data.europa.eu/esco/skill/a846cb9e-c152-41e7-bd34-45e7ff941e3b,essential,knowledge
http://data.europa.eu/esco/occupation/custom-aaab9b2aa1bdcc87cf6c4ddc1401b293,http://data.europa.eu/esco/skill/a8797f21-1af0-4c5e-98ca-bf1442929363,essential,skill/competence
http://data.europa.eu/esco/occupation/custom-aaab9b2aa1bdcc87cf6c4ddc1401b293,http://data.europa.eu/esco/skill/af7ae54f-4649-4c16-87c7-59ba41d4d57f,optional,knowledge
http://data.europa.eu/esco/occupation/custom-aaab9b2aa1bdcc87cf6c4ddc1401b293,http://data.europa.eu/esco/skill/b16200f4-4f39-4b8b-aa9d-3568054d6bdb,optional,knowledge
http://data.europa.eu/esco/occupation/custom-aaab9b2aa1bdcc87cf6c4ddc1401b293,http://data.europa.eu/esco/skill/b4dc6e4f-dc7d-445f-8ce2-d7b9d225e282,optional,knowledge
http://data.europa.eu/esco/occupation/custom-aaab9b2aa1bdcc87cf6c4ddc1401b293,http://data.europa.eu/esco/skill/b633eb55-8f1f-4ae6-ab4c-2022ffe2cb7f,optional,knowledge
http://data.europa.eu/esco/occupation/custom-aaab9b2aa1bdcc87cf6c4ddc1401b293,http://data.europa.eu/esco/skill/ba1b0441-a6b8-4e57-8ccc-871012f63e42,optional,knowledge
http://data.europa.eu/esco/occupation/custom-aaab9b2aa1bdcc87cf6c4ddc1401b293,http://data.europa.eu/esco/skill/bb99af26-71ff-4dca-bde7-1eb1f6194426,optional,knowledge
http://data.europa.eu/esco/occupation/custom-aaab9b2aa1bdcc87cf6c4ddc1401b293,http://data.europa.eu/esco/skill/be80acfc-b6f2-4411-9b8d-b19d9cd2556a,optional,knowledge
http://data.europa.eu/esco/occupation/custom-aaab9b2aa1bdcc87cf6c4ddc1401b293,http://data.europa.eu/esco/skill/bec4359e-cb92-468f-a997-8fb28e32fba9,optional,knowledge
http://data.europa.eu/esco/occupation/custom-aaab9b2aa1bdcc87cf6c4ddc1401b293,http://data.europa.eu/esco/skill/c3a03c5a-c260-4c26-9b9a-873abb396f4d,optional,knowledge
http://data.europa.eu/esco/occupation/custom-aaab9b2aa1bdcc87cf6c4ddc1401b293,http://data.europa.eu/esco/skill/c7d24594-0c11-4b27-9039-fe0bb903da8e,optional,knowledge
http://data.europa.eu/esco/occupation/custom-aaab9b2aa1bdcc87cf6c4ddc1401b293,http://data.europa.eu/esco/skill/ca73ac82-867a-4afa-9732-834aebe896ff,essential,knowledge
http://data.europa.eu/esco/occupation/custom-aaab9b2aa1bdcc87cf6c4ddc1401b293,http://data.europa.eu/esco/skill/ccd0a1d9-afda-43d9-b901-96344886e14d,optional,knowledge
http://data.europa.eu/esco/occupation/custom-aaab9b2aa1bdcc87cf6c4ddc1401b293,http://data.europa.eu/esco/skill/ce354460-500e-4eaa-8e95-8f243fcea3db,optional,skill/competence
http://data.europa.eu/esco/occupation/custom-aaab9b2aa1bdcc87cf6c4ddc1401b293,http://data.europa.eu/esco/skill/d56fc2b5-4b0a-4e7e-9bde-a33736f6ff18,optional,knowledge
http://data.europa.eu/esco/occupation/custom-aaab9b2aa1bdcc87cf6c4ddc1401b293,http://data.europa.eu/esco/skill/d5a59ca8-2e91-472e-8571-d12ce4478679,optional,knowledge
http://data.europa.eu/esco/occupation/custom-aaab9b2aa1bdcc87cf6c4ddc1401b293,http://data.europa.eu/esco/skill/d74df140-eb69-43e2-bac9-1cafc824d702,essential,skill/competence
http://data.europa.eu/esco/occupation/custom-aaab9b2aa1bdcc87cf6c4ddc1401b293,http://data.europa.eu/esco/skill/d9e5349e-8791-49c2-8ba4-839fdd1606c2,essential,skill/competence
http://data.europa.eu/esco/occupation/custom-aaab9b2aa1bdcc87cf6c4ddc1401b293,http://data.europa.eu/esco/skill/da6393d5-a53c-4863-abc7-51f36281d74e,optional,knowledge
http://data.europa.eu/esco/occupation/custom-aaab9b2aa1bdcc87cf6c4ddc1401b293,http://data.europa.eu/esco/skill/dad7e408-162f-46a4-8567-db560e19e2fc,optional,skill/competence
http://data.europa.eu/esco/occupation/custom-aaab9b2aa1bdcc87cf6c4ddc1401b293,http://data.europa.eu/esco/skill/dba46f87-0831-49cd-a1c7-340a653c0221,optional,knowledge
http://data.europa.eu/esco/occupation/custom-aaab9b2aa1bdcc87cf6c4ddc1401b293,http://data.europa.eu/esco/skill/dcdd5ddf-82a6-4ac3-8edc-d4b23cae9a88,optional,knowledge
http://data.europa.eu/esco/occupation/custom-aaab9b2aa1bdcc87cf6c4ddc1401b293,http://data.europa.eu/esco/skill/ddfe79e2-c2e3-4ba7-9bdf-3820b4f75b54,essential,skill/competence
http://data.europa.eu/esco/occupation/custom-aaab9b2aa1bdcc87cf6c4ddc1401b293,http://data.europa.eu/esco/skill/def007fa-5fed-4a5f-91a2-b0d7e3db1be1,optional,knowledge
http://data.europa.eu/esco/occupation/custom-aaab9b2aa1bdcc87cf6c4ddc1401b293,http://data.europa.eu/esco/skill/e8b89eb6-51e8-4c3a-babb-88b2e110376b,optional,knowledge
http://data.europa.eu/esco/occupation/custom-aaab9b2aa1bdcc87cf6c4ddc1401b293,http://data.europa.eu/esco/skill/eb0e5615-1575-4a86-a1a2-7d39595033c5,optional,knowledge
http://data.europa.eu/esco/occupation/custom-aaab9b2aa1bdcc87cf6c4ddc1401b293,http://data.europa.eu/esco/skill/ed1d8bd4-cd2a-4c64-b665-56d70651026c,optional,knowledge
http://data.europa.eu/esco/occupation/custom-aaab9b2aa1bdcc87cf6c4ddc1401b293,http://data.europa.eu/esco/skill/f0de4973-0a70-4644-8fd4-3a97080476f4,optional,knowledge
http://data.europa.eu/esco/occupation/custom-aaab9b2aa1bdcc87cf6c4ddc1401b293,http://data.europa.eu/esco/skill/f597f772-24d3-4cec-813c-cf5a7027c794,optional,knowledge
http://data.europa.eu/esco/occupation/custom-aaab9b2aa1bdcc87cf6c4ddc1401b293,http://data.europa.eu/esco/skill/f7e2eb04-3e50-4561-bce1-7e51a1fec308,essential,skill/competence
http://data.europa.eu/esco/occupation/custom-aaab9b2aa1bdcc87cf6c4ddc1401b293,http://data.europa.eu/esco/skill/fbafa41f-cd05-4109-a649-8b44d306d779,essential,skill/competence
http://data.europa.eu/esco/occupation/custom-aaab9b2aa1bdcc87cf6c4ddc1401b293,http://data.europa.eu/esco/skill/fecf8a0d-62c4-4e71-9b03-0f4fc2ad7bf5,essential,knowledge
http://data.europa.eu/esco/occupation/custom-aaab9b2aa1bdcc87cf6c4ddc1401b293,http://data.europa.eu/esco/skill/ffddfc7c-a9dd-449f-9e96-882dc447c8b6,optional,knowledge
http://data.europa.eu/esco/occupation/custom-b4b1e7648f32fd0438f7af98502efc1a,http://data.europa.eu/esco/skill/09f2f811-a3fb-4de3-a70f-6420a6935575,optional,knowledge
http://data.europa.eu/esco/occupation/custom-b4b1e7648f32fd0438f7af98502efc1a,http://data.europa.eu/esco/skill/14d1e367-3efe-4ec5-86ae-eca48710ee4e,optional,skill/competence
http://data.europa.eu/esco/occupation/custom-b4b1e7648f32fd0438f7af98502efc1a,http://data.europa.eu/esco/skill/1b3fc0e0-c6f9-45fc-9c6e-14bbba662979,optional,skill/competence
http://data.europa.eu/esco/occupation/custom-b4b1e7648f32fd0438f7af98502efc1a,http://data.europa.eu/esco/skill/1e7ed56a-6d6b-422f-962e-38543d150755,essential,skill/competence
http://data.europa.eu/esco/occupation/custom-b4b1e7648f32fd0438f7af98502efc1a,http://data.europa.eu/esco/skill/21c5790c-0930-4d74-b3b0-84caf5af12ea,essential,skill/competence
http://data.europa.eu/esco/occupation/custom-b4b1e7648f32fd0438f7af98502efc1a,http://data.europa.eu/esco/skill/248894d1-42dc-474f-af6e-2da52ac0c679,essential,skill/competence
http://data.europa.eu/esco/occupation/custom-b4b1e7648f32fd0438f7af98502efc1a,http://data.europa.eu/esco/skill/2c28fc20-8a60-4311-8899-5ef8729c05b3,essential,skill/competence
http://data.europa.eu/esco/occupation/custom-b4b1e7648f32fd0438f7af98502efc1a,http://data.europa.eu/esco/skill/2d140a3a-45a6-4248-80dd-b3760ebc9cc6,essential,knowledge
http://data.europa.eu/esco/occupation/custom-b4b1e7648f32fd0438f7af98502efc1a,http://data.europa.eu/esco/skill/2fb8480e-de3c-462b-b169-e8bbb344da68,essential,knowledge
http://data.europa.eu/esco/occupation/custom-b4b1e7648f32fd0438f7af98502efc1a,http://data.europa.eu/esco/skill/339ac029-066a-4985-9f9d-b3d7c8fea0bb,essential,skill/competence
http://data.europa.eu/esco/occupation/custom-b4b1e7648f32fd0438f7af98502efc1a,http://data.europa.eu/esco/skill/397da142-ab35-48fe-b154-7c38f447adfb,essential,knowledge
http://data.europa.eu/esco/occupation/custom-b4b1e7648f32fd0438f7af98502efc1a,http://data.europa.eu/esco/skill/3cd35f5d-ce6d-4f14-9a09-53d7a28d834c,essential,skill/competence
http://data.europa.eu/esco/occupation/custom-b4b1e7648f32fd0438f7af98502efc1a,http://data.europa.eu/esco/skill/3d3ee5c3-4286-457f-9f76-1704011f7e11,optional,skill/competence
http://data.europa.eu/esco/occupation/custom-b4b1e7648f32fd0438f7af98502efc1a,http://data.europa.eu/esco/skill/415abd43-e8e5-4643-b5da-5f11307af57a,essential,skill/competence
http://data.europa.eu/esco/occupation/custom-b4b1e7648f32fd0438f7af98502efc1a,http://data.europa.eu/esco/skill/484df271-bb52-49f1-8f50-f19624bf4df2,optional,knowledge
http://data.europa.eu/esco/occupation/custom-b4b1e7648f32fd0438f7af98502efc1a,http://data.europa.eu/esco/skill/48b68726-0fd6-4e03-a5eb-82236516ee7a,optional,skill/competence
http://data.europa.eu/esco/occupation/custom-b4b1e7648f32fd0438f7af98502efc1a,http://data.europa.eu/esco/skill/496932f1-0b6b-4f73-9432-d95c7ddcd43b,optional,skill/competence
http://data.europa.eu/esco/occupation/custom-b4b1e7648f32fd0438f7af98502efc1a,http://data.europa.eu/esco/skill/4b51e76e-9e8a-455f-a289-5b48246345c4,optional,knowledge
http://data.europa.eu/esco/occupation/custom-b4b1e7648f32fd0438f7af98502efc1a,http://data.europa.eu/esco/skill/5c606d18-6404-4047-b235-350f18e11827,optional,knowledge
http://data.europa.eu/esco/occupation/custom-b4b1e7648f32fd0438f7af98502efc1a,http://data.europa.eu/esco/skill/5d34adde-0b78-42b4-9d3d-69e9388d8398,essential,skill/competence
http://data.europa.eu/esco/occupation/custom-b4b1e7648f32fd0438f7af98502efc1a,http://data.europa.eu/esco/skill/6430eb0d-c6de-46b7-a7fc-3dd2e8e62a69,essential,skill/competence
http://data.europa.eu/esco/occupation/custom-b4b1e7648f32fd0438f7af98502efc1a,http://data.europa.eu/esco/skill/694dc996-52f3-4afa-a802-672e19f061b7,optional,knowledge
http://data.europa.eu/esco/occupation/custom-b4b1e7648f32fd0438f7af98502efc1a,http://data.europa.eu/esco/skill/69cfc5ed-6569-4aca-a4cc-fd782ba51d9c,optional,skill/competence
http://data.europa.eu/esco/occupation/custom-b4b1e7648f32fd0438f7af98502efc1a,http://data.europa.eu/esco/skill/6f8baa62-bc2b-4cc1-942b-f540c837cfa2,optional,knowledge
http://data.europa.eu/esco/occupation/custom-b4b1e7648f32fd0438f7af98502efc1a,http://data.europa.eu/esco/skill/72a74f69-5cf1-43c5-99b9-62a444578919,optional,knowledge
http://data.europa.eu/esco/occupation/custom-b4b1e7648f32fd0438f7af98502efc1a,http://data.europa.eu/esco/skill/751941a0-5645-4f8b-b97e-b252909d5edb,essential,skill/competence
http://data.europa.eu/esco/occupation/custom-b4b1e7648f32fd0438f7af98502efc1a,http://data.europa.eu/esco/skill/75b30aeb-34c0-40f4-b77d-271d75a98b14,essential,skill/competence
http://data.europa.eu/esco/occupation/custom-b4b1e7648f32fd0438f7af98502efc1a,http://data.europa.eu/esco/skill/7f0b1a66-ebaf-4c8a-b606-4c1844eb692e,essential,skill/competence
http://data.europa.eu/esco/occupation/custom-b4b1e7648f32fd0438f7af98502efc1a,http://data.europa.eu/esco/skill/84f583f4-f32a-4202-9b92-e25f0c978410,optional,knowledge
http://data.europa.eu/esco/occupation/custom-b4b1e7648f32fd0438f7af98502efc1a,http://data.europa.eu/esco/skill/8dcbcabe-09f7-4d11-940d-125af57bbc40,essential,skill/competence
http://data.europa.eu/esco/occupation/custom-b4b1e7648f32fd0438f7af98502efc1a,http://data.europa.eu/esco/skill/92721092-fe7c-4689-96bd-4f02385bc0e7,optional,skill/competence
http://data.europa.eu/esco/occupation/custom-b4b1e7648f32fd0438f7af98502efc1a,http://data.europa.eu/esco/skill/9e9a4209-c7cf-4f6e-973e-dc2ffadccc74,optional,skill/competence
http://data.europa.eu/esco/occupation/custom-b4b1e7648f32fd0438f7af98502efc1a,http://data.europa.eu/esco/skill/acf0a78c-f4e3-4bd9-a5cc-9cf4791b3b95,optional,skill/competence
http://data.europa.eu/esco/occupation/custom-b4b1e7648f32fd0438f7af98502efc1a,http://data.europa.eu/esco/skill/af607e5e-4ba1-4e5f-a2a6-dc05806567c7,optional,skill/competence
http://data.europa.eu/esco/occupation/custom-b4b1e7648f32fd0438f7af98502efc1a,http://data.europa.eu/esco/skill/cd5efa8c-e44d-4cbc-91c6-796018dbed68,essential,skill/competence
http://data.europa.eu/esco/occupation/custom-b4b1e7648f32fd0438f7af98502efc1a,http://data.europa.eu/esco/skill/d3eccb86-f02d-4950-bfbd-20b9510774a1,optional,skill/competence
http://data.europa.eu/esco/occupation/custom-b4b1e7648f32fd0438f7af98502efc1a,http://data.europa.eu/esco/skill/e54ff029-1ce9-447d-a5b2-eb7283a23e6e,essential,skill/competence
http://data.europa.eu/esco/occupation/custom-b4b1e7648f32fd0438f7af98502efc1a,http://data.europa.eu/esco/skill/e6b8f934-7f35-4dc6-9a64-f6c43acdc00b,optional,knowledge
http://data.europa.eu/esco/occupation/custom-b4b1e7648f32fd0438f7af98502efc1a,http://data.europa.eu/esco/skill/ed1fbdc3-1071-423c-9bb4-e3288ca6d1fe,optional,knowledge
http://data.europa.eu/esco/occupation/custom-b4b1e7648f32fd0438f7af98502efc1a,http://data.europa.eu/esco/skill/eff1bb34-b454-4482-8c29-65f820619f3c,optional,knowledge
http://data.europa.eu/esco/occupation/custom-b4b1e7648f32fd0438f7af98502efc1a,http://data.europa.eu/esco/skill/fafe0b9d-dbd9-46bd-b770-26299539ce66,optional,knowledge
http://data.europa.eu/esco/occupation/custom-bf4f66ab6e3909fc5cbcfc166bd9a1ad,http://data.europa.eu/esco/skill/000f1d3d-220f-4789-9c0a-cc742521fb02,optional,knowledge
http://data.europa.eu/esco/occupation/custom-bf4f66ab6e3909fc5cbcfc166bd9a1ad,http://data.europa.eu/esco/skill/013441c1-1f13-47e9-80c4-9a53e8e1bc05,optional,knowledge
http://data.europa.eu/esco/occupation/custom-bf4f66ab6e3909fc5cbcfc166bd9a1ad,http://data.europa.eu/esco/skill/020918ef-4b55-47c1-8430-ab7b8f6a7377,essential,skill/competence
http://data.europa.eu/esco/occupation/custom-bf4f66ab6e3909fc5cbcfc166bd9a1ad,http://data.europa.eu/esco/skill/034c29fa-c3ba-45ea-b8f3-bf8e3705e386,optional,knowledge
http://data.europa.eu/esco/occupation/custom-bf4f66ab6e3909fc5cbcfc166bd9a1ad,http://data.europa.eu/esco/skill/04f1b938-d4d4-4cb1-a863-982af76b9d93,optional,knowledge
http://data.europa.eu/esco/occupation/custom-bf4f66ab6e3909fc5cbcfc166bd9a1ad,http://data.europa.eu/esco/skill/04fe962b-4017-4eb7-9139-7d69b6922bc9,essential,skill/competence
http://data.europa.eu/esco/occupation/custom-bf4f66ab6e3909fc5cbcfc166bd9a1ad,http://data.europa.eu/esco/skill/0b0335f3-0aa1-491e-895e-81fc8774a300,essential,skill/competence
http://data.europa.eu/esco/occupation/custom-bf4f66ab6e3909fc5cbcfc166bd9a1ad,http://data.europa.eu/esco/skill/0ccdfe98-f845-4598-84a1-3dca66e9d9a3,optional,knowledge
http://data.europa.eu/esco/occupation/custom-bf4f66ab6e3909fc5cbcfc166bd9a1ad,http://data.europa.eu/esco/skill/0cd6dcf1-5778-42a5-b685-4d01ae4a4871,optional,knowledge
http://data.europa.eu/esco/occupation/custom-bf4f66ab6e3909fc5cbcfc166bd9a1ad,http://data.europa.eu/esco/skill/0d168770-4d9c-4096-b048-a6577818d306,optional,knowledge
http://data.europa.eu/esco/occupation/custom-bf4f66ab6e3909fc5cbcfc166bd9a1ad,http://data.europa.eu/esco/skill/0de61385-de6d-4146-ba32-1cc1bc102220,optional,knowledge
http://data.europa.eu/esco/occupation/custom-bf4f66ab6e3909fc5cbcfc166bd9a1ad,http://data.europa.eu/esco/skill/0e0c9c11-b39e-43cf-ba95-2fe646f5de64,optional,skill/competence
http://data.europa.eu/esco/occupation/custom-bf4f66ab6e3909fc5cbcfc166bd9a1ad,http://data.europa.eu/esco/skill/13bdd41a-2a18-441f-96db-41252c519413,optional,knowledge
http://data.europa.eu/esco/occupation/custom-bf4f66ab6e3909fc5cbcfc166bd9a1ad,http://data.europa.eu/esco/skill/172020d1-e151-445b-8173-e2a5fb16fe51,essential,skill/competence
http://data.europa.eu/esco/occupation/custom-bf4f66ab6e3909fc5cbcfc166bd9a1ad,http://data.europa.eu/esco/skill/1774bd31-8893-44cf-9498-7e3d95508419,optional,knowledge
http://data.europa.eu/esco/occupation/custom-bf4f66ab6e3909fc5cbcfc166bd9a1ad,http://data.europa.eu/esco/skill/19a8293b-8e95-4de3-983f-77484079c389,optional,knowledge
http://data.europa.eu/esco/occupation/custom-bf4f66ab6e3909fc5cbcfc166bd9a1ad,http://data.europa.eu/esco/skill/21d2f96d-35f7-4e3f-9745-c533d2dd6e97,essential,knowledge
http://data.europa.eu/esco/occupation/custom-bf4f66ab6e3909fc5cbcfc166bd9a1ad,http://data.europa.eu/esco/skill/2522a6ce-3202-4ac8-9f5b-b9cb5a3a83a1,essential,skill/competence
http://data.europa.eu/esco/occupation/custom-bf4f66ab6e3909fc5cbcfc166bd9a1ad,http://data.europa.eu/esco/skill/25b291b5-8245-4d9d-b391-86a8a31d7109,optional,skill/competence
http://data.europa.eu/esco/occupation/custom-bf4f66ab6e3909fc5cbcfc166bd9a1ad,http://data.europa.eu/esco/skill/2b7a79e5-84d8-4880-be66-3d9bb05bea17,essential,skill/competence
http://data.europa.eu/esco/occupation/custom-bf4f66ab6e3909fc5cbcfc166bd9a1ad,http://data.europa.eu/esco/skill/2bde42ae-e776-41c1-9ded-b07b30bfe985,optional,knowledge
http://data.europa.eu/esco/occupation/custom-bf4f66ab6e3909fc5cbcfc166bd9a1ad,http://data.europa.eu/esco/skill/2c4e11ef-da18-4e19-816b-e6bc19e12424,optional,skill/competence
http://data.europa.eu/esco/occupation/custom-bf4f66ab6e3909fc5cbcfc166bd9a1ad,http://data.europa.eu/esco/skill/300d432b-f457-4cd3-9cb1-1858c7d14954,optional,knowledge
http://data.europa.eu/esco/occupation/custom-bf4f66ab6e3909fc5cbcfc166bd9a1ad,http://data.europa.eu/esco/skill/397da142-ab35-48fe-b154-7c38f447adfb,optional,knowledge
http://data.europa.eu/esco/occupation/custom-bf4f66ab6e3909fc5cbcfc166bd9a1ad,http://data.europa.eu/esco/skill/3cd569a2-4f88-4c1e-9995-8dce8c5e51a7,optional,knowledge
http://data.europa.eu/esco/occupation/custom-bf4f66ab6e3909fc5cbcfc166bd9a1ad,http://data.europa.eu/esco/skill/401eb8d8-6daa-4f8b-90ad-60afc71eb4f8,optional,knowledge
http://data.europa.eu/esco/occupation/custom-bf4f66ab6e3909fc5cbcfc166bd9a1ad,http://data.europa.eu/esco/skill/42ed3bfb-1a01-4c8b-9758-fc6438865734,optional,knowledge
http://data.europa.eu/esco/occupation/custom-bf4f66ab6e3909fc5cbcfc166bd9a1ad,http://data.europa.eu/esco/skill/4350c38d-0fe9-4ca7-bab9-40ed7f72b04f,optional,knowledge
http://data.europa.eu/esco/occupation/custom-bf4f66ab6e3909fc5cbcfc166bd9a1ad,http://data.europa.eu/esco/skill/438ff259-d086-4004-acda-1ec3e1631bc6,optional,knowledge
http://data.europa.eu/esco/occupation/custom-bf4f66ab6e3909fc5cbcfc166bd9a1ad,http://data.europa.eu/esco/skill/449d119b-2d66-43a9-9230-7d27f16afbb6,optional,knowledge
http://data.europa.eu/esco/occupation/custom-bf4f66ab6e3909fc5cbcfc166bd9a1ad,http://data.europa.eu/esco/skill/47b9bbcf-356c-4782-83a4-7f5a1b2b51a3,optional,knowledge
http://data.europa.eu/esco/occupation/custom-bf4f66ab6e3909fc5cbcfc166bd9a1ad,http://data.europa.eu/esco/skill/4c016b68-4116-468c-9dc6-42710c239e4a,optional,knowledge
http://data.europa.eu/esco/occupation/custom-bf4f66ab6e3909fc5cbcfc166bd9a1ad,http://data.europa.eu/esco/skill/51586df8-1c46-4b47-8583-773cb63bf00b,optional,knowledge
http://data.europa.eu/esco/occupation/custom-bf4f66ab6e3909fc5cbcfc166bd9a1ad,http://data.europa.eu/esco/skill/52cf3037-ab53-4806-85ed-7fd21ea7f6a1,optional,knowledge
http://data.europa.eu/esco/occupation/custom-bf4f66ab6e3909fc5cbcfc166bd9a1ad,http://data.europa.eu/esco/skill/56a7f561-1d55-43c9-9cd7-36a0a9bc6c50,optional,knowledge
http://data.europa.eu/esco/occupation/custom-bf4f66ab6e3909fc5cbcfc166bd9a1ad,http://data.europa.eu/esco/skill/58d7a289-dafd-4363-833f-d1dc4140885e,optional,knowledge
http://data.europa.eu/esco/occupation/custom-bf4f66ab6e3909fc5cbcfc166bd9a1ad,http://data.europa.eu/esco/skill/5b9cde20-f1b9-4adc-bfb3-dbf70b14138d,optional,skill/competence
http://data.europa.eu/esco/occupation/custom-bf4f66ab6e3909fc5cbcfc166bd9a1ad,http://data.europa.eu/esco/skill/5be3d306-6cf1-4b49-aa1d-01651dd4ba4c,optional,knowledge
http://data.europa.eu/esco/occupation/custom-bf4f66ab6e3909fc5cbcfc166bd9a1ad,http://data.europa.eu/esco/skill/6014921e-1d25-4039-adc2-04852d61880e,essential,knowledge
http://data.europa.eu/esco/occupation/custom-bf4f66ab6e3909fc5cbcfc166bd9a1ad,http://data.europa.eu/esco/skill/6417a4cc-6f61-4459-a114-761a7fa0279d,optional,knowledge
http://data.europa.eu/esco/occupation/custom-bf4f66ab6e3909fc5cbcfc166bd9a1ad,http://data.europa.eu/esco/skill/69f0167e-75d9-46cf-847f-72a592880ebb,optional,knowledge
http://data.europa.eu/esco/occupation/custom-bf4f66ab6e3909fc5cbcfc166bd9a1ad,http://data.europa.eu/esco/skill/6b6a9252-2ed7-4862-a02f-1578f4a532ea,optional,knowledge
http://data.europa.eu/esco/occupation/custom-bf4f66ab6e3909fc5cbcfc166bd9a1ad,http://data.europa.eu/esco/skill/6f8a40d6-f9ce-43ec-a72f-d4213a53f3ed,optional,knowledge
http://data.europa.eu/esco/occupation/custom-bf4f66ab6e3909fc5cbcfc166bd9a1ad,http://data.europa.eu/esco/skill/71746a0b-e58d-4dc4-ad03-bd84082eae21,essential,skill/competence
http://data.europa.eu/esco/occupation/custom-bf4f66ab6e3909fc5cbcfc166bd9a1ad,http://data.europa.eu/esco/skill/75f839c2-fd9a-4ad3-8921-6e734608568d,optional,skill/competence
http://data.europa.eu/esco/occupation/custom-bf4f66ab6e3909fc5cbcfc166bd9a1ad,http://data.europa.eu/esco/skill/7814e88f-c133-4c3b-b27f-857afa145d42,optional,knowledge
http://data.europa.eu/esco/occupation/custom-bf4f66ab6e3909fc5cbcfc166bd9a1ad,http://data.europa.eu/esco/skill/797a4416-0b8d-44f3-8fcd-eb10bd0be6b4,essential,skill/competence
http://data.europa.eu/esco/occupation/custom-bf4f66ab6e3909fc5cbcfc166bd9a1ad,http://data.europa.eu/esco/skill/7d10fcb2-b368-48ab-996b-7c9fafcf68ed,optional,skill/competence
http://data.europa.eu/esco/occupation/custom-bf4f66ab6e3909fc5cbcfc166bd9a1ad,http://data.europa.eu/esco/skill/8369ede5-4200-4a44-be2e-bc60ef959259,optional,knowledge
http://data.europa.eu/esco/occupation/custom-bf4f66ab6e3909fc5cbcfc166bd9a1ad,http://data.europa.eu/esco/skill/85c11255-469f-41bd-a6d1-382bc4a87783,essential,skill/competence
http://data.europa.eu/esco/occupation/custom-bf4f66ab6e3909fc5cbcfc166bd9a1ad,http://data.europa.eu/esco/skill/867137fb-ff1b-4ca3-99f3-cb6969aa2c68,optional,knowledge
http://data.europa.eu/esco/occupation/custom-bf4f66ab6e3909fc5cbcfc166bd9a1ad,http://data.europa.eu/esco/skill/8696aff0-18c0-4ba6-a4d0-9a21861b3e5e,optional,knowledge
http://data.europa.eu/esco/occupation/custom-bf4f66ab6e3909fc5cbcfc166bd9a1ad,http://data.europa.eu/esco/skill/8b94aa1e-89c9-459d-b3b4-1dfab8dec2df,essential,skill/competence
http://data.europa.eu/esco/occupation/custom-bf4f66ab6e3909fc5cbcfc166bd9a1ad,http://data.europa.eu/esco/skill/8c4c49d4-9708-433f-8ca7-bf2c5211ee49,optional,skill/competence
http://data.europa.eu/esco/occupation/custom-bf4f66ab6e3909fc5cbcfc166bd9a1ad,http://data.europa.eu/esco/skill/901105f8-3a08-453e-b1dc-23619e317fd3,essential,skill/competence
http://data.europa.eu/esco/occupation/custom-bf4f66ab6e3909fc5cbcfc166bd9a1ad,http://data.europa.eu/esco/skill/925463a7-d51f-4d5b-9f79-4d28cf30acde,essential,knowledge
http://data.europa.eu/esco/occupation/custom-bf4f66ab6e3909fc5cbcfc166bd9a1ad,http://data.europa.eu/esco/skill/976455eb-5bbe-4493-ae64-ed16c3b009ea,essential,knowledge
http://data.europa.eu/esco/occupation/custom-bf4f66ab6e3909fc5cbcfc166bd9a1ad,http://data.europa.eu/esco/skill/993b1e23-f2de-4bd8-b33f-f86dde1c8e9d,optional,knowledge
http://data.europa.eu/esco/occupation/custom-bf4f66ab6e3909fc5cbcfc166bd9a1ad,http://data.europa.eu/esco/skill/9973a5a2-7822-4161-99e9-95c781eb63f8,optional,knowledge
http://data.europa.eu/esco/occupation/custom-bf4f66ab6e3909fc5cbcfc166bd9a1ad,http://data.europa.eu/esco/skill/9d2e926f-53d9-41f5-98f3-19dfaa687f3f,essential,knowledge
http://data.europa.eu/esco/occupation/custom-bf4f66ab6e3909fc5cbcfc166bd9a1ad,http://data.europa.eu/esco/skill/a4d336a6-9ffd-402a-91cc-f359716ba4e0,optional,knowledge
http://data.europa.eu/esco/occupation/custom-bf4f66ab6e3909fc5cbcfc166bd9a1ad,http://data.europa.eu/esco/skill/abdc7ac8-151f-40c6-bc1a-1e9b4b073290,optional,knowledge
http://data.europa.eu/esco/occupation/custom-bf4f66ab6e3909fc5cbcfc166bd9a1ad,http://data.europa.eu/esco/skill/af7ae54f-4649-4c16-87c7-59ba41d4d57f,optional,knowledge
http://data.europa.eu/esco/occupation/custom-bf4f66ab6e3909fc5cbcfc166bd9a1ad,http://data.europa.eu/esco/skill/b4dc6e4f-dc7d-445f-8ce2-d7b9d225e282,optional,knowledge
http://data.europa.eu/esco/occupation/custom-bf4f66ab6e3909fc5cbcfc166bd9a1ad,http://data.europa.eu/esco/skill/b633eb55-8f1f-4ae6-ab4c-2022ffe2cb7f,optional,knowledge
http://data.europa.eu/esco/occupation/custom-bf4f66ab6e3909fc5cbcfc166bd9a1ad,http://data.europa.eu/esco/skill/b8c01891-e3df-4a4b-948d-95b45e1788f5,optional,knowledge
http://data.europa.eu/esco/occupation/custom-bf4f66ab6e3909fc5cbcfc166bd9a1ad,http://data.europa.eu/esco/skill/ba04b19b-0b18-4d5c-b799-4db31a98e58d,optional,knowledge
http://data.europa.eu/esco/occupation/custom-bf4f66ab6e3909fc5cbcfc166bd9a1ad,http://data.europa.eu/esco/skill/bb99af26-71ff-4dca-bde7-1eb1f6194426,optional,knowledge
http://data.europa.eu/esco/occupation/custom-bf4f66ab6e3909fc5cbcfc166bd9a1ad,http://data.europa.eu/esco/skill/be80acfc-b6f2-4411-9b8d-b19d9cd2556a,optional,knowledge
http://data.europa.eu/esco/occupation/custom-bf4f66ab6e3909fc5cbcfc166bd9a1ad,http://data.europa.eu/esco/skill/c3a03c5a-c260-4c26-9b9a-873abb396f4d,optional,knowledge
http://data.europa.eu/esco/occupation/custom-bf4f66ab6e3909fc5cbcfc166bd9a1ad,http://data.europa.eu/esco/skill/c7451027-8249-405a-bb1b-342ff0f3fb3b,optional,knowledge
http://data.europa.eu/esco/occupation/custom-bf4f66ab6e3909fc5cbcfc166bd9a1ad,http://data.europa.eu/esco/skill/ccd0a1d9-afda-43d9-b901-96344886e14d,optional,knowledge
http://data.europa.eu/esco/occupation/custom-bf4f66ab6e3909fc5cbcfc166bd9a1ad,http://data.europa.eu/esco/skill/ce26e71f-2d47-474e-89b6-7920931ac4fc,optional,knowledge
http://data.europa.eu/esco/occupation/custom-bf4f66ab6e3909fc5cbcfc166bd9a1ad,http://data.europa.eu/esco/skill/d2adb565-a865-424d-aeb5-9fbcbf2afe2a,optional,knowledge
http://data.europa.eu/esco/occupation/custom-bf4f66ab6e3909fc5cbcfc166bd9a1ad,http://data.europa.eu/esco/skill/d31fab87-2a7d-485c-b699-2901ca294b15,optional,skill/competence
http://data.europa.eu/esco/occupation/custom-bf4f66ab6e3909fc5cbcfc166bd9a1ad,http://data.europa.eu/esco/skill/d56fc2b5-4b0a-4e7e-9bde-a33736f6ff18,optional,knowledge
http://data.europa.eu/esco/occupation/custom-bf4f66ab6e3909fc5cbcfc166bd9a1ad,http://data.europa.eu/esco/skill/d8829a1d-dbde-435b-b921-29d6462f35c9,optional,knowledge
http://data.europa.eu/esco/occupation/custom-bf4f66ab6e3909fc5cbcfc166bd9a1ad,http://data.europa.eu/esco/skill/dcdd5ddf-82a6-4ac3-8edc-d4b23cae9a88,optional,knowledge
http://data.europa.eu/esco/occupation/custom-bf4f66ab6e3909fc5cbcfc166bd9a1ad,http://data.europa.eu/esco/skill/def007fa-5fed-4a5f-91a2-b0d7e3db1be1,optional,knowledge
http://data.europa.eu/esco/occupation/custom-bf4f66ab6e3909fc5cbcfc166bd9a1ad,http://data.europa.eu/esco/skill/e8b89eb6-51e8-4c3a-babb-88b2e110376b,optional,knowledge
http://data.europa.eu/esco/occupation/custom-bf4f66ab6e3909fc5cbcfc166bd9a1ad,http://data.europa.eu/esco/skill/eb0e5615-1575-4a86-a1a2-7d39595033c5,optional,knowledge
http://data.europa.eu/esco/occupation/custom-bf4f66ab6e3909fc5cbcfc166bd9a1ad,http://data.europa.eu/esco/skill/ed8de897-adbe-4f0e-b4d2-534953e64c72,optional,skill/competence
http://data.europa.eu/esco/occupation/custom-bf4f66ab6e3909fc5cbcfc166bd9a1ad,http://data.europa.eu/esco/skill/f049d050-12da-4e40-813a-2b5eb6df6b51,essential,knowledge
http://data.europa.eu/esco/occupation/custom-bf4f66ab6e3909fc5cbcfc166bd9a1ad,http://data.europa.eu/esco/skill/f28617ad-afdd-4041-814c-216153a38998,essential,skill/competence
http://data.europa.eu/esco/occupation/custom-bf4f66ab6e3909fc5cbcfc166bd9a1ad,http://data.europa.eu/esco/skill/f47a1998-0beb-43be-9f46-380aa4d183da,optional,knowledge
http://data.europa.eu/esco/occupation/custom-bf4f66ab6e3909fc5cbcfc166bd9a1ad,http://data.europa.eu/esco/skill/f5308e60-d763-4ead-be95-88c96fb3e02b,optional,skill/competence
http://data.europa.eu/esco/occupation/custom-bf4f66ab6e3909fc5cbcfc166bd9a1ad,http://data.europa.eu/esco/skill/fd33c66c-70c4-40e6-b87c-5495bd3bf26e,optional,skill/competence
http://data.europa.eu/esco/occupation/custom-bf4f66ab6e3909fc5cbcfc166bd9a1ad,http://data.europa.eu/esco/skill/ffddfc7c-a9dd-449f-9e96-882dc447c8b6,optional,knowledge
http://data.europa.eu/esco/occupation/custom-c5daeff191b1fe89eac84a5bcde0e1ab,http://data.europa.eu/esco/skill/03ff0d53-573a-47a0-a0ad-1995815a4339,essential,knowledge
http://data.europa.eu/esco/occupation/custom-c5daeff191b1fe89eac84a5bcde0e1ab,http://data.europa.eu/esco/skill/07889c08-7220-47c8-96f7-6068fbea00dc,essential,skill/competence
http://data.europa.eu/esco/occupation/custom-c5daeff191b1fe89eac84a5bcde0e1ab,http://data.europa.eu/esco/skill/0c766ca3-9364-4203-916b-fed16e4814c1,optional,skill/competence
http://data.europa.eu/esco/occupation/custom-c5daeff191b1fe89eac84a5bcde0e1ab,http://data.europa.eu/esco/skill/11c56452-fcec-4b00-9695-cca4728e5048,optional,knowledge
http://data.europa.eu/esco/occupation/custom-c5daeff191b1fe89eac84a5bcde0e1ab,http://data.europa.eu/esco/skill/143769cb-b61e-47d8-a61e-eedfbec1016c,essential,knowledge
http://data.europa.eu/esco/occupation/custom-c5daeff191b1fe89eac84a5bcde0e1ab,http://data.europa.eu/esco/skill/1605025e-a179-421f-8f35-5b07d182a6b2,optional,knowledge
http://data.europa.eu/esco/occupation/custom-c5daeff191b1fe89eac84a5bcde0e1ab,http://data.europa.eu/esco/skill/1973c966-f236-40c9-b2d4-5d71a89019be,optional,skill/competence
http://data.europa.eu/esco/occupation/custom-c5daeff191b1fe89eac84a5bcde0e1ab,http://data.europa.eu/esco/skill/1b70a55d-b8a4-49fc-96c6-15ab4cff2522,essential,skill/competence
http://data.europa.eu/esco/occupation/custom-c5daeff191b1fe89eac84a5bcde0e1ab,http://data.europa.eu/esco/skill/1b7c716e-af95-4cda-a42f-6479c8b139f5,optional,knowledge
http://data.europa.eu/esco/occupation/custom-c5daeff191b1fe89eac84a5bcde0e1ab,http://data.europa.eu/esco/skill/1bba98a7-92b9-450b-9235-e0c905f8f3c4,optional,knowledge
http://data.europa.eu/esco/occupation/custom-c5daeff191b1fe89eac84a5bcde0e1ab,http://data.europa.eu/esco/skill/1e77e42a-181f-4b48-8e74-201ce50ffc29,essential,skill/competence
http://data.europa.eu/esco/occupation/custom-c5daeff191b1fe89eac84a5bcde0e1ab,http://data.europa.eu/esco/skill/25f0ea33-b4a2-4f31-b7b4-7d20e827b180,essential,knowledge
http://data.europa.eu/esco/occupation/custom-c5daeff191b1fe89eac84a5bcde0e1ab,http://data.europa.eu/esco/skill/2daec0e6-f0c1-43e8-8178-aedba99130ec,essential,skill/competence
http://data.europa.eu/esco/occupation/custom-c5daeff191b1fe89eac84a5bcde0e1ab,http://data.europa.eu/esco/skill/31c69100-b612-4a61-8db5-fd314318854c,essential,skill/competence
http://data.europa.eu/esco/occupation/custom-c5daeff191b1fe89eac84a5bcde0e1ab,http://data.europa.eu/esco/skill/327d15c8-29ff-4ad4-a4fe-6536d777a45f,essential,knowledge
http://data.europa.eu/esco/occupation/custom-c5daeff191b1fe89eac84a5bcde0e1ab,http://data.europa.eu/esco/skill/33e584f9-ff7a-4979-bfc0-5a3a374a145a,optional,knowledge
http://data.europa.eu/esco/occupation/custom-c5daeff191b1fe89eac84a5bcde0e1ab,http://data.europa.eu/esco/skill/348b74cd-49ce-4844-8bdf-ec188b497213,essential,knowledge
http://data.europa.eu/esco/occupation/custom-c5daeff191b1fe89eac84a5bcde0e1ab,http://data.europa.eu/esco/skill/382c11ed-20d5-4ae7-b60e-15fec527fa6c,essential,skill/competence
http://data.europa.eu/esco/occupation/custom-c5daeff191b1fe89eac84a5bcde0e1ab,http://data.europa.eu/esco/skill/3f4dab51-572b-4e2c-85ef-3b4c3f7094e1,optional,knowledge
http://data.europa.eu/esco/occupation/custom-c5daeff191b1fe89eac84a5bcde0e1ab,http://data.europa.eu/esco/skill/4216e465-7baa-4884-a241-54b197bb9278,essential,skill/competence
http://data.europa.eu/esco/occupation/custom-c5daeff191b1fe89eac84a5bcde0e1ab,http://data.europa.eu/esco/skill/43ae58b9-5e56-4524-b45a-b422777a0576,optional,knowledge
http://data.europa.eu/esco/occupation/custom-c5daeff191b1fe89eac84a5bcde0e1ab,http://data.europa.eu/esco/skill/4463a721-69f3-413d-8321-43e3af13a4f1,essential,skill/competence
http://data.europa.eu/esco/occupation/custom-c5daeff191b1fe89eac84a5bcde0e1ab,http://data.europa.eu/esco/skill/45f1ae17-c20d-40fc-9307-7d33b6ca9213,optional,knowledge
http://data.europa.eu/esco/occupation/custom-c5daeff191b1fe89eac84a5bcde0e1ab,http://data.europa.eu/esco/skill/46ec0033-3c71-415e-bcff-b065675ba2dc,essential,skill/competence
http://data.europa.eu/esco/occupation/custom-c5daeff191b1fe89eac84a5bcde0e1ab,http://data.europa.eu/esco/skill/47a49cd6-097d-457a-9f7b-c290c14930d5,essential,skill/competence
http://data.europa.eu/esco/occupation/custom-c5daeff191b1fe89eac84a5bcde0e1ab,http://data.europa.eu/esco/skill/48db96bf-3314-45c6-bad8-fdb6e20e5639,essential,knowledge
http://data.europa.eu/esco/occupation/custom-c5daeff191b1fe89eac84a5bcde0e1ab,http://data.europa.eu/esco/skill/4a193795-fa63-414e-9f2e-bfdb3924571e,essential,skill/competence
http://data.europa.eu/esco/occupation/custom-c5daeff191b1fe89eac84a5bcde0e1ab,http://data.europa.eu/esco/skill/50b100ea-74fd-4706-99db-3e4ca55e51b8,essential,skill/competence
http://data.europa.eu/esco/occupation/custom-c5daeff191b1fe89eac84a5bcde0e1ab,http://data.europa.eu/esco/skill/54c9c155-9293-4329-8ed2-2e76e8b519d4,essential,skill/competence
http://data.europa.eu/esco/occupation/custom-c5daeff191b1fe89eac84a5bcde0e1ab,http://data.europa.eu/esco/skill/57231a22-4da7-49c8-97b8-75672feadf1e,optional,skill/competence
http://data.europa.eu/esco/occupation/custom-c5daeff191b1fe89eac84a5bcde0e1ab,http://data.europa.eu/esco/skill/5da8018b-ae85-4cde-ad93-0394369018f3,optional,knowledge
http://data.europa.eu/esco/occupation/custom-c5daeff191b1fe89eac84a5bcde0e1ab,http://data.europa.eu/esco/skill/611ed16b-99bf-4840-9cab-f55d1d286e0a,optional,skill/competence
http://data.europa.eu/esco/occupation/custom-c5daeff191b1fe89eac84a5bcde0e1ab,http://data.europa.eu/esco/skill/629685b8-5f9e-4522-8cff-b3e2c4ec625a,essential,
http://data.europa.eu/esco/occupation/custom-c5daeff191b1fe89eac84a5bcde0e1ab,http://data.europa.eu/esco/skill/65e58886-bd1e-4c5b-8ca5-8d9b353c8aa1,essential,knowledge
http://data.europa.eu/esco/occupation/custom-c5daeff191b1fe89eac84a5bcde0e1ab,http://data.europa.eu/esco/skill/68ef0e4d-5542-4e64-84f4-752cce5a3c22,optional,knowledge
http://data.europa.eu/esco/occupation/custom-c5daeff191b1fe89eac84a5bcde0e1ab,http://data.europa.eu/esco/skill/696e3b5b-8b61-45af-ae4c-3ab700f197ec,essential,knowledge
http://data.europa.eu/esco/occupation/custom-c5daeff191b1fe89eac84a5bcde0e1ab,http://data.europa.eu/esco/skill/713fb616-118e-40bc-9366-4a69879a49d5,essential,skill/competence
http://data.europa.eu/esco/occupation/custom-c5daeff191b1fe89eac84a5bcde0e1ab,http://data.europa.eu/esco/skill/7159e587-c7cb-4ec0-a662-03e1dee2cccb,optional,knowledge
http://data.europa.eu/esco/occupation/custom-c5daeff191b1fe89eac84a5bcde0e1ab,http://data.europa.eu/esco/skill/79e29b8b-47d1-470d-b7b1-32506bfe7d9a,essential,skill/competence
http://data.europa.eu/esco/occupation/custom-c5daeff191b1fe89eac84a5bcde0e1ab,http://data.europa.eu/esco/skill/7ee4c2ea-b349-4bd2-81a3-ec31475d4833,essential,knowledge
http://data.europa.eu/esco/occupation/custom-c5daeff191b1fe89eac84a5bcde0e1ab,http://data.europa.eu/esco/skill/8b0f73ff-d36b-4196-bb83-464c3a6ef07d,optional,knowledge
http://data.europa.eu/esco/occupation/custom-c5daeff191b1fe89eac84a5bcde0e1ab,http://data.europa.eu/esco/skill/93aaf65c-5aad-4e6f-a7ba-ce9bf7c0e6e6,essential,knowledge
http://data.europa.eu/esco/occupation/custom-c5daeff191b1fe89eac84a5bcde0e1ab,http://data.europa.eu/esco/skill/98a1dec3-8138-4f46-a596-5e2a83b884b9,essential,knowledge
http://data.europa.eu/esco/occupation/custom-c5daeff191b1fe89eac84a5bcde0e1ab,http://data.europa.eu/esco/skill/99207709-d076-4cce-ba38-e90d3bb28806,essential,knowledge
http://data.europa.eu/esco/occupation/custom-c5daeff191b1fe89eac84a5bcde0e1ab,http://data.europa.eu/esco/skill/9cf681c7-89ec-470c-b651-7fe03786f586,essential,knowledge
http://data.europa.eu/esco/occupation/custom-c5daeff191b1fe89eac84a5bcde0e1ab,http://data.europa.eu/esco/skill/9fc400ac-8ed2-4aff-915f-aa4f2609ec7b,optional,knowledge
http://data.europa.eu/esco/occupation/custom-c5daeff191b1fe89eac84a5bcde0e1ab,http://data.europa.eu/esco/skill/9ff9db9d-d14b-426e-83f3-e7449af6c79f,essential,skill/competence
http://data.europa.eu/esco/occupation/custom-c5daeff191b1fe89eac84a5bcde0e1ab,http://data.europa.eu/esco/skill/a1eef0f4-133f-464a-a8f1-68fe3e8cc1b4,optional,knowledge
http://data.europa.eu/esco/occupation/custom-c5daeff191b1fe89eac84a5bcde0e1ab,http://data.europa.eu/esco/skill/a56dec32-05ef-45de-a256-ee6741f356db,essential,knowledge
http://data.europa.eu/esco/occupation/custom-c5daeff191b1fe89eac84a5bcde0e1ab,http://data.europa.eu/esco/skill/a57a54b6-2f2e-43e4-9621-b52f4a63cb08,optional,knowledge
http://data.europa.eu/esco/occupation/custom-c5daeff191b1fe89eac84a5bcde0e1ab,http://data.europa.eu/esco/skill/a7f0fbe0-c546-4f30-8e41-34a58c64567e,optional,knowledge
http://data.europa.eu/esco/occupation/custom-c5daeff191b1fe89eac84a5bcde0e1ab,http://data.europa.eu/esco/skill/a80fb090-63f4-4b05-83a5-2f090deb7757,optional,skill/competence
http://data.europa.eu/esco/occupation/custom-c5daeff191b1fe89eac84a5bcde0e1ab,http://data.europa.eu/esco/skill/b0a3bb25-a02f-43ed-ab1f-994fa66a424a,optional,knowledge
http://data.europa.eu/esco/occupation/custom-c5daeff191b1fe89eac84a5bcde0e1ab,http://data.europa.eu/esco/skill/bd14968e-e409-45af-b362-3495ed7b10e0,optional,knowledge
http://data.europa.eu/esco/occupation/custom-c5daeff191b1fe89eac84a5bcde0e1ab,http://data.europa.eu/esco/skill/be20d05c-f6b4-4580-9fcf-f00f4baab562,optional,skill/competence
http://data.europa.eu/esco/occupation/custom-c5daeff191b1fe89eac84a5bcde0e1ab,http://data.europa.eu/esco/skill/c3e36d05-8ae8-447f-bb2b-6f9409f85389,optional,skill/competence
http://data.europa.eu/esco/occupation/custom-c5daeff191b1fe89eac84a5bcde0e1ab,http://data.europa.eu/esco/skill/c544a9f3-5945-4b54-afed-de0697852817,optional,skill/competence
http://data.europa.eu/esco/occupation/custom-c5daeff191b1fe89eac84a5bcde0e1ab,http://data.europa.eu/esco/skill/c5e8abde-d2ba-4e8e-a65e-720b71180666,essential,knowledge
http://data.europa.eu/esco/occupation/custom-c5daeff191b1fe89eac84a5bcde0e1ab,http://data.europa.eu/esco/skill/c7d24594-0c11-4b27-9039-fe0bb903da8e,optional,knowledge
http://data.europa.eu/esco/occupation/custom-c5daeff191b1fe89eac84a5bcde0e1ab,http://data.europa.eu/esco/skill/cc7370dd-69fa-4c67-a96f-d4d135d38700,essential,knowledge
http://data.europa.eu/esco/occupation/custom-c5daeff191b1fe89eac84a5bcde0e1ab,http://data.europa.eu/esco/skill/d3286405-49f8-4e8a-8046-a4376b4e7963,optional,skill/competence
http://data.europa.eu/esco/occupation/custom-c5daeff191b1fe89eac84a5bcde0e1ab,http://data.europa.eu/esco/skill/e46291c7-52b9-4174-bd59-178884861038,optional,knowledge
http://data.europa.eu/esco/occupation/custom-c5daeff191b1fe89eac84a5bcde0e1ab,http://data.europa.eu/esco/skill/e9575f7f-053a-439e-8074-f93df3334e92,essential,knowledge
http://data.europa.eu/esco/occupation/custom-c5daeff191b1fe89eac84a5bcde0e1ab,http://data.europa.eu/esco/skill/edebd83d-35f6-4ed5-a940-6c203d178c01,essential,knowledge
http://data.europa.eu/esco/occupation/custom-c5daeff191b1fe89eac84a5bcde0e1ab,http://data.europa.eu/esco/skill/f597f772-24d3-4cec-813c-cf5a7027c794,optional,knowledge
http://data.europa.eu/esco/occupation/custom-c5daeff191b1fe89eac84a5bcde0e1ab,http://data.europa.eu/esco/skill/fbafa41f-cd05-4109-a649-8b44d306d779,optional,skill/competence
http://data.europa.eu/esco/occupation/custom-c5daeff191b1fe89eac84a5bcde0e1ab,http://data.europa.eu/esco/skill/fecf8a0d-62c4-4e71-9b03-0f4fc2ad7bf5,essential,knowledge
http://data.europa.eu/esco/occupation/custom-cb98c78dd52d60b5144e1fde5ce91b98,http://data.europa.eu/esco/skill/000f1d3d-220f-4789-9c0a-cc742521fb02,optional,knowledge
http://data.europa.eu/esco/occupation/custom-cb98c78dd52d60b5144e1fde5ce91b98,http://data.europa.eu/esco/skill/013441c1-1f13-47e9-80c4-9a53e8e1bc05,optional,knowledge
http://data.europa.eu/esco/occupation/custom-cb98c78dd52d60b5144e1fde5ce91b98,http://data.europa.eu/esco/skill/034c29fa-c3ba-45ea-b8f3-bf8e3705e386,optional,knowledge
http://data.europa.eu/esco/occupation/custom-cb98c78dd52d60b5144e1fde5ce91b98,http://data.europa.eu/esco/skill/04f1b938-d4d4-4cb1-a863-982af76b9d93,optional,knowledge
http://data.europa.eu/esco/occupation/custom-cb98c78dd52d60b5144e1fde5ce91b98,http://data.europa.eu/esco/skill/04fe962b-4017-4eb7-9139-7d69b6922bc9,essential,skill/competence
http://data.europa.eu/esco/occupation/custom-cb98c78dd52d60b5144e1fde5ce91b98,http://data.europa.eu/esco/skill/0af062de-eb43-41e9-9b96-249e2cd22d26,optional,skill/competence
http://data.europa.eu/esco/occupation/custom-cb98c78dd52d60b5144e1fde5ce91b98,http://data.europa.eu/esco/skill/0ccdfe98-f845-4598-84a1-3dca66e9d9a3,optional,knowledge
http://data.europa.eu/esco/occupation/custom-cb98c78dd52d60b5144e1fde5ce91b98,http://data.europa.eu/esco/skill/0cd6dcf1-5778-42a5-b685-4d01ae4a4871,optional,knowledge
http://data.europa.eu/esco/occupation/custom-cb98c78dd52d60b5144e1fde5ce91b98,http://data.europa.eu/esco/skill/0d168770-4d9c-4096-b048-a6577818d306,optional,knowledge
http://data.europa.eu/esco/occupation/custom-cb98c78dd52d60b5144e1fde5ce91b98,http://data.europa.eu/esco/skill/0de61385-de6d-4146-ba32-1cc1bc102220,optional,knowledge
http://data.europa.eu/esco/occupation/custom-cb98c78dd52d60b5144e1fde5ce91b98,http://data.europa.eu/esco/skill/1019423b-3368-4f83-b24f-19e5fa23e816,essential,knowledge
http://data.europa.eu/esco/occupation/custom-cb98c78dd52d60b5144e1fde5ce91b98,http://data.europa.eu/esco/skill/1110c92f-3059-445a-9436-0f4200d365f5,optional,knowledge
http://data.europa.eu/esco/occupation/custom-cb98c78dd52d60b5144e1fde5ce91b98,http://data.europa.eu/esco/skill/12274664-b642-4945-b88f-d7787dc3c9dd,optional,skill/competence
http://data.europa.eu/esco/occupation/custom-cb98c78dd52d60b5144e1fde5ce91b98,http://data.europa.eu/esco/skill/13bdd41a-2a18-441f-96db-41252c519413,optional,knowledge
http://data.europa.eu/esco/occupation/custom-cb98c78dd52d60b5144e1fde5ce91b98,http://data.europa.eu/esco/skill/14ced458-5f4b-495f-bd3d-9c240614bda0,optional,knowledge
http://data.europa.eu/esco/occupation/custom-cb98c78dd52d60b5144e1fde5ce91b98,http://data.europa.eu/esco/skill/172020d1-e151-445b-8173-e2a5fb16fe51,optional,skill/competence
http://data.europa.eu/esco/occupation/custom-cb98c78dd52d60b5144e1fde5ce91b98,http://data.europa.eu/esco/skill/1774bd31-8893-44cf-9498-7e3d95508419,optional,knowledge
http://data.europa.eu/esco/occupation/custom-cb98c78dd52d60b5144e1fde5ce91b98,http://data.europa.eu/esco/skill/19a8293b-8e95-4de3-983f-77484079c389,optional,knowledge
http://data.europa.eu/esco/occupation/custom-cb98c78dd52d60b5144e1fde5ce91b98,http://data.europa.eu/esco/skill/1de3942b-99d8-41e8-9ef0-fbc9e9f6307b,optional,knowledge
http://data.europa.eu/esco/occupation/custom-cb98c78dd52d60b5144e1fde5ce91b98,http://data.europa.eu/esco/skill/21d2f96d-35f7-4e3f-9745-c533d2dd6e97,essential,knowledge
http://data.europa.eu/esco/occupation/custom-cb98c78dd52d60b5144e1fde5ce91b98,http://data.europa.eu/esco/skill/2522a6ce-3202-4ac8-9f5b-b9cb5a3a83a1,optional,skill/competence
http://data.europa.eu/esco/occupation/custom-cb98c78dd52d60b5144e1fde5ce91b98,http://data.europa.eu/esco/skill/25b291b5-8245-4d9d-b391-86a8a31d7109,optional,skill/competence
http://data.europa.eu/esco/occupation/custom-cb98c78dd52d60b5144e1fde5ce91b98,http://data.europa.eu/esco/skill/26fa7a33-a426-4cd5-9792-33bf668612e1,optional,knowledge
http://data.europa.eu/esco/occupation/custom-cb98c78dd52d60b5144e1fde5ce91b98,http://data.europa.eu/esco/skill/27b913f0-3c52-448b-ad27-fc6ef08fb326,optional,knowledge
http://data.europa.eu/esco/occupation/custom-cb98c78dd52d60b5144e1fde5ce91b98,http://data.europa.eu/esco/skill/2b7a79e5-84d8-4880-be66-3d9bb05bea17,essential,skill/competence
http://data.europa.eu/esco/occupation/custom-cb98c78dd52d60b5144e1fde5ce91b98,http://data.europa.eu/esco/skill/2bde42ae-e776-41c1-9ded-b07b30bfe985,optional,knowledge
http://data.europa.eu/esco/occupation/custom-cb98c78dd52d60b5144e1fde5ce91b98,http://data.europa.eu/esco/skill/2c4e11ef-da18-4e19-816b-e6bc19e12424,optional,skill/competence
http://data.europa.eu/esco/occupation/custom-cb98c78dd52d60b5144e1fde5ce91b98,http://data.europa.eu/esco/skill/300d432b-f457-4cd3-9cb1-1858c7d14954,optional,knowledge
http://data.europa.eu/esco/occupation/custom-cb98c78dd52d60b5144e1fde5ce91b98,http://data.europa.eu/esco/skill/3cd569a2-4f88-4c1e-9995-8dce8c5e51a7,optional,knowledge
http://data.europa.eu/esco/occupation/custom-cb98c78dd52d60b5144e1fde5ce91b98,http://data.europa.eu/esco/skill/401eb8d8-6daa-4f8b-90ad-60afc71eb4f8,optional,knowledge
http://data.europa.eu/esco/occupation/custom-cb98c78dd52d60b5144e1fde5ce91b98,http://data.europa.eu/esco/skill/42ed3bfb-1a01-4c8b-9758-fc6438865734,optional,knowledge
http://data.europa.eu/esco/occupation/custom-cb98c78dd52d60b5144e1fde5ce91b98,http://data.europa.eu/esco/skill/4350c38d-0fe9-4ca7-bab9-40ed7f72b04f,optional,knowledge
http://data.europa.eu/esco/occupation/custom-cb98c78dd52d60b5144e1fde5ce91b98,http://data.europa.eu/esco/skill/449d119b-2d66-43a9-9230-7d27f16afbb6,optional,knowledge
http://data.europa.eu/esco/occupation/custom-cb98c78dd52d60b5144e1fde5ce91b98,http://data.europa.eu/esco/skill/47b9bbcf-356c-4782-83a4-7f5a1b2b51a3,optional,knowledge
http://data.europa.eu/esco/occupation/custom-cb98c78dd52d60b5144e1fde5ce91b98,http://data.europa.eu/esco/skill/4a466c62-db7d-4905-9a41-f23214810acb,optional,knowledge
http://data.europa.eu/esco/occupation/custom-cb98c78dd52d60b5144e1fde5ce91b98,http://data.europa.eu/esco/skill/4c016b68-4116-468c-9dc6-42710c239e4a,optional,knowledge
http://data.europa.eu/esco/occupation/custom-cb98c78dd52d60b5144e1fde5ce91b98,http://data.europa.eu/esco/skill/51586df8-1c46-4b47-8583-773cb63bf00b,optional,knowledge
http://data.europa.eu/esco/occupation/custom-cb98c78dd52d60b5144e1fde5ce91b98,http://data.europa.eu/esco/skill/52cf3037-ab53-4806-85ed-7fd21ea7f6a1,optional,knowledge
http://data.europa.eu/esco/occupation/custom-cb98c78dd52d60b5144e1fde5ce91b98,http://data.europa.eu/esco/skill/56a7f561-1d55-43c9-9cd7-36a0a9bc6c50,optional,knowledge
http://data.europa.eu/esco/occupation/custom-cb98c78dd52d60b5144e1fde5ce91b98,http://data.europa.eu/esco/skill/58d7a289-dafd-4363-833f-d1dc4140885e,optional,knowledge
http://data.europa.eu/esco/occupation/custom-cb98c78dd52d60b5144e1fde5ce91b98,http://data.europa.eu/esco/skill/5b9cde20-f1b9-4adc-bfb3-dbf70b14138d,optional,skill/competence
http://data.europa.eu/esco/occupation/custom-cb98c78dd52d60b5144e1fde5ce91b98,http://data.europa.eu/esco/skill/5ef0c719-5bcb-49f8-b8eb-824388225333,optional,skill/competence
http://data.europa.eu/esco/occupation/custom-cb98c78dd52d60b5144e1fde5ce91b98,http://data.europa.eu/esco/skill/6014921e-1d25-4039-adc2-04852d61880e,optional,knowledge
http://data.europa.eu/esco/occupation/custom-cb98c78dd52d60b5144e1fde5ce91b98,http://data.europa.eu/esco/skill/6417a4cc-6f61-4459-a114-761a7fa0279d,optional,knowledge
http://data.europa.eu/esco/occupation/custom-cb98c78dd52d60b5144e1fde5ce91b98,http://data.europa.eu/esco/skill/69bbd53f-fbb0-4476-b4b2-ef7844464e28,essential,knowledge
http://data.europa.eu/esco/occupation/custom-cb98c78dd52d60b5144e1fde5ce91b98,http://data.europa.eu/esco/skill/69f0167e-75d9-46cf-847f-72a592880ebb,optional,knowledge
http://data.europa.eu/esco/occupation/custom-cb98c78dd52d60b5144e1fde5ce91b98,http://data.europa.eu/esco/skill/6b3afb82-c4ea-4f14-be54-a757fb762663,optional,knowledge
http://data.europa.eu/esco/occupation/custom-cb98c78dd52d60b5144e1fde5ce91b98,http://data.europa.eu/esco/skill/6b6a9252-2ed7-4862-a02f-1578f4a532ea,optional,knowledge
http://data.europa.eu/esco/occupation/custom-cb98c78dd52d60b5144e1fde5ce91b98,http://data.europa.eu/esco/skill/6d289e8b-2cc1-4eda-ab1f-ad1090ef98f0,optional,knowledge
http://data.europa.eu/esco/occupation/custom-cb98c78dd52d60b5144e1fde5ce91b98,http://data.europa.eu/esco/skill/6f8a40d6-f9ce-43ec-a72f-d4213a53f3ed,optional,knowledge
http://data.europa.eu/esco/occupation/custom-cb98c78dd52d60b5144e1fde5ce91b98,http://data.europa.eu/esco/skill/7364cc39-b9c0-449f-9416-57723e2fd9c4,essential,skill/competence
http://data.europa.eu/esco/occupation/custom-cb98c78dd52d60b5144e1fde5ce91b98,http://data.europa.eu/esco/skill/75f839c2-fd9a-4ad3-8921-6e734608568d,optional,skill/competence
http://data.europa.eu/esco/occupation/custom-cb98c78dd52d60b5144e1fde5ce91b98,http://data.europa.eu/esco/skill/76ef6ed3-1658-4a1a-9593-204d799c6d0c,optional,knowledge
http://data.europa.eu/esco/occupation/custom-cb98c78dd52d60b5144e1fde5ce91b98,http://data.europa.eu/esco/skill/797a4416-0b8d-44f3-8fcd-eb10bd0be6b4,essential,skill/competence
http://data.europa.eu/esco/occupation/custom-cb98c78dd52d60b5144e1fde5ce91b98,http://data.europa.eu/esco/skill/7d10fcb2-b368-48ab-996b-7c9fafcf68ed,optional,skill/competence
http://data.europa.eu/esco/occupation/custom-cb98c78dd52d60b5144e1fde5ce91b98,http://data.europa.eu/esco/skill/8369ede5-4200-4a44-be2e-bc60ef959259,optional,knowledge
http://data.europa.eu/esco/occupation/custom-cb98c78dd52d60b5144e1fde5ce91b98,http://data.europa.eu/esco/skill/85038d57-1fdd-40de-b908-2c005545a8c3,optional,knowledge
http://data.europa.eu/esco/occupation/custom-cb98c78dd52d60b5144e1fde5ce91b98,http://data.europa.eu/esco/skill/85c11255-469f-41bd-a6d1-382bc4a87783,essential,skill/competence
http://data.europa.eu/esco/occupation/custom-cb98c78dd52d60b5144e1fde5ce91b98,http://data.europa.eu/esco/skill/867137fb-ff1b-4ca3-99f3-cb6969aa2c68,optional,knowledge
http://data.europa.eu/esco/occupation/custom-cb98c78dd52d60b5144e1fde5ce91b98,http://data.europa.eu/esco/skill/8696aff0-18c0-4ba6-a4d0-9a21861b3e5e,essential,knowledge
http://data.europa.eu/esco/occupation/custom-cb98c78dd52d60b5144e1fde5ce91b98,http://data.europa.eu/esco/skill/86f7126d-97fd-4da5-be96-d1cf6ecd54e6,optional,knowledge
http://data.europa.eu/esco/occupation/custom-cb98c78dd52d60b5144e1fde5ce91b98,http://data.europa.eu/esco/skill/8785ccda-6f9f-4cf3-9033-fda10653d0be,optional,knowledge
http://data.europa.eu/esco/occupation/custom-cb98c78dd52d60b5144e1fde5ce91b98,http://data.europa.eu/esco/skill/8b94aa1e-89c9-459d-b3b4-1dfab8dec2df,essential,skill/competence
http://data.europa.eu/esco/occupation/custom-cb98c78dd52d60b5144e1fde5ce91b98,http://data.europa.eu/esco/skill/8c88d336-c249-4537-b26e-d679a85c4b9b,optional,knowledge
http://data.europa.eu/esco/occupation/custom-cb98c78dd52d60b5144e1fde5ce91b98,http://data.europa.eu/esco/skill/901105f8-3a08-453e-b1dc-23619e317fd3,optional,skill/competence
http://data.europa.eu/esco/occupation/custom-cb98c78dd52d60b5144e1fde5ce91b98,http://data.europa.eu/esco/skill/9136cbf1-7916-4f1c-bc9a-0318ee1d6016,optional,knowledge
http://data.europa.eu/esco/occupation/custom-cb98c78dd52d60b5144e1fde5ce91b98,http://data.europa.eu/esco/skill/925463a7-d51f-4d5b-9f79-4d28cf30acde,essential,knowledge
http://data.europa.eu/esco/occupation/custom-cb98c78dd52d60b5144e1fde5ce91b98,http://data.europa.eu/esco/skill/94dd823c-148e-4614-a6e8-99249b16357d,optional,knowledge
http://data.europa.eu/esco/occupation/custom-cb98c78dd52d60b5144e1fde5ce91b98,http://data.europa.eu/esco/skill/993b1e23-f2de-4bd8-b33f-f86dde1c8e9d,optional,knowledge
http://data.europa.eu/esco/occupation/custom-cb98c78dd52d60b5144e1fde5ce91b98,http://data.europa.eu/esco/skill/9973a5a2-7822-4161-99e9-95c781eb63f8,optional,knowledge
http://data.europa.eu/esco/occupation/custom-cb98c78dd52d60b5144e1fde5ce91b98,http://data.europa.eu/esco/skill/9b9de2a4-d8af-4a7b-933a-a8334ae60067,optional,knowledge
http://data.europa.eu/esco/occupation/custom-cb98c78dd52d60b5144e1fde5ce91b98,http://data.europa.eu/esco/skill/9d2e926f-53d9-41f5-98f3-19dfaa687f3f,optional,knowledge
http://data.europa.eu/esco/occupation/custom-cb98c78dd52d60b5144e1fde5ce91b98,http://data.europa.eu/esco/skill/a4d336a6-9ffd-402a-91cc-f359716ba4e0,optional,knowledge
http://data.europa.eu/esco/occupation/custom-cb98c78dd52d60b5144e1fde5ce91b98,http://data.europa.eu/esco/skill/a71577b2-7550-4222-88ee-dcbd2d881516,essential,knowledge
http://data.europa.eu/esco/occupation/custom-cb98c78dd52d60b5144e1fde5ce91b98,http://data.europa.eu/esco/skill/abdc7ac8-151f-40c6-bc1a-1e9b4b073290,optional,knowledge
http://data.europa.eu/esco/occupation/custom-cb98c78dd52d60b5144e1fde5ce91b98,http://data.europa.eu/esco/skill/b0ac313d-de44-4344-ada6-76d2177b6d92,optional,knowledge
http://data.europa.eu/esco/occupation/custom-cb98c78dd52d60b5144e1fde5ce91b98,http://data.europa.eu/esco/skill/b4dc6e4f-dc7d-445f-8ce2-d7b9d225e282,optional,knowledge
http://data.europa.eu/esco/occupation/custom-cb98c78dd52d60b5144e1fde5ce91b98,http://data.europa.eu/esco/skill/b633eb55-8f1f-4ae6-ab4c-2022ffe2cb7f,optional,knowledge
http://data.europa.eu/esco/occupation/custom-cb98c78dd52d60b5144e1fde5ce91b98,http://data.europa.eu/esco/skill/bb99af26-71ff-4dca-bde7-1eb1f6194426,optional,knowledge
http://data.europa.eu/esco/occupation/custom-cb98c78dd52d60b5144e1fde5ce91b98,http://data.europa.eu/esco/skill/be80acfc-b6f2-4411-9b8d-b19d9cd2556a,optional,knowledge
http://data.europa.eu/esco/occupation/custom-cb98c78dd52d60b5144e1fde5ce91b98,http://data.europa.eu/esco/skill/c2999f0c-eb37-4cdf-b9b0-82107b628794,essential,knowledge
http://data.europa.eu/esco/occupation/custom-cb98c78dd52d60b5144e1fde5ce91b98,http://data.europa.eu/esco/skill/c3a03c5a-c260-4c26-9b9a-873abb396f4d,optional,knowledge
http://data.europa.eu/esco/occupation/custom-cb98c78dd52d60b5144e1fde5ce91b98,http://data.europa.eu/esco/skill/c7451027-8249-405a-bb1b-342ff0f3fb3b,optional,knowledge
http://data.europa.eu/esco/occupation/custom-cb98c78dd52d60b5144e1fde5ce91b98,http://data.europa.eu/esco/skill/ccd0a1d9-afda-43d9-b901-96344886e14d,optional,knowledge
http://data.europa.eu/esco/occupation/custom-cb98c78dd52d60b5144e1fde5ce91b98,http://data.europa.eu/esco/skill/d31fab87-2a7d-485c-b699-2901ca294b15,optional,skill/competence
http://data.europa.eu/esco/occupation/custom-cb98c78dd52d60b5144e1fde5ce91b98,http://data.europa.eu/esco/skill/d56fc2b5-4b0a-4e7e-9bde-a33736f6ff18,optional,knowledge
http://data.europa.eu/esco/occupation/custom-cb98c78dd52d60b5144e1fde5ce91b98,http://data.europa.eu/esco/skill/dcdd5ddf-82a6-4ac3-8edc-d4b23cae9a88,optional,knowledge
http://data.europa.eu/esco/occupation/custom-cb98c78dd52d60b5144e1fde5ce91b98,http://data.europa.eu/esco/skill/de0be6e8-644c-4cc9-9c8d-925dd98dda56,optional,knowledge
http://data.europa.eu/esco/occupation/custom-cb98c78dd52d60b5144e1fde5ce91b98,http://data.europa.eu/esco/skill/def007fa-5fed-4a5f-91a2-b0d7e3db1be1,optional,knowledge
http://data.europa.eu/esco/occupation/custom-cb98c78dd52d60b5144e1fde5ce91b98,http://data.europa.eu/esco/skill/e5d1f825-60ed-4bdd-872a-e748c387f777,optional,knowledge
http://data.europa.eu/esco/occupation/custom-cb98c78dd52d60b5144e1fde5ce91b98,http://data.europa.eu/esco/skill/e8b89eb6-51e8-4c3a-babb-88b2e110376b,optional,knowledge
http://data.europa.eu/esco/occupation/custom-cb98c78dd52d60b5144e1fde5ce91b98,http://data.europa.eu/esco/skill/eb0e5615-1575-4a86-a1a2-7d39595033c5,optional,knowledge
http://data.europa.eu/esco/occupation/custom-cb98c78dd52d60b5144e1fde5ce91b98,http://data.europa.eu/esco/skill/f058bf62-70d1-4f5e-be2a-8b26fac24a96,essential,skill/competence
http://data.europa.eu/esco/occupation/custom-cb98c78dd52d60b5144e1fde5ce91b98,http://data.europa.eu/esco/skill/f28617ad-afdd-4041-814c-216153a38998,essential,skill/competence
http://data.europa.eu/esco/occupation/custom-cb98c78dd52d60b5144e1fde5ce91b98,http://data.europa.eu/esco/skill/f47a1998-0beb-43be-9f46-380aa4d183da,optional,knowledge
http://data.europa.eu/esco/occupation/custom-cb98c78dd52d60b5144e1fde5ce91b98,http://data.europa.eu/esco/skill/fc4fcb4b-993f-4f2c-b158-c2171ec18ed8,essential,skill/competence
http://data.europa.eu/esco/occupation/custom-cb98c78dd52d60b5144e1fde5ce91b98,http://data.europa.eu/esco/skill/fd33c66c-70c4-40e6-b87c-5495bd3bf26e,essential,skill/competence
http://data.europa.eu/esco/occupation/custom-cb98c78dd52d60b5144e1fde5ce91b98,http://data.europa.eu/esco/skill/ffddfc7c-a9dd-449f-9e96-882dc447c8b6,optional,knowledge
http://data.europa.eu/esco/occupation/custom-e31eedc5fdb831facf8d1e71dc478033,http://data.europa.eu/esco/skill/000f1d3d-220f-4789-9c0a-cc742521fb02,optional,knowledge
http://data.europa.eu/esco/occupation/custom-e31eedc5fdb831facf8d1e71dc478033,http://data.europa.eu/esco/skill/013441c1-1f13-47e9-80c4-9a53e8e1bc05,optional,knowledge
http://data.europa.eu/esco/occupation/custom-e31eedc5fdb831facf8d1e71dc478033,http://data.europa.eu/esco/skill/04f1b938-d4d4-4cb1-a863-982af76b9d93,optional,knowledge
http://data.europa.eu/esco/occupation/custom-e31eedc5fdb831facf8d1e71dc478033,http://data.europa.eu/esco/skill/0ccdfe98-f845-4598-84a1-3dca66e9d9a3,optional,knowledge
http://data.europa.eu/esco/occupation/custom-e31eedc5fdb831facf8d1e71dc478033,http://data.europa.eu/esco/skill/0cd6dcf1-5778-42a5-b685-4d01ae4a4871,optional,knowledge
http://data.europa.eu/esco/occupation/custom-e31eedc5fdb831facf8d1e71dc478033,http://data.europa.eu/esco/skill/0d168770-4d9c-4096-b048-a6577818d306,optional,knowledge
http://data.europa.eu/esco/occupation/custom-e31eedc5fdb831facf8d1e71dc478033,http://data.europa.eu/esco/skill/0de61385-de6d-4146-ba32-1cc1bc102220,optional,knowledge
http://data.europa.eu/esco/occupation/custom-e31eedc5fdb831facf8d1e71dc478033,http://data.europa.eu/esco/skill/0e361e34-c563-4892-b9d3-873a6a4fef8a,essential,knowledge
http://data.europa.eu/esco/occupation/custom-e31eedc5fdb831facf8d1e71dc478033,http://data.europa.eu/esco/skill/123cf7c5-6a3b-419d-be4f-49a6cc020f9f,optional,knowledge
http://data.europa.eu/esco/occupation/custom-e31eedc5fdb831facf8d1e71dc478033,http://data.europa.eu/esco/skill/13bdd41a-2a18-441f-96db-41252c519413,optional,knowledge
http://data.europa.eu/esco/occupation/custom-e31eedc5fdb831facf8d1e71dc478033,http://data.europa.eu/esco/skill/172020d1-e151-445b-8173-e2a5fb16fe51,essential,skill/competence
http://data.europa.eu/esco/occupation/custom-e31eedc5fdb831facf8d1e71dc478033,http://data.europa.eu/esco/skill/1859883d-c047-4fe1-8e74-7bb4385d6ad2,essential,skill/competence
http://data.europa.eu/esco/occupation/custom-e31eedc5fdb831facf8d1e71dc478033,http://data.europa.eu/esco/skill/19a8293b-8e95-4de3-983f-77484079c389,optional,knowledge
http://data.europa.eu/esco/occupation/custom-e31eedc5fdb831facf8d1e71dc478033,http://data.europa.eu/esco/skill/21d2f96d-35f7-4e3f-9745-c533d2dd6e97,essential,knowledge
http://data.europa.eu/esco/occupation/custom-e31eedc5fdb831facf8d1e71dc478033,http://data.europa.eu/esco/skill/2522a6ce-3202-4ac8-9f5b-b9cb5a3a83a1,essential,skill/competence
http://data.europa.eu/esco/occupation/custom-e31eedc5fdb831facf8d1e71dc478033,http://data.europa.eu/esco/skill/25b291b5-8245-4d9d-b391-86a8a31d7109,optional,skill/competence
http://data.europa.eu/esco/occupation/custom-e31eedc5fdb831facf8d1e71dc478033,http://data.europa.eu/esco/skill/2b7a79e5-84d8-4880-be66-3d9bb05bea17,essential,skill/competence
http://data.europa.eu/esco/occupation/custom-e31eedc5fdb831facf8d1e71dc478033,http://data.europa.eu/esco/skill/2bde42ae-e776-41c1-9ded-b07b30bfe985,optional,knowledge
http://data.europa.eu/esco/occupation/custom-e31eedc5fdb831facf8d1e71dc478033,http://data.europa.eu/esco/skill/2c4e11ef-da18-4e19-816b-e6bc19e12424,optional,skill/competence
http://data.europa.eu/esco/occupation/custom-e31eedc5fdb831facf8d1e71dc478033,http://data.europa.eu/esco/skill/300d432b-f457-4cd3-9cb1-1858c7d14954,optional,knowledge
http://data.europa.eu/esco/occupation/custom-e31eedc5fdb831facf8d1e71dc478033,http://data.europa.eu/esco/skill/31c69100-b612-4a61-8db5-fd314318854c,essential,skill/competence
http://data.europa.eu/esco/occupation/custom-e31eedc5fdb831facf8d1e71dc478033,http://data.europa.eu/esco/skill/3cd569a2-4f88-4c1e-9995-8dce8c5e51a7,optional,knowledge
http://data.europa.eu/esco/occupation/custom-e31eedc5fdb831facf8d1e71dc478033,http://data.europa.eu/esco/skill/3e7516dc-0f7c-4686-8b2f-fade4e5d21be,essential,knowledge
http://data.europa.eu/esco/occupation/custom-e31eedc5fdb831facf8d1e71dc478033,http://data.europa.eu/esco/skill/401eb8d8-6daa-4f8b-90ad-60afc71eb4f8,optional,knowledge
http://data.europa.eu/esco/occupation/custom-e31eedc5fdb831facf8d1e71dc478033,http://data.europa.eu/esco/skill/4350c38d-0fe9-4ca7-bab9-40ed7f72b04f,optional,knowledge
http://data.europa.eu/esco/occupation/custom-e31eedc5fdb831facf8d1e71dc478033,http://data.europa.eu/esco/skill/438ff259-d086-4004-acda-1ec3e1631bc6,optional,knowledge
http://data.europa.eu/esco/occupation/custom-e31eedc5fdb831facf8d1e71dc478033,http://data.europa.eu/esco/skill/449d119b-2d66-43a9-9230-7d27f16afbb6,optional,knowledge
http://data.europa.eu/esco/occupation/custom-e31eedc5fdb831facf8d1e71dc478033,http://data.europa.eu/esco/skill/47b9bbcf-356c-4782-83a4-7f5a1b2b51a3,optional,knowledge
http://data.europa.eu/esco/occupation/custom-e31eedc5fdb831facf8d1e71dc478033,http://data.europa.eu/esco/skill/4c016b68-4116-468c-9dc6-42710c239e4a,optional,knowledge
http://data.europa.eu/esco/occupation/custom-e31eedc5fdb831facf8d1e71dc478033,http://data.europa.eu/esco/skill/51586df8-1c46-4b47-8583-773cb63bf00b,optional,knowledge
http://data.europa.eu/esco/occupation/custom-e31eedc5fdb831facf8d1e71dc478033,http://data.europa.eu/esco/skill/52cf3037-ab53-4806-85ed-7fd21ea7f6a1,optional,knowledge
http://data.europa.eu/esco/occupation/custom-e31eedc5fdb831facf8d1e71dc478033,http://data.europa.eu/esco/skill/56a7f561-1d55-43c9-9cd7-36a0a9bc6c50,optional,knowledge
http://data.europa.eu/esco/occupation/custom-e31eedc5fdb831facf8d1e71dc478033,http://data.europa.eu/esco/skill/58d7a289-dafd-4363-833f-d1dc4140885e,optional,knowledge
http://data.europa.eu/esco/occupation/custom-e31eedc5fdb831facf8d1e71dc478033,http://data.europa.eu/esco/skill/5b9cde20-f1b9-4adc-bfb3-dbf70b14138d,optional,skill/competence
http://data.europa.eu/esco/occupation/custom-e31eedc5fdb831facf8d1e71dc478033,http://data.europa.eu/esco/skill/5be3d306-6cf1-4b49-aa1d-01651dd4ba4c,optional,knowledge
http://data.europa.eu/esco/occupation/custom-e31eedc5fdb831facf8d1e71dc478033,http://data.europa.eu/esco/skill/5fd5c985-eaaa-47aa-8314-62359c54505a,essential,skill/competence
http://data.europa.eu/esco/occupation/custom-e31eedc5fdb831facf8d1e71dc478033,http://data.europa.eu/esco/skill/6014921e-1d25-4039-adc2-04852d61880e,essential,knowledge
http://data.europa.eu/esco/occupation/custom-e31eedc5fdb831facf8d1e71dc478033,http://data.europa.eu/esco/skill/6417a4cc-6f61-4459-a114-761a7fa0279d,optional,knowledge
http://data.europa.eu/esco/occupation/custom-e31eedc5fdb831facf8d1e71dc478033,http://data.europa.eu/esco/skill/69f0167e-75d9-46cf-847f-72a592880ebb,optional,knowledge
http://data.europa.eu/esco/occupation/custom-e31eedc5fdb831facf8d1e71dc478033,http://data.europa.eu/esco/skill/6b6a9252-2ed7-4862-a02f-1578f4a532ea,optional,knowledge
http://data.europa.eu/esco/occupation/custom-e31eedc5fdb831facf8d1e71dc478033,http://data.europa.eu/esco/skill/6e53fd99-b646-4327-9580-ac062ab21188,essential,knowledge
http://data.europa.eu/esco/occupation/custom-e31eedc5fdb831facf8d1e71dc478033,http://data.europa.eu/esco/skill/6f8a40d6-f9ce-43ec-a72f-d4213a53f3ed,optional,knowledge
http://data.europa.eu/esco/occupation/custom-e31eedc5fdb831facf8d1e71dc478033,http://data.europa.eu/esco/skill/797a4416-0b8d-44f3-8fcd-eb10bd0be6b4,essential,skill/competence
http://data.europa.eu/esco/occupation/custom-e31eedc5fdb831facf8d1e71dc478033,http://data.europa.eu/esco/skill/7d10fcb2-b368-48ab-996b-7c9fafcf68ed,optional,skill/competence
http://data.europa.eu/esco/occupation/custom-e31eedc5fdb831facf8d1e71dc478033,http://data.europa.eu/esco/skill/7d5ff73e-7bea-436d-974f-3a51ce24a138,optional,skill/competence
http://data.europa.eu/esco/occupation/custom-e31eedc5fdb831facf8d1e71dc478033,http://data.europa.eu/esco/skill/8369ede5-4200-4a44-be2e-bc60ef959259,optional,knowledge
http://data.europa.eu/esco/occupation/custom-e31eedc5fdb831facf8d1e71dc478033,http://data.europa.eu/esco/skill/85c11255-469f-41bd-a6d1-382bc4a87783,essential,skill/competence
http://data.europa.eu/esco/occupation/custom-e31eedc5fdb831facf8d1e71dc478033,http://data.europa.eu/esco/skill/867137fb-ff1b-4ca3-99f3-cb6969aa2c68,optional,knowledge
http://data.europa.eu/esco/occupation/custom-e31eedc5fdb831facf8d1e71dc478033,http://data.europa.eu/esco/skill/8696aff0-18c0-4ba6-a4d0-9a21861b3e5e,optional,knowledge
http://data.europa.eu/esco/occupation/custom-e31eedc5fdb831facf8d1e71dc478033,http://data.europa.eu/esco/skill/8a16add0-6faa-4387-896c-ee641568d89f,optional,knowledge
http://data.europa.eu/esco/occupation/custom-e31eedc5fdb831facf8d1e71dc478033,http://data.europa.eu/esco/skill/8b94aa1e-89c9-459d-b3b4-1dfab8dec2df,essential,skill/competence
http://data.europa.eu/esco/occupation/custom-e31eedc5fdb831facf8d1e71dc478033,http://data.europa.eu/esco/skill/8c4c49d4-9708-433f-8ca7-bf2c5211ee49,optional,skill/competence
http://data.europa.eu/esco/occupation/custom-e31eedc5fdb831facf8d1e71dc478033,http://data.europa.eu/esco/skill/901105f8-3a08-453e-b1dc-23619e317fd3,optional,skill/competence
http://data.europa.eu/esco/occupation/custom-e31eedc5fdb831facf8d1e71dc478033,http://data.europa.eu/esco/skill/925463a7-d51f-4d5b-9f79-4d28cf30acde,essential,knowledge
http://data.europa.eu/esco/occupation/custom-e31eedc5fdb831facf8d1e71dc478033,http://data.europa.eu/esco/skill/9973a5a2-7822-4161-99e9-95c781eb63f8,optional,knowledge
http://data.europa.eu/esco/occupation/custom-e31eedc5fdb831facf8d1e71dc478033,http://data.europa.eu/esco/skill/9d2e926f-53d9-41f5-98f3-19dfaa687f3f,essential,knowledge
http://data.europa.eu/esco/occupation/custom-e31eedc5fdb831facf8d1e71dc478033,http://data.europa.eu/esco/skill/a4d336a6-9ffd-402a-91cc-f359716ba4e0,optional,knowledge
http://data.europa.eu/esco/occupation/custom-e31eedc5fdb831facf8d1e71dc478033,http://data.europa.eu/esco/skill/abdc7ac8-151f-40c6-bc1a-1e9b4b073290,optional,knowledge
http://data.europa.eu/esco/occupation/custom-e31eedc5fdb831facf8d1e71dc478033,http://data.europa.eu/esco/skill/af8ca5cf-7fd1-4275-a886-e951c335d497,optional,skill/competence
http://data.europa.eu/esco/occupation/custom-e31eedc5fdb831facf8d1e71dc478033,http://data.europa.eu/esco/skill/afda6ca0-7aa8-41ef-ba5e-8dc607839daf,essential,knowledge
http://data.europa.eu/esco/occupation/custom-e31eedc5fdb831facf8d1e71dc478033,http://data.europa.eu/esco/skill/b4dc6e4f-dc7d-445f-8ce2-d7b9d225e282,optional,knowledge
http://data.europa.eu/esco/occupation/custom-e31eedc5fdb831facf8d1e71dc478033,http://data.europa.eu/esco/skill/b633eb55-8f1f-4ae6-ab4c-2022ffe2cb7f,optional,knowledge
http://data.europa.eu/esco/occupation/custom-e31eedc5fdb831facf8d1e71dc478033,http://data.europa.eu/esco/skill/bb99af26-71ff-4dca-bde7-1eb1f6194426,optional,knowledge
http://data.europa.eu/esco/occupation/custom-e31eedc5fdb831facf8d1e71dc478033,http://data.europa.eu/esco/skill/be80acfc-b6f2-4411-9b8d-b19d9cd2556a,optional,knowledge
http://data.europa.eu/esco/occupation/custom-e31eedc5fdb831facf8d1e71dc478033,http://data.europa.eu/esco/skill/c3a03c5a-c260-4c26-9b9a-873abb396f4d,optional,knowledge
http://data.europa.eu/esco/occupation/custom-e31eedc5fdb831facf8d1e71dc478033,http://data.europa.eu/esco/skill/c7451027-8249-405a-bb1b-342ff0f3fb3b,optional,knowledge
http://data.europa.eu/esco/occupation/custom-e31eedc5fdb831facf8d1e71dc478033,http://data.europa.eu/esco/skill/ccd0a1d9-afda-43d9-b901-96344886e14d,optional,knowledge
http://data.europa.eu/esco/occupation/custom-e31eedc5fdb831facf8d1e71dc478033,http://data.europa.eu/esco/skill/d2adb565-a865-424d-aeb5-9fbcbf2afe2a,optional,knowledge
http://data.europa.eu/esco/occupation/custom-e31eedc5fdb831facf8d1e71dc478033,http://data.europa.eu/esco/skill/d31fab87-2a7d-485c-b699-2901ca294b15,optional,skill/competence
http://data.europa.eu/esco/occupation/custom-e31eedc5fdb831facf8d1e71dc478033,http://data.europa.eu/esco/skill/d56fc2b5-4b0a-4e7e-9bde-a33736f6ff18,optional,knowledge
http://data.europa.eu/esco/occupation/custom-e31eedc5fdb831facf8d1e71dc478033,http://data.europa.eu/esco/skill/dcdd5ddf-82a6-4ac3-8edc-d4b23cae9a88,optional,knowledge
http://data.europa.eu/esco/occupation/custom-e31eedc5fdb831facf8d1e71dc478033,http://data.europa.eu/esco/skill/def007fa-5fed-4a5f-91a2-b0d7e3db1be1,optional,knowledge
http://data.europa.eu/esco/occupation/custom-e31eedc5fdb831facf8d1e71dc478033,http://data.europa.eu/esco/skill/e8171178-9a60-40a6-ad3b-510e10cfebad,essential,skill/competence
http://data.europa.eu/esco/occupation/custom-e31eedc5fdb831facf8d1e71dc478033,http://data.europa.eu/esco/skill/e8b89eb6-51e8-4c3a-babb-88b2e110376b,optional,knowledge
http://data.europa.eu/esco/occupation/custom-e31eedc5fdb831facf8d1e71dc478033,http://data.europa.eu/esco/skill/eb0e5615-1575-4a86-a1a2-7d39595033c5,optional,knowledge
http://data.europa.eu/esco/occupation/custom-e31eedc5fdb831facf8d1e71dc478033,http://data.europa.eu/esco/skill/ed8de897-adbe-4f0e-b4d2-534953e64c72,optional,skill/competence
http://data.europa.eu/esco/occupation/custom-e31eedc5fdb831facf8d1e71dc478033,http://data.europa.eu/esco/skill/f049d050-12da-4e40-813a-2b5eb6df6b51,optional,knowledge
http://data.europa.eu/esco/occupation/custom-e31eedc5fdb831facf8d1e71dc478033,http://data.europa.eu/esco/skill/f28617ad-afdd-4041-814c-216153a38998,essential,skill/competence
http://data.europa.eu/esco/occupation/custom-e31eedc5fdb831facf8d1e71dc478033,http://data.europa.eu/esco/skill/f47a1998-0beb-43be-9f46-380aa4d183da,optional,knowledge
http://data.europa.eu/esco/occupation/custom-e31eedc5fdb831facf8d1e71dc478033,http://data.europa.eu/esco/skill/f5308e60-d763-4ead-be95-88c96fb3e02b,optional,skill/competence
http://data.europa.eu/esco/occupation/custom-e31eedc5fdb831facf8d1e71dc478033,http://data.europa.eu/esco/skill/fd33c66c-70c4-40e6-b87c-5495bd3bf26e,optional,skill/competence
http://data.europa.eu/esco/occupation/custom-e31eedc5fdb831facf8d1e71dc478033,http://data.europa.eu/esco/skill/ffddfc7c-a9dd-449f-9e96-882dc447c8b6,optional,knowledge
http://data.europa.eu/esco/occupation/custom-ed68e13ed0bcd22c82e5f78c513d3f62,http://data.europa.eu/esco/skill/013441c1-1f13-47e9-80c4-9a53e8e1bc05,optional,knowledge
http://data.europa.eu/esco/occupation/custom-ed68e13ed0bcd22c82e5f78c513d3f62,http://data.europa.eu/esco/skill/0a52bed5-fd29-45fb-aba6-e32bccfda1c1,essential,skill/competence
http://data.europa.eu/esco/occupation/custom-ed68e13ed0bcd22c82e5f78c513d3f62,http://data.europa.eu/esco/skill/0a9acb6b-1139-4be9-b431-3a80a959f2f4,optional,knowledge
http://data.europa.eu/esco/occupation/custom-ed68e13ed0bcd22c82e5f78c513d3f62,http://data.europa.eu/esco/skill/11430d93-c835-48ed-8e70-285fa69c9ae6,essential,skill/competence
http://data.europa.eu/esco/occupation/custom-ed68e13ed0bcd22c82e5f78c513d3f62,http://data.europa.eu/esco/skill/1c2978b8-bb0d-4249-9c23-877571a4dffa,essential,knowledge
http://data.europa.eu/esco/occupation/custom-ed68e13ed0bcd22c82e5f78c513d3f62,http://data.europa.eu/esco/skill/24c200e5-be20-4370-a137-ab53797f3a17,essential,knowledge
http://data.europa.eu/esco/occupation/custom-ed68e13ed0bcd22c82e5f78c513d3f62,http://data.europa.eu/esco/skill/38716afc-a93b-44ab-96cc-2ecf67edcf32,essential,skill/competence
http://data.europa.eu/esco/occupation/custom-ed68e13ed0bcd22c82e5f78c513d3f62,http://data.europa.eu/esco/skill/3cd569a2-4f88-4c1e-9995-8dce8c5e51a7,essential,knowledge
http://data.europa.eu/esco/occupation/custom-ed68e13ed0bcd22c82e5f78c513d3f62,http://data.europa.eu/esco/skill/47ca0da1-cae5-4395-ae6b-fd97b9ff48d3,essential,knowledge
http://data.europa.eu/esco/occupation/custom-ed68e13ed0bcd22c82e5f78c513d3f62,http://data.europa.eu/esco/skill/4da4587a-fd0b-4ca2-886c-c42a1562d432,essential,skill/competence
http://data.europa.eu/esco/occupation/custom-ed68e13ed0bcd22c82e5f78c513d3f62,http://data.europa.eu/esco/skill/56a7f561-1d55-43c9-9cd7-36a0a9bc6c50,optional,knowledge
http://data.europa.eu/esco/occupation/custom-ed68e13ed0bcd22c82e5f78c513d3f62,http://data.europa.eu/esco/skill/6195c5f7-a4fb-425d-a3dd-c4467c4471a3,essential,skill/competence
http://data.europa.eu/esco/occupation/custom-ed68e13ed0bcd22c82e5f78c513d3f62,http://data.europa.eu/esco/skill/64852ade-6ae1-4760-ba4a-976bf07ca255,essential,skill/competence
http://data.europa.eu/esco/occupation/custom-ed68e13ed0bcd22c82e5f78c513d3f62,http://data.europa.eu/esco/skill/6b643893-0a1f-4f6c-83a1-e7eef75849b9,essential,skill/competence
http://data.europa.eu/esco/occupation/custom-ed68e13ed0bcd22c82e5f78c513d3f62,http://data.europa.eu/esco/skill/6b6a9252-2ed7-4862-a02f-1578f4a532ea,optional,knowledge
http://data.europa.eu/esco/occupation/custom-ed68e13ed0bcd22c82e5f78c513d3f62,http://data.europa.eu/esco/skill/7af6e9e8-1e11-4c0b-b7c6-ac96bbbbc674,optional,skill/competence
http://data.europa.eu/esco/occupation/custom-ed68e13ed0bcd22c82e5f78c513d3f62,http://data.europa.eu/esco/skill/7e796b51-49d7-4e73-95af-2e7323763f15,essential,skill/competence
http://data.europa.eu/esco/occupation/custom-ed68e13ed0bcd22c82e5f78c513d3f62,http://data.europa.eu/esco/skill/89f6560b-2194-45c9-9ece-d33049a73eef,essential,knowledge
http://data.europa.eu/esco/occupation/custom-ed68e13ed0bcd22c82e5f78c513d3f62,http://data.europa.eu/esco/skill/8efa6a7a-6556-4cb8-908d-59d3b5c58d2f,essential,knowledge
http://data.europa.eu/esco/occupation/custom-ed68e13ed0bcd22c82e5f78c513d3f62,http://data.europa.eu/esco/skill/925463a7-d51f-4d5b-9f79-4d28cf30acde,essential,knowledge
http://data.europa.eu/esco/occupation/custom-ed68e13ed0bcd22c82e5f78c513d3f62,http://data.europa.eu/esco/skill/94b2c46e-6338-4a1d-950a-d44eef018c53,essential,skill/competence
http://data.europa.eu/esco/occupation/custom-ed68e13ed0bcd22c82e5f78c513d3f62,http://data.europa.eu/esco/skill/b105ec9b-0857-41d6-8d07-a83e58b73d90,essential,knowledge
http://data.europa.eu/esco/occupation/custom-ed68e13ed0bcd22c82e5f78c513d3f62,http://data.europa.eu/esco/skill/bd14968e-e409-45af-b362-3495ed7b10e0,essential,knowledge
http://data.europa.eu/esco/occupation/custom-ed68e13ed0bcd22c82e5f78c513d3f62,http://data.europa.eu/esco/skill/bec4359e-cb92-468f-a997-8fb28e32fba9,optional,knowledge
http://data.europa.eu/esco/occupation/custom-ed68e13ed0bcd22c82e5f78c513d3f62,http://data.europa.eu/esco/skill/c13fb093-5ffb-491a-b8b7-fa2d42a57e2e,essential,skill/competence
http://data.europa.eu/esco/occupation/custom-ed68e13ed0bcd22c82e5f78c513d3f62,http://data.europa.eu/esco/skill/c453cf81-6197-428e-84c6-70c773b63f27,optional,knowledge
http://data.europa.eu/esco/occupation/custom-ed68e13ed0bcd22c82e5f78c513d3f62,http://data.europa.eu/esco/skill/c4b626c1-e71c-44ec-9f88-042766f37fcc,optional,knowledge
http://data.europa.eu/esco/occupation/custom-ed68e13ed0bcd22c82e5f78c513d3f62,http://data.europa.eu/esco/skill/ce8ae6ca-61d8-4174-b457-641de96cbff4,essential,skill/competence
http://data.europa.eu/esco/occupation/custom-ed68e13ed0bcd22c82e5f78c513d3f62,http://data.europa.eu/esco/skill/d3286405-49f8-4e8a-8046-a4376b4e7963,essential,skill/competence
http://data.europa.eu/esco/occupation/custom-ed68e13ed0bcd22c82e5f78c513d3f62,http://data.europa.eu/esco/skill/dba46f87-0831-49cd-a1c7-340a653c0221,optional,knowledge
http://data.europa.eu/esco/occupation/custom-ed68e13ed0bcd22c82e5f78c513d3f62,http://data.europa.eu/esco/skill/dfff95c6-9758-4c04-a228-7eaa88dec6cd,essential,skill/competence
http://data.europa.eu/esco/occupation/custom-ed68e13ed0bcd22c82e5f78c513d3f62,http://data.europa.eu/esco/skill/f0de4973-0a70-4644-8fd4-3a97080476f4,essential,knowledge
http://data.europa.eu/esco/occupation/custom-ed68e13ed0bcd22c82e5f78c513d3f62,http://data.europa.eu/esco/skill/f47a1998-0beb-43be-9f46-380aa4d183da,essential,knowledge
http://data.europa.eu/esco/occupation/custom-ed68e13ed0bcd22c82e5f78c513d3f62,http://data.europa.eu/esco/skill/fc2f1d4f-a46f-471e-a618-cbd4d0496a53,essential,skill/competence
http://data.europa.eu/esco/occupation/custom-f0083e6dec9c60b597e5535ef182150d,http://data.europa.eu/esco/skill/07e51c60-763a-4335-b4ec-70a15f66d328,essential,skill/competence
http://data.europa.eu/esco/occupation/custom-f0083e6dec9c60b597e5535ef182150d,http://data.europa.eu/esco/skill/09f2f811-a3fb-4de3-a70f-6420a6935575,optional,knowledge
http://data.europa.eu/esco/occupation/custom-f0083e6dec9c60b597e5535ef182150d,http://data.europa.eu/esco/skill/0daaf096-1639-461c-bf1a-bbeea77e6b67,optional,knowledge
http://data.europa.eu/esco/occupation/custom-f0083e6dec9c60b597e5535ef182150d,http://data.europa.eu/esco/skill/0e0c9c11-b39e-43cf-ba95-2fe646f5de64,essential,skill/competence
http://data.europa.eu/esco/occupation/custom-f0083e6dec9c60b597e5535ef182150d,http://data.europa.eu/esco/skill/0ee94c0a-3716-494a-95a2-dcbab9e58be2,essential,knowledge
http://data.europa.eu/esco/occupation/custom-f0083e6dec9c60b597e5535ef182150d,http://data.europa.eu/esco/skill/143769cb-b61e-47d8-a61e-eedfbec1016c,optional,knowledge
http://data.europa.eu/esco/occupation/custom-f0083e6dec9c60b597e5535ef182150d,http://data.europa.eu/esco/skill/1bba98a7-92b9-450b-9235-e0c905f8f3c4,optional,knowledge
http://data.europa.eu/esco/occupation/custom-f0083e6dec9c60b597e5535ef182150d,http://data.europa.eu/esco/skill/2c28fc20-8a60-4311-8899-5ef8729c05b3,optional,skill/competence
http://data.europa.eu/esco/occupation/custom-f0083e6dec9c60b597e5535ef182150d,http://data.europa.eu/esco/skill/2d6d4784-0992-48e7-b100-22d7229b3f0a,essential,skill/competence
http://data.europa.eu/esco/occupation/custom-f0083e6dec9c60b597e5535ef182150d,http://data.europa.eu/esco/skill/2fb8480e-de3c-462b-b169-e8bbb344da68,optional,knowledge
http://data.europa.eu/esco/occupation/custom-f0083e6dec9c60b597e5535ef182150d,http://data.europa.eu/esco/skill/31c69100-b612-4a61-8db5-fd314318854c,optional,skill/competence
http://data.europa.eu/esco/occupation/custom-f0083e6dec9c60b597e5535ef182150d,http://data.europa.eu/esco/skill/348b74cd-49ce-4844-8bdf-ec188b497213,optional,knowledge
http://data.europa.eu/esco/occupation/custom-f0083e6dec9c60b597e5535ef182150d,http://data.europa.eu/esco/skill/385479b7-5da5-4367-9763-0d15b41bb65b,optional,skill/competence
http://data.europa.eu/esco/occupation/custom-f0083e6dec9c60b597e5535ef182150d,http://data.europa.eu/esco/skill/397da142-ab35-48fe-b154-7c38f447adfb,essential,knowledge
http://data.europa.eu/esco/occupation/custom-f0083e6dec9c60b597e5535ef182150d,http://data.europa.eu/esco/skill/3c03ee71-4a23-448f-b79e-81fd75d27dca,essential,skill/competence
http://data.europa.eu/esco/occupation/custom-f0083e6dec9c60b597e5535ef182150d,http://data.europa.eu/esco/skill/3c76296d-4bbd-44ba-8eaa-95bf275f79b7,optional,skill/competence
http://data.europa.eu/esco/occupation/custom-f0083e6dec9c60b597e5535ef182150d,http://data.europa.eu/esco/skill/3ce1fe19-7f9e-4070-941d-651673a5693b,optional,knowledge
http://data.europa.eu/esco/occupation/custom-f0083e6dec9c60b597e5535ef182150d,http://data.europa.eu/esco/skill/48b68726-0fd6-4e03-a5eb-82236516ee7a,essential,skill/competence
http://data.europa.eu/esco/occupation/custom-f0083e6dec9c60b597e5535ef182150d,http://data.europa.eu/esco/skill/4913d0c0-133a-4c46-aac3-f5d4989a982e,essential,knowledge
http://data.europa.eu/esco/occupation/custom-f0083e6dec9c60b597e5535ef182150d,http://data.europa.eu/esco/skill/56042303-972b-41be-9310-58467599ff7e,essential,skill/competence
http://data.europa.eu/esco/occupation/custom-f0083e6dec9c60b597e5535ef182150d,http://data.europa.eu/esco/skill/696e3b5b-8b61-45af-ae4c-3ab700f197ec,optional,knowledge
http://data.europa.eu/esco/occupation/custom-f0083e6dec9c60b597e5535ef182150d,http://data.europa.eu/esco/skill/6a7792a9-888a-46ad-afc9-2c0d94c8fde6,essential,skill/competence
http://data.europa.eu/esco/occupation/custom-f0083e6dec9c60b597e5535ef182150d,http://data.europa.eu/esco/skill/79f24a62-7718-46e1-9b41-37be0560a5ca,optional,knowledge
http://data.europa.eu/esco/occupation/custom-f0083e6dec9c60b597e5535ef182150d,http://data.europa.eu/esco/skill/93aaf65c-5aad-4e6f-a7ba-ce9bf7c0e6e6,optional,knowledge
http://data.europa.eu/esco/occupation/custom-f0083e6dec9c60b597e5535ef182150d,http://data.europa.eu/esco/skill/9714735d-6f60-440b-bdbc-aaf45ebcbe78,essential,skill/competence
http://data.europa.eu/esco/occupation/custom-f0083e6dec9c60b597e5535ef182150d,http://data.europa.eu/esco/skill/98301d4a-2cc3-439d-8d7f-0b6ac76302bb,essential,knowledge
http://data.europa.eu/esco/occupation/custom-f0083e6dec9c60b597e5535ef182150d,http://data.europa.eu/esco/skill/a846cb9e-c152-41e7-bd34-45e7ff941e3b,essential,knowledge
http://data.europa.eu/esco/occupation/custom-f0083e6dec9c60b597e5535ef182150d,http://data.europa.eu/esco/skill/a8797f21-1af0-4c5e-98ca-bf1442929363,essential,skill/competence
http://data.europa.eu/esco/occupation/custom-f0083e6dec9c60b597e5535ef182150d,http://data.europa.eu/esco/skill/b04f377b-ee80-4b38-aca1-19d266a23b17,essential,skill/competence
http://data.europa.eu/esco/occupation/custom-f0083e6dec9c60b597e5535ef182150d,http://data.europa.eu/esco/skill/b9bf9e17-ae47-417b-bbb1-e8b7c263ccac,essential,skill/competence
http://data.europa.eu/esco/occupation/custom-f0083e6dec9c60b597e5535ef182150d,http://data.europa.eu/esco/skill/bd14968e-e409-45af-b362-3495ed7b10e0,optional,knowledge
http://data.europa.eu/esco/occupation/custom-f0083e6dec9c60b597e5535ef182150d,http://data.europa.eu/esco/skill/bd698bbe-7003-4508-b422-46c2ff4d5e95,optional,knowledge
http://data.europa.eu/esco/occupation/custom-f0083e6dec9c60b597e5535ef182150d,http://data.europa.eu/esco/skill/c5e8abde-d2ba-4e8e-a65e-720b71180666,optional,knowledge
http://data.europa.eu/esco/occupation/custom-f0083e6dec9c60b597e5535ef182150d,http://data.europa.eu/esco/skill/ccdbd9bb-4faf-403c-a968-e8bf487f8a53,optional,knowledge
http://data.europa.eu/esco/occupation/custom-f0083e6dec9c60b597e5535ef182150d,http://data.europa.eu/esco/skill/d9e5349e-8791-49c2-8ba4-839fdd1606c2,essential,skill/competence
http://data.europa.eu/esco/occupation/custom-f0083e6dec9c60b597e5535ef182150d,http://data.europa.eu/esco/skill/e5609f89-0daf-40bb-bd6b-94f5d7498131,optional,knowledge
http://data.europa.eu/esco/occupation/custom-f0083e6dec9c60b597e5535ef182150d,http://data.europa.eu/esco/skill/f7b5d916-52f0-4865-b6a6-e1a3b711cb5e,essential,skill/competence
http://data.europa.eu/esco/occupation/custom-f162a120ee207232216a67482b7daefa,http://data.europa.eu/esco/skill/000f1d3d-220f-4789-9c0a-cc742521fb02,optional,knowledge
http://data.europa.eu/esco/occupation/custom-f162a120ee207232216a67482b7daefa,http://data.europa.eu/esco/skill/013441c1-1f13-47e9-80c4-9a53e8e1bc05,optional,knowledge
http://data.europa.eu/esco/occupation/custom-f162a120ee207232216a67482b7daefa,http://data.europa.eu/esco/skill/020918ef-4b55-47c1-8430-ab7b8f6a7377,optional,skill/competence
http://data.europa.eu/esco/occupation/custom-f162a120ee207232216a67482b7daefa,http://data.europa.eu/esco/skill/034c29fa-c3ba-45ea-b8f3-bf8e3705e386,optional,knowledge
http://data.europa.eu/esco/occupation/custom-f162a120ee207232216a67482b7daefa,http://data.europa.eu/esco/skill/04f1b938-d4d4-4cb1-a863-982af76b9d93,optional,knowledge
http://data.europa.eu/esco/occupation/custom-f162a120ee207232216a67482b7daefa,http://data.europa.eu/esco/skill/04fe962b-4017-4eb7-9139-7d69b6922bc9,essential,skill/competence
http://data.europa.eu/esco/occupation/custom-f162a120ee207232216a67482b7daefa,http://data.europa.eu/esco/skill/071233c4-ad2b-4f50-b79f-768d2231163e,essential,knowledge
http://data.europa.eu/esco/occupation/custom-f162a120ee207232216a67482b7daefa,http://data.europa.eu/esco/skill/0af062de-eb43-41e9-9b96-249e2cd22d26,essential,skill/competence
http://data.europa.eu/esco/occupation/custom-f162a120ee207232216a67482b7daefa,http://data.europa.eu/esco/skill/0ccdfe98-f845-4598-84a1-3dca66e9d9a3,optional,knowledge
http://data.europa.eu/esco/occupation/custom-f162a120ee207232216a67482b7daefa,http://data.europa.eu/esco/skill/0cd6dcf1-5778-42a5-b685-4d01ae4a4871,optional,knowledge
http://data.europa.eu/esco/occupation/custom-f162a120ee207232216a67482b7daefa,http://data.europa.eu/esco/skill/0d168770-4d9c-4096-b048-a6577818d306,optional,knowledge
http://data.europa.eu/esco/occupation/custom-f162a120ee207232216a67482b7daefa,http://data.europa.eu/esco/skill/0de61385-de6d-4146-ba32-1cc1bc102220,optional,knowledge
http://data.europa.eu/esco/occupation/custom-f162a120ee207232216a67482b7daefa,http://data.europa.eu/esco/skill/1110c92f-3059-445a-9436-0f4200d365f5,optional,knowledge
http://data.europa.eu/esco/occupation/custom-f162a120ee207232216a67482b7daefa,http://data.europa.eu/esco/skill/13bdd41a-2a18-441f-96db-41252c519413,optional,knowledge
http://data.europa.eu/esco/occupation/custom-f162a120ee207232216a67482b7daefa,http://data.europa.eu/esco/skill/16a00c69-9c74-4c37-96d7-6301d285e5ce,essential,skill/competence
http://data.europa.eu/esco/occupation/custom-f162a120ee207232216a67482b7daefa,http://data.europa.eu/esco/skill/172020d1-e151-445b-8173-e2a5fb16fe51,optional,skill/competence
http://data.europa.eu/esco/occupation/custom-f162a120ee207232216a67482b7daefa,http://data.europa.eu/esco/skill/19a8293b-8e95-4de3-983f-77484079c389,optional,knowledge
http://data.europa.eu/esco/occupation/custom-f162a120ee207232216a67482b7daefa,http://data.europa.eu/esco/skill/21d2f96d-35f7-4e3f-9745-c533d2dd6e97,essential,knowledge
http://data.europa.eu/esco/occupation/custom-f162a120ee207232216a67482b7daefa,http://data.europa.eu/esco/skill/234aeb8d-56c3-4531-9193-1c5e6a8d16cb,optional,skill/competence
http://data.europa.eu/esco/occupation/custom-f162a120ee207232216a67482b7daefa,http://data.europa.eu/esco/skill/2522a6ce-3202-4ac8-9f5b-b9cb5a3a83a1,essential,skill/competence
http://data.europa.eu/esco/occupation/custom-f162a120ee207232216a67482b7daefa,http://data.europa.eu/esco/skill/25b291b5-8245-4d9d-b391-86a8a31d7109,optional,skill/competence
http://data.europa.eu/esco/occupation/custom-f162a120ee207232216a67482b7daefa,http://data.europa.eu/esco/skill/26fa7a33-a426-4cd5-9792-33bf668612e1,optional,knowledge
http://data.europa.eu/esco/occupation/custom-f162a120ee207232216a67482b7daefa,http://data.europa.eu/esco/skill/29154735-107a-4daa-a050-537f7707f34e,optional,skill/competence
http://data.europa.eu/esco/occupation/custom-f162a120ee207232216a67482b7daefa,http://data.europa.eu/esco/skill/2b7a79e5-84d8-4880-be66-3d9bb05bea17,essential,skill/competence
http://data.europa.eu/esco/occupation/custom-f162a120ee207232216a67482b7daefa,http://data.europa.eu/esco/skill/2bde42ae-e776-41c1-9ded-b07b30bfe985,optional,knowledge
http://data.europa.eu/esco/occupation/custom-f162a120ee207232216a67482b7daefa,http://data.europa.eu/esco/skill/2c4e11ef-da18-4e19-816b-e6bc19e12424,optional,skill/competence
http://data.europa.eu/esco/occupation/custom-f162a120ee207232216a67482b7daefa,http://data.europa.eu/esco/skill/2d6d4784-0992-48e7-b100-22d7229b3f0a,essential,skill/competence
http://data.europa.eu/esco/occupation/custom-f162a120ee207232216a67482b7daefa,http://data.europa.eu/esco/skill/300d432b-f457-4cd3-9cb1-1858c7d14954,optional,knowledge
http://data.europa.eu/esco/occupation/custom-f162a120ee207232216a67482b7daefa,http://data.europa.eu/esco/skill/3cd569a2-4f88-4c1e-9995-8dce8c5e51a7,optional,knowledge
http://data.europa.eu/esco/occupation/custom-f162a120ee207232216a67482b7daefa,http://data.europa.eu/esco/skill/401eb8d8-6daa-4f8b-90ad-60afc71eb4f8,optional,knowledge
http://data.europa.eu/esco/occupation/custom-f162a120ee207232216a67482b7daefa,http://data.europa.eu/esco/skill/42ed3bfb-1a01-4c8b-9758-fc6438865734,optional,knowledge
http://data.europa.eu/esco/occupation/custom-f162a120ee207232216a67482b7daefa,http://data.europa.eu/esco/skill/4350c38d-0fe9-4ca7-bab9-40ed7f72b04f,optional,knowledge
http://data.europa.eu/esco/occupation/custom-f162a120ee207232216a67482b7daefa,http://data.europa.eu/esco/skill/438ff259-d086-4004-acda-1ec3e1631bc6,optional,knowledge
http://data.europa.eu/esco/occupation/custom-f162a120ee207232216a67482b7daefa,http://data.europa.eu/esco/skill/449d119b-2d66-43a9-9230-7d27f16afbb6,optional,knowledge
http://data.europa.eu/esco/occupation/custom-f162a120ee207232216a67482b7daefa,http://data.europa.eu/esco/skill/47b9bbcf-356c-4782-83a4-7f5a1b2b51a3,optional,knowledge
http://data.europa.eu/esco/occupation/custom-f162a120ee207232216a67482b7daefa,http://data.europa.eu/esco/skill/4c016b68-4116-468c-9dc6-42710c239e4a,optional,knowledge
http://data.europa.eu/esco/occupation/custom-f162a120ee207232216a67482b7daefa,http://data.europa.eu/esco/skill/51586df8-1c46-4b47-8583-773cb63bf00b,optional,knowledge
http://data.europa.eu/esco/occupation/custom-f162a120ee207232216a67482b7daefa,http://data.europa.eu/esco/skill/52cf3037-ab53-4806-85ed-7fd21ea7f6a1,optional,knowledge
http://data.europa.eu/esco/occupation/custom-f162a120ee207232216a67482b7daefa,http://data.europa.eu/esco/skill/56a7f561-1d55-43c9-9cd7-36a0a9bc6c50,optional,knowledge
http://data.europa.eu/esco/occupation/custom-f162a120ee207232216a67482b7daefa,http://data.europa.eu/esco/skill/58d7a289-dafd-4363-833f-d1dc4140885e,optional,knowledge
http://data.europa.eu/esco/occupation/custom-f162a120ee207232216a67482b7daefa,http://data.europa.eu/esco/skill/5b9cde20-f1b9-4adc-bfb3-dbf70b14138d,optional,skill/competence
http://data.europa.eu/esco/occupation/custom-f162a120ee207232216a67482b7daefa,http://data.europa.eu/esco/skill/5be3d306-6cf1-4b49-aa1d-01651dd4ba4c,optional,knowledge
http://data.europa.eu/esco/occupation/custom-f162a120ee207232216a67482b7daefa,http://data.europa.eu/esco/skill/5c66ce3a-658d-43b1-9d8d-0f39be6c0f2e,optional,knowledge
http://data.europa.eu/esco/occupation/custom-f162a120ee207232216a67482b7daefa,http://data.europa.eu/esco/skill/5fd5c985-eaaa-47aa-8314-62359c54505a,essential,skill/competence
http://data.europa.eu/esco/occupation/custom-f162a120ee207232216a67482b7daefa,http://data.europa.eu/esco/skill/6014921e-1d25-4039-adc2-04852d61880e,essential,knowledge
http://data.europa.eu/esco/occupation/custom-f162a120ee207232216a67482b7daefa,http://data.europa.eu/esco/skill/6417a4cc-6f61-4459-a114-761a7fa0279d,optional,knowledge
http://data.europa.eu/esco/occupation/custom-f162a120ee207232216a67482b7daefa,http://data.europa.eu/esco/skill/69bbd53f-fbb0-4476-b4b2-ef7844464e28,essential,knowledge
http://data.europa.eu/esco/occupation/custom-f162a120ee207232216a67482b7daefa,http://data.europa.eu/esco/skill/69f0167e-75d9-46cf-847f-72a592880ebb,optional,knowledge
http://data.europa.eu/esco/occupation/custom-f162a120ee207232216a67482b7daefa,http://data.europa.eu/esco/skill/6b6a9252-2ed7-4862-a02f-1578f4a532ea,optional,knowledge
http://data.europa.eu/esco/occupation/custom-f162a120ee207232216a67482b7daefa,http://data.europa.eu/esco/skill/6d289e8b-2cc1-4eda-ab1f-ad1090ef98f0,optional,knowledge
http://data.europa.eu/esco/occupation/custom-f162a120ee207232216a67482b7daefa,http://data.europa.eu/esco/skill/6f8a40d6-f9ce-43ec-a72f-d4213a53f3ed,optional,knowledge
http://data.europa.eu/esco/occupation/custom-f162a120ee207232216a67482b7daefa,http://data.europa.eu/esco/skill/71746a0b-e58d-4dc4-ad03-bd84082eae21,essential,skill/competence
http://data.europa.eu/esco/occupation/custom-f162a120ee207232216a67482b7daefa,http://data.europa.eu/esco/skill/75f839c2-fd9a-4ad3-8921-6e734608568d,optional,skill/competence
http://data.europa.eu/esco/occupation/custom-f162a120ee207232216a67482b7daefa,http://data.europa.eu/esco/skill/7814e88f-c133-4c3b-b27f-857afa145d42,optional,knowledge
http://data.europa.eu/esco/occupation/custom-f162a120ee207232216a67482b7daefa,http://data.europa.eu/esco/skill/797a4416-0b8d-44f3-8fcd-eb10bd0be6b4,essential,skill/competence
http://data.europa.eu/esco/occupation/custom-f162a120ee207232216a67482b7daefa,http://data.europa.eu/esco/skill/7d10fcb2-b368-48ab-996b-7c9fafcf68ed,optional,skill/competence
http://data.europa.eu/esco/occupation/custom-f162a120ee207232216a67482b7daefa,http://data.europa.eu/esco/skill/81633a44-f1db-4a01-a940-804c6905e330,optional,skill/competence
http://data.europa.eu/esco/occupation/custom-f162a120ee207232216a67482b7daefa,http://data.europa.eu/esco/skill/8369ede5-4200-4a44-be2e-bc60ef959259,optional,knowledge
http://data.europa.eu/esco/occupation/custom-f162a120ee207232216a67482b7daefa,http://data.europa.eu/esco/skill/85c11255-469f-41bd-a6d1-382bc4a87783,essential,skill/competence
http://data.europa.eu/esco/occupation/custom-f162a120ee207232216a67482b7daefa,http://data.europa.eu/esco/skill/867137fb-ff1b-4ca3-99f3-cb6969aa2c68,optional,knowledge
http://data.europa.eu/esco/occupation/custom-f162a120ee207232216a67482b7daefa,http://data.europa.eu/esco/skill/8696aff0-18c0-4ba6-a4d0-9a21861b3e5e,essential,knowledge
http://data.europa.eu/esco/occupation/custom-f162a120ee207232216a67482b7daefa,http://data.europa.eu/esco/skill/8785ccda-6f9f-4cf3-9033-fda10653d0be,optional,knowledge
http://data.europa.eu/esco/occupation/custom-f162a120ee207232216a67482b7daefa,http://data.europa.eu/esco/skill/8b94aa1e-89c9-459d-b3b4-1dfab8dec2df,essential,skill/competence
http://data.europa.eu/esco/occupation/custom-f162a120ee207232216a67482b7daefa,http://data.europa.eu/esco/skill/8c4c49d4-9708-433f-8ca7-bf2c5211ee49,optional,skill/competence
http://data.europa.eu/esco/occupation/custom-f162a120ee207232216a67482b7daefa,http://data.europa.eu/esco/skill/901105f8-3a08-453e-b1dc-23619e317fd3,essential,skill/competence
http://data.europa.eu/esco/occupation/custom-f162a120ee207232216a67482b7daefa,http://data.europa.eu/esco/skill/902fb91c-3113-4004-9b4f-79aa86b638b7,optional,knowledge
http://data.europa.eu/esco/occupation/custom-f162a120ee207232216a67482b7daefa,http://data.europa.eu/esco/skill/925463a7-d51f-4d5b-9f79-4d28cf30acde,essential,knowledge
http://data.europa.eu/esco/occupation/custom-f162a120ee207232216a67482b7daefa,http://data.europa.eu/esco/skill/93e65de1-923c-437e-aa5b-e6002967ce71,essential,knowledge
http://data.europa.eu/esco/occupation/custom-f162a120ee207232216a67482b7daefa,http://data.europa.eu/esco/skill/993b1e23-f2de-4bd8-b33f-f86dde1c8e9d,optional,knowledge
http://data.europa.eu/esco/occupation/custom-f162a120ee207232216a67482b7daefa,http://data.europa.eu/esco/skill/9973a5a2-7822-4161-99e9-95c781eb63f8,optional,knowledge
http://data.europa.eu/esco/occupation/custom-f162a120ee207232216a67482b7daefa,http://data.europa.eu/esco/skill/9b9de2a4-d8af-4a7b-933a-a8334ae60067,optional,knowledge
http://data.europa.eu/esco/occupation/custom-f162a120ee207232216a67482b7daefa,http://data.europa.eu/esco/skill/9d2e926f-53d9-41f5-98f3-19dfaa687f3f,essential,knowledge
http://data.europa.eu/esco/occupation/custom-f162a120ee207232216a67482b7daefa,http://data.europa.eu/esco/skill/a4d336a6-9ffd-402a-91cc-f359716ba4e0,optional,knowledge
http://data.europa.eu/esco/occupation/custom-f162a120ee207232216a67482b7daefa,http://data.europa.eu/esco/skill/a4e31589-3632-4926-91d0-15b889c90b9b,optional,knowledge
http://data.europa.eu/esco/occupation/custom-f162a120ee207232216a67482b7daefa,http://data.europa.eu/esco/skill/abdc7ac8-151f-40c6-bc1a-1e9b4b073290,optional,knowledge
http://data.europa.eu/esco/occupation/custom-f162a120ee207232216a67482b7daefa,http://data.europa.eu/esco/skill/af7ae54f-4649-4c16-87c7-59ba41d4d57f,optional,knowledge
http://data.europa.eu/esco/occupation/custom-f162a120ee207232216a67482b7daefa,http://data.europa.eu/esco/skill/b16bcbcb-1d3f-42b3-a6a5-b91348a72b70,optional,knowledge
http://data.europa.eu/esco/occupation/custom-f162a120ee207232216a67482b7daefa,http://data.europa.eu/esco/skill/b4dc6e4f-dc7d-445f-8ce2-d7b9d225e282,optional,knowledge
http://data.europa.eu/esco/occupation/custom-f162a120ee207232216a67482b7daefa,http://data.europa.eu/esco/skill/b633eb55-8f1f-4ae6-ab4c-2022ffe2cb7f,optional,knowledge
http://data.europa.eu/esco/occupation/custom-f162a120ee207232216a67482b7daefa,http://data.europa.eu/esco/skill/bb2b4485-2bad-402f-8517-44bf7d9afff4,optional,skill/competence
http://data.europa.eu/esco/occupation/custom-f162a120ee207232216a67482b7daefa,http://data.europa.eu/esco/skill/bb99af26-71ff-4dca-bde7-1eb1f6194426,optional,knowledge
http://data.europa.eu/esco/occupation/custom-f162a120ee207232216a67482b7daefa,http://data.europa.eu/esco/skill/be80acfc-b6f2-4411-9b8d-b19d9cd2556a,optional,knowledge
http://data.europa.eu/esco/occupation/custom-f162a120ee207232216a67482b7daefa,http://data.europa.eu/esco/skill/c2999f0c-eb37-4cdf-b9b0-82107b628794,essential,knowledge
http://data.europa.eu/esco/occupation/custom-f162a120ee207232216a67482b7daefa,http://data.europa.eu/esco/skill/c3a03c5a-c260-4c26-9b9a-873abb396f4d,optional,knowledge
http://data.europa.eu/esco/occupation/custom-f162a120ee207232216a67482b7daefa,http://data.europa.eu/esco/skill/c4b1f326-224a-420a-b8b3-814a8f13b6cb,essential,skill/competence
http://data.europa.eu/esco/occupation/custom-f162a120ee207232216a67482b7daefa,http://data.europa.eu/esco/skill/c7451027-8249-405a-bb1b-342ff0f3fb3b,optional,knowledge
http://data.europa.eu/esco/occupation/custom-f162a120ee207232216a67482b7daefa,http://data.europa.eu/esco/skill/ccd0a1d9-afda-43d9-b901-96344886e14d,optional,knowledge
http://data.europa.eu/esco/occupation/custom-f162a120ee207232216a67482b7daefa,http://data.europa.eu/esco/skill/d2adb565-a865-424d-aeb5-9fbcbf2afe2a,essential,knowledge
http://data.europa.eu/esco/occupation/custom-f162a120ee207232216a67482b7daefa,http://data.europa.eu/esco/skill/d31fab87-2a7d-485c-b699-2901ca294b15,optional,skill/competence
http://data.europa.eu/esco/occupation/custom-f162a120ee207232216a67482b7daefa,http://data.europa.eu/esco/skill/d56fc2b5-4b0a-4e7e-9bde-a33736f6ff18,optional,knowledge
http://data.europa.eu/esco/occupation/custom-f162a120ee207232216a67482b7daefa,http://data.europa.eu/esco/skill/dcdd5ddf-82a6-4ac3-8edc-d4b23cae9a88,optional,knowledge
http://data.europa.eu/esco/occupation/custom-f162a120ee207232216a67482b7daefa,http://data.europa.eu/esco/skill/def007fa-5fed-4a5f-91a2-b0d7e3db1be1,optional,knowledge
http://data.europa.eu/esco/occupation/custom-f162a120ee207232216a67482b7daefa,http://data.europa.eu/esco/skill/e5d1f825-60ed-4bdd-872a-e748c387f777,optional,knowledge
http://data.europa.eu/esco/occupation/custom-f162a120ee207232216a67482b7daefa,http://data.europa.eu/esco/skill/e74f4f21-8d45-412c-b5c3-652e6167ee32,essential,knowledge
http://data.europa.eu/esco/occupation/custom-f162a120ee207232216a67482b7daefa,http://data.europa.eu/esco/skill/e8b89eb6-51e8-4c3a-babb-88b2e110376b,optional,knowledge
http://data.europa.eu/esco/occupation/custom-f162a120ee207232216a67482b7daefa,http://data.europa.eu/esco/skill/e8d9ce55-7bc3-4f09-8412-0a393d4b5b96,optional,skill/competence
http://data.europa.eu/esco/occupation/custom-f162a120ee207232216a67482b7daefa,http://data.europa.eu/esco/skill/eb0e5615-1575-4a86-a1a2-7d39595033c5,optional,knowledge
http://data.europa.eu/esco/occupation/custom-f162a120ee207232216a67482b7daefa,http://data.europa.eu/esco/skill/f28617ad-afdd-4041-814c-216153a38998,essential,skill/competence
http://data.europa.eu/esco/occupation/custom-f162a120ee207232216a67482b7daefa,http://data.europa.eu/esco/skill/f47a1998-0beb-43be-9f46-380aa4d183da,optional,knowledge
http://data.europa.eu/esco/occupation/custom-f162a120ee207232216a67482b7daefa,http://data.europa.eu/esco/skill/f5308e60-d763-4ead-be95-88c96fb3e02b,optional,skill/competence
http://data.europa.eu/esco/occupation/custom-f162a120ee207232216a67482b7daefa,http://data.europa.eu/esco/skill/f84a433f-34f1-4083-b0a3-24802623509c,essential,knowledge
http://data.europa.eu/esco/occupation/custom-f162a120ee207232216a67482b7daefa,http://data.europa.eu/esco/skill/fd33c66c-70c4-40e6-b87c-5495bd3bf26e,optional,skill/competence
http://data.europa.eu/esco/occupation/custom-f162a120ee207232216a67482b7daefa,http://data.europa.eu/esco/skill/ffddfc7c-a9dd-449f-9e96-882dc447c8b6,optional,knowledge
http://data.europa.eu/esco/occupation/custom-f2bc5939423c50e731bbe677dc53a6cb,http://data.europa.eu/esco/skill/000f1d3d-220f-4789-9c0a-cc742521fb02,optional,knowledge
http://data.europa.eu/esco/occupation/custom-f2bc5939423c50e731bbe677dc53a6cb,http://data.europa.eu/esco/skill/034c29fa-c3ba-45ea-b8f3-bf8e3705e386,optional,knowledge
http://data.europa.eu/esco/occupation/custom-f2bc5939423c50e731bbe677dc53a6cb,http://data.europa.eu/esco/skill/04f1b938-d4d4-4cb1-a863-982af76b9d93,optional,knowledge
http://data.europa.eu/esco/occupation/custom-f2bc5939423c50e731bbe677dc53a6cb,http://data.europa.eu/esco/skill/04fe962b-4017-4eb7-9139-7d69b6922bc9,optional,skill/competence
http://data.europa.eu/esco/occupation/custom-f2bc5939423c50e731bbe677dc53a6cb,http://data.europa.eu/esco/skill/071233c4-ad2b-4f50-b79f-768d2231163e,essential,knowledge
http://data.europa.eu/esco/occupation/custom-f2bc5939423c50e731bbe677dc53a6cb,http://data.europa.eu/esco/skill/0af062de-eb43-41e9-9b96-249e2cd22d26,essential,skill/competence
http://data.europa.eu/esco/occupation/custom-f2bc5939423c50e731bbe677dc53a6cb,http://data.europa.eu/esco/skill/0ccdfe98-f845-4598-84a1-3dca66e9d9a3,optional,knowledge
http://data.europa.eu/esco/occupation/custom-f2bc5939423c50e731bbe677dc53a6cb,http://data.europa.eu/esco/skill/0cd6dcf1-5778-42a5-b685-4d01ae4a4871,optional,knowledge
http://data.europa.eu/esco/occupation/custom-f2bc5939423c50e731bbe677dc53a6cb,http://data.europa.eu/esco/skill/0de61385-de6d-4146-ba32-1cc1bc102220,optional,knowledge
http://data.europa.eu/esco/occupation/custom-f2bc5939423c50e731bbe677dc53a6cb,http://data.europa.eu/esco/skill/1110c92f-3059-445a-9436-0f4200d365f5,optional,knowledge
http://data.europa.eu/esco/occupation/custom-f2bc5939423c50e731bbe677dc53a6cb,http://data.europa.eu/esco/skill/11eebd42-44ab-401d-8a2c-bdb9fc9beb50,optional,knowledge
http://data.europa.eu/esco/occupation/custom-f2bc5939423c50e731bbe677dc53a6cb,http://data.europa.eu/esco/skill/13bdd41a-2a18-441f-96db-41252c519413,optional,knowledge
http://data.europa.eu/esco/occupation/custom-f2bc5939423c50e731bbe677dc53a6cb,http://data.europa.eu/esco/skill/14ced458-5f4b-495f-bd3d-9c240614bda0,optional,knowledge
http://data.europa.eu/esco/occupation/custom-f2bc5939423c50e731bbe677dc53a6cb,http://data.europa.eu/esco/skill/14d1e367-3efe-4ec5-86ae-eca48710ee4e,optional,skill/competence
http://data.europa.eu/esco/occupation/custom-f2bc5939423c50e731bbe677dc53a6cb,http://data.europa.eu/esco/skill/1605025e-a179-421f-8f35-5b07d182a6b2,optional,knowledge
http://data.europa.eu/esco/occupation/custom-f2bc5939423c50e731bbe677dc53a6cb,http://data.europa.eu/esco/skill/1973c966-f236-40c9-b2d4-5d71a89019be,optional,skill/competence
http://data.europa.eu/esco/occupation/custom-f2bc5939423c50e731bbe677dc53a6cb,http://data.europa.eu/esco/skill/19a8293b-8e95-4de3-983f-77484079c389,optional,knowledge
http://data.europa.eu/esco/occupation/custom-f2bc5939423c50e731bbe677dc53a6cb,http://data.europa.eu/esco/skill/1e7ed56a-6d6b-422f-962e-38543d150755,optional,skill/competence
http://data.europa.eu/esco/occupation/custom-f2bc5939423c50e731bbe677dc53a6cb,http://data.europa.eu/esco/skill/21d2f96d-35f7-4e3f-9745-c533d2dd6e97,optional,knowledge
http://data.europa.eu/esco/occupation/custom-f2bc5939423c50e731bbe677dc53a6cb,http://data.europa.eu/esco/skill/26fa7a33-a426-4cd5-9792-33bf668612e1,optional,knowledge
http://data.europa.eu/esco/occupation/custom-f2bc5939423c50e731bbe677dc53a6cb,http://data.europa.eu/esco/skill/27b913f0-3c52-448b-ad27-fc6ef08fb326,optional,knowledge
http://data.europa.eu/esco/occupation/custom-f2bc5939423c50e731bbe677dc53a6cb,http://data.europa.eu/esco/skill/2bde42ae-e776-41c1-9ded-b07b30bfe985,optional,knowledge
http://data.europa.eu/esco/occupation/custom-f2bc5939423c50e731bbe677dc53a6cb,http://data.europa.eu/esco/skill/300d432b-f457-4cd3-9cb1-1858c7d14954,optional,knowledge
http://data.europa.eu/esco/occupation/custom-f2bc5939423c50e731bbe677dc53a6cb,http://data.europa.eu/esco/skill/37a438f3-e28c-4e32-83c5-299f047c1dc9,essential,skill/competence
http://data.europa.eu/esco/occupation/custom-f2bc5939423c50e731bbe677dc53a6cb,http://data.europa.eu/esco/skill/38da3c60-4b7c-4698-9256-574e4ee4e93b,optional,knowledge
http://data.europa.eu/esco/occupation/custom-f2bc5939423c50e731bbe677dc53a6cb,http://data.europa.eu/esco/skill/397da142-ab35-48fe-b154-7c38f447adfb,essential,knowledge
http://data.europa.eu/esco/occupation/custom-f2bc5939423c50e731bbe677dc53a6cb,http://data.europa.eu/esco/skill/3cd569a2-4f88-4c1e-9995-8dce8c5e51a7,optional,knowledge
http://data.europa.eu/esco/occupation/custom-f2bc5939423c50e731bbe677dc53a6cb,http://data.europa.eu/esco/skill/401eb8d8-6daa-4f8b-90ad-60afc71eb4f8,optional,knowledge
http://data.europa.eu/esco/occupation/custom-f2bc5939423c50e731bbe677dc53a6cb,http://data.europa.eu/esco/skill/42ed3bfb-1a01-4c8b-9758-fc6438865734,optional,knowledge
http://data.europa.eu/esco/occupation/custom-f2bc5939423c50e731bbe677dc53a6cb,http://data.europa.eu/esco/skill/4350c38d-0fe9-4ca7-bab9-40ed7f72b04f,optional,knowledge
http://data.europa.eu/esco/occupation/custom-f2bc5939423c50e731bbe677dc53a6cb,http://data.europa.eu/esco/skill/4463a721-69f3-413d-8321-43e3af13a4f1,optional,skill/competence
http://data.europa.eu/esco/occupation/custom-f2bc5939423c50e731bbe677dc53a6cb,http://data.europa.eu/esco/skill/47b9bbcf-356c-4782-83a4-7f5a1b2b51a3,optional,knowledge
http://data.europa.eu/esco/occupation/custom-f2bc5939423c50e731bbe677dc53a6cb,http://data.europa.eu/esco/skill/47ca0da1-cae5-4395-ae6b-fd97b9ff48d3,optional,knowledge
http://data.europa.eu/esco/occupation/custom-f2bc5939423c50e731bbe677dc53a6cb,http://data.europa.eu/esco/skill/4a466c62-db7d-4905-9a41-f23214810acb,optional,knowledge
http://data.europa.eu/esco/occupation/custom-f2bc5939423c50e731bbe677dc53a6cb,http://data.europa.eu/esco/skill/4c016b68-4116-468c-9dc6-42710c239e4a,optional,knowledge
http://data.europa.eu/esco/occupation/custom-f2bc5939423c50e731bbe677dc53a6cb,http://data.europa.eu/esco/skill/51586df8-1c46-4b47-8583-773cb63bf00b,optional,knowledge
http://data.europa.eu/esco/occupation/custom-f2bc5939423c50e731bbe677dc53a6cb,http://data.europa.eu/esco/skill/52cf3037-ab53-4806-85ed-7fd21ea7f6a1,optional,knowledge
http://data.europa.eu/esco/occupation/custom-f2bc5939423c50e731bbe677dc53a6cb,http://data.europa.eu/esco/skill/553e1d2d-abf1-4b37-8ac4-c5c78a8edbc0,essential,knowledge
http://data.europa.eu/esco/occupation/custom-f2bc5939423c50e731bbe677dc53a6cb,http://data.europa.eu/esco/skill/56a7f561-1d55-43c9-9cd7-36a0a9bc6c50,optional,knowledge
http://data.europa.eu/esco/occupation/custom-f2bc5939423c50e731bbe677dc53a6cb,http://data.europa.eu/esco/skill/574257ea-7b64-4100-b7b6-e27c233fe143,essential,
http://data.europa.eu/esco/occupation/custom-f2bc5939423c50e731bbe677dc53a6cb,http://data.europa.eu/esco/skill/58d7a289-dafd-4363-833f-d1dc4140885e,optional,knowledge
http://data.europa.eu/esco/occupation/custom-f2bc5939423c50e731bbe677dc53a6cb,http://data.europa.eu/esco/skill/5ef0c719-5bcb-49f8-b8eb-824388225333,essential,skill/competence
http://data.europa.eu/esco/occupation/custom-f2bc5939423c50e731bbe677dc53a6cb,http://data.europa.eu/esco/skill/5fd5c985-eaaa-47aa-8314-62359c54505a,essential,skill/competence
http://data.europa.eu/esco/occupation/custom-f2bc5939423c50e731bbe677dc53a6cb,http://data.europa.eu/esco/skill/6014921e-1d25-4039-adc2-04852d61880e,optional,knowledge
http://data.europa.eu/esco/occupation/custom-f2bc5939423c50e731bbe677dc53a6cb,http://data.europa.eu/esco/skill/6430eb0d-c6de-46b7-a7fc-3dd2e8e62a69,essential,skill/competence
http://data.europa.eu/esco/occupation/custom-f2bc5939423c50e731bbe677dc53a6cb,http://data.europa.eu/esco/skill/69bbd53f-fbb0-4476-b4b2-ef7844464e28,essential,knowledge
http://data.europa.eu/esco/occupation/custom-f2bc5939423c50e731bbe677dc53a6cb,http://data.europa.eu/esco/skill/6ad40ca3-dc34-4442-b23f-0b1b28936f56,essential,skill/competence
http://data.europa.eu/esco/occupation/custom-f2bc5939423c50e731bbe677dc53a6cb,http://data.europa.eu/esco/skill/6fe76a8b-4d5f-4cea-b76b-5908463fb014,essential,skill/competence
http://data.europa.eu/esco/occupation/custom-f2bc5939423c50e731bbe677dc53a6cb,http://data.europa.eu/esco/skill/7e5147d1-60b1-4a68-804b-1f5cb0396b91,essential,
http://data.europa.eu/esco/occupation/custom-f2bc5939423c50e731bbe677dc53a6cb,http://data.europa.eu/esco/skill/8088750d-8388-4170-a76f-48354c469c44,optional,knowledge
http://data.europa.eu/esco/occupation/custom-f2bc5939423c50e731bbe677dc53a6cb,http://data.europa.eu/esco/skill/8369ede5-4200-4a44-be2e-bc60ef959259,optional,knowledge
http://data.europa.eu/esco/occupation/custom-f2bc5939423c50e731bbe677dc53a6cb,http://data.europa.eu/esco/skill/85038d57-1fdd-40de-b908-2c005545a8c3,optional,knowledge
http://data.europa.eu/esco/occupation/custom-f2bc5939423c50e731bbe677dc53a6cb,http://data.europa.eu/esco/skill/867137fb-ff1b-4ca3-99f3-cb6969aa2c68,optional,knowledge
http://data.europa.eu/esco/occupation/custom-f2bc5939423c50e731bbe677dc53a6cb,http://data.europa.eu/esco/skill/8696aff0-18c0-4ba6-a4d0-9a21861b3e5e,optional,knowledge
http://data.europa.eu/esco/occupation/custom-f2bc5939423c50e731bbe677dc53a6cb,http://data.europa.eu/esco/skill/86f7126d-97fd-4da5-be96-d1cf6ecd54e6,optional,knowledge
http://data.europa.eu/esco/occupation/custom-f2bc5939423c50e731bbe677dc53a6cb,http://data.europa.eu/esco/skill/8785ccda-6f9f-4cf3-9033-fda10653d0be,optional,knowledge
http://data.europa.eu/esco/occupation/custom-f2bc5939423c50e731bbe677dc53a6cb,http://data.europa.eu/esco/skill/8b94aa1e-89c9-459d-b3b4-1dfab8dec2df,essential,skill/competence
http://data.europa.eu/esco/occupation/custom-f2bc5939423c50e731bbe677dc53a6cb,http://data.europa.eu/esco/skill/93e65de1-923c-437e-aa5b-e6002967ce71,essential,knowledge
http://data.europa.eu/esco/occupation/custom-f2bc5939423c50e731bbe677dc53a6cb,http://data.europa.eu/esco/skill/9707091a-323b-4240-877a-5999a19286f0,essential,skill/competence
http://data.europa.eu/esco/occupation/custom-f2bc5939423c50e731bbe677dc53a6cb,http://data.europa.eu/esco/skill/993b1e23-f2de-4bd8-b33f-f86dde1c8e9d,optional,knowledge
http://data.europa.eu/esco/occupation/custom-f2bc5939423c50e731bbe677dc53a6cb,http://data.europa.eu/esco/skill/9973a5a2-7822-4161-99e9-95c781eb63f8,optional,knowledge
http://data.europa.eu/esco/occupation/custom-f2bc5939423c50e731bbe677dc53a6cb,http://data.europa.eu/esco/skill/a0bf9b9d-e53f-418c-a839-5d99eff718fe,optional,skill/competence
http://data.europa.eu/esco/occupation/custom-f2bc5939423c50e731bbe677dc53a6cb,http://data.europa.eu/esco/skill/a4d336a6-9ffd-402a-91cc-f359716ba4e0,optional,knowledge
http://data.europa.eu/esco/occupation/custom-f2bc5939423c50e731bbe677dc53a6cb,http://data.europa.eu/esco/skill/a71577b2-7550-4222-88ee-dcbd2d881516,essential,knowledge
http://data.europa.eu/esco/occupation/custom-f2bc5939423c50e731bbe677dc53a6cb,http://data.europa.eu/esco/skill/abdc7ac8-151f-40c6-bc1a-1e9b4b073290,optional,knowledge
http://data.europa.eu/esco/occupation/custom-f2bc5939423c50e731bbe677dc53a6cb,http://data.europa.eu/esco/skill/acf0a78c-f4e3-4bd9-a5cc-9cf4791b3b95,optional,skill/competence
http://data.europa.eu/esco/occupation/custom-f2bc5939423c50e731bbe677dc53a6cb,http://data.europa.eu/esco/skill/b0a3bb25-a02f-43ed-ab1f-994fa66a424a,optional,knowledge
http://data.europa.eu/esco/occupation/custom-f2bc5939423c50e731bbe677dc53a6cb,http://data.europa.eu/esco/skill/b0ac313d-de44-4344-ada6-76d2177b6d92,optional,knowledge
http://data.europa.eu/esco/occupation/custom-f2bc5939423c50e731bbe677dc53a6cb,http://data.europa.eu/esco/skill/b16bcbcb-1d3f-42b3-a6a5-b91348a72b70,optional,knowledge
http://data.europa.eu/esco/occupation/custom-f2bc5939423c50e731bbe677dc53a6cb,http://data.europa.eu/esco/skill/b4dc6e4f-dc7d-445f-8ce2-d7b9d225e282,optional,knowledge
http://data.europa.eu/esco/occupation/custom-f2bc5939423c50e731bbe677dc53a6cb,http://data.europa.eu/esco/skill/b633eb55-8f1f-4ae6-ab4c-2022ffe2cb7f,optional,knowledge
http://data.europa.eu/esco/occupation/custom-f2bc5939423c50e731bbe677dc53a6cb,http://data.europa.eu/esco/skill/bb99af26-71ff-4dca-bde7-1eb1f6194426,optional,knowledge
http://data.europa.eu/esco/occupation/custom-f2bc5939423c50e731bbe677dc53a6cb,http://data.europa.eu/esco/skill/be80acfc-b6f2-4411-9b8d-b19d9cd2556a,optional,knowledge
http://data.europa.eu/esco/occupation/custom-f2bc5939423c50e731bbe677dc53a6cb,http://data.europa.eu/esco/skill/c1f29568-f2bb-49d2-b6c2-28748bd1629b,optional,skill/competence
http://data.europa.eu/esco/occupation/custom-f2bc5939423c50e731bbe677dc53a6cb,http://data.europa.eu/esco/skill/c2999f0c-eb37-4cdf-b9b0-82107b628794,essential,knowledge
http://data.europa.eu/esco/occupation/custom-f2bc5939423c50e731bbe677dc53a6cb,http://data.europa.eu/esco/skill/c3a03c5a-c260-4c26-9b9a-873abb396f4d,optional,knowledge
http://data.europa.eu/esco/occupation/custom-f2bc5939423c50e731bbe677dc53a6cb,http://data.europa.eu/esco/skill/c4b1f326-224a-420a-b8b3-814a8f13b6cb,essential,skill/competence
http://data.europa.eu/esco/occupation/custom-f2bc5939423c50e731bbe677dc53a6cb,http://data.europa.eu/esco/skill/c7cc6dc5-d56b-4323-8e5c-47c4022f615f,essential,knowledge
http://data.europa.eu/esco/occupation/custom-f2bc5939423c50e731bbe677dc53a6cb,http://data.europa.eu/esco/skill/c9e96450-421d-48af-9ee6-d9c50e29afc2,optional,knowledge
http://data.europa.eu/esco/occupation/custom-f2bc5939423c50e731bbe677dc53a6cb,http://data.europa.eu/esco/skill/ccd0a1d9-afda-43d9-b901-96344886e14d,optional,knowledge
http://data.europa.eu/esco/occupation/custom-f2bc5939423c50e731bbe677dc53a6cb,http://data.europa.eu/esco/skill/d2adb565-a865-424d-aeb5-9fbcbf2afe2a,optional,knowledge
http://data.europa.eu/esco/occupation/custom-f2bc5939423c50e731bbe677dc53a6cb,http://data.europa.eu/esco/skill/d4789070-2ff7-4bbb-94ca-8bb1739826a9,essential,knowledge
http://data.europa.eu/esco/occupation/custom-f2bc5939423c50e731bbe677dc53a6cb,http://data.europa.eu/esco/skill/d56fc2b5-4b0a-4e7e-9bde-a33736f6ff18,optional,knowledge
http://data.europa.eu/esco/occupation/custom-f2bc5939423c50e731bbe677dc53a6cb,http://data.europa.eu/esco/skill/dcdd5ddf-82a6-4ac3-8edc-d4b23cae9a88,optional,knowledge
http://data.europa.eu/esco/occupation/custom-f2bc5939423c50e731bbe677dc53a6cb,http://data.europa.eu/esco/skill/def007fa-5fed-4a5f-91a2-b0d7e3db1be1,optional,knowledge
http://data.europa.eu/esco/occupation/custom-f2bc5939423c50e731bbe677dc53a6cb,http://data.europa.eu/esco/skill/e23e81f5-18db-49aa-ad9b-b3d0fdcad1d2,essential,skill/competence
http://data.europa.eu/esco/occupation/custom-f2bc5939423c50e731bbe677dc53a6cb,http://data.europa.eu/esco/skill/e5d1f825-60ed-4bdd-872a-e748c387f777,optional,knowledge
http://data.europa.eu/esco/occupation/custom-f2bc5939423c50e731bbe677dc53a6cb,http://data.europa.eu/esco/skill/e8b89eb6-51e8-4c3a-babb-88b2e110376b,optional,knowledge
http://data.europa.eu/esco/occupation/custom-f2bc5939423c50e731bbe677dc53a6cb,http://data.europa.eu/esco/skill/eb0e5615-1575-4a86-a1a2-7d39595033c5,optional,knowledge
http://data.europa.eu/esco/occupation/custom-f2bc5939423c50e731bbe677dc53a6cb,http://data.europa.eu/esco/skill/ed39edd3-44d0-4a16-9796-bfb99f92baf3,optional,knowledge
http://data.europa.eu/esco/occupation/custom-f2bc5939423c50e731bbe677dc53a6cb,http://data.europa.eu/esco/skill/ef64005d-75bc-4597-8ed6-717edec5e55e,optional,skill/competence
http://data.europa.eu/esco/occupation/custom-f2bc5939423c50e731bbe677dc53a6cb,http://data.europa.eu/esco/skill/f5ac9226-0ace-4d34-a1c3-7b3845834a98,essential,skill/competence
http://data.europa.eu/esco/occupation/custom-f2bc5939423c50e731bbe677dc53a6cb,http://data.europa.eu/esco/skill/fecf8a0d-62c4-4e71-9b03-0f4fc2ad7bf5,optional,knowledge
http://data.europa.eu/esco/occupation/custom-f2bc5939423c50e731bbe677dc53a6cb,http://data.europa.eu/esco/skill/ffddfc7c-a9dd-449f-9e96-882dc447c8b6,optional,knowledge
http://data.europa.eu/esco/occupation/custom-f37b6042a820952eeea3867fcf5e2e59,http://data.europa.eu/esco/skill/000f1d3d-220f-4789-9c0a-cc742521fb02,optional,knowledge
http://data.europa.eu/esco/occupation/custom-f37b6042a820952eeea3867fcf5e2e59,http://data.europa.eu/esco/skill/020918ef-4b55-47c1-8430-ab7b8f6a7377,essential,skill/competence
http://data.europa.eu/esco/occupation/custom-f37b6042a820952eeea3867fcf5e2e59,http://data.europa.eu/esco/skill/022dc430-872a-473a-9cf4-fed4895e58ad,optional,skill/competence
http://data.europa.eu/esco/occupation/custom-f37b6042a820952eeea3867fcf5e2e59,http://data.europa.eu/esco/skill/034c29fa-c3ba-45ea-b8f3-bf8e3705e386,optional,knowledge
http://data.europa.eu/esco/occupation/custom-f37b6042a820952eeea3867fcf5e2e59,http://data.europa.eu/esco/skill/03ff0d53-573a-47a0-a0ad-1995815a4339,essential,knowledge
http://data.europa.eu/esco/occupation/custom-f37b6042a820952eeea3867fcf5e2e59,http://data.europa.eu/esco/skill/04f1b938-d4d4-4cb1-a863-982af76b9d93,optional,knowledge
http://data.europa.eu/esco/occupation/custom-f37b6042a820952eeea3867fcf5e2e59,http://data.europa.eu/esco/skill/09f2f811-a3fb-4de3-a70f-6420a6935575,essential,knowledge
http://data.europa.eu/esco/occupation/custom-f37b6042a820952eeea3867fcf5e2e59,http://data.europa.eu/esco/skill/0a9acb6b-1139-4be9-b431-3a80a959f2f4,optional,knowledge
http://data.europa.eu/esco/occupation/custom-f37b6042a820952eeea3867fcf5e2e59,http://data.europa.eu/esco/skill/0af062de-eb43-41e9-9b96-249e2cd22d26,essential,skill/competence
http://data.europa.eu/esco/occupation/custom-f37b6042a820952eeea3867fcf5e2e59,http://data.europa.eu/esco/skill/0b0335f3-0aa1-491e-895e-81fc8774a300,essential,skill/competence
http://data.europa.eu/esco/occupation/custom-f37b6042a820952eeea3867fcf5e2e59,http://data.europa.eu/esco/skill/0ccdfe98-f845-4598-84a1-3dca66e9d9a3,optional,knowledge
http://data.europa.eu/esco/occupation/custom-f37b6042a820952eeea3867fcf5e2e59,http://data.europa.eu/esco/skill/0cd6dcf1-5778-42a5-b685-4d01ae4a4871,optional,knowledge
http://data.europa.eu/esco/occupation/custom-f37b6042a820952eeea3867fcf5e2e59,http://data.europa.eu/esco/skill/0dc7aa1b-b5af-4f4b-81ce-ee22ed8b6926,essential,skill/competence
http://data.europa.eu/esco/occupation/custom-f37b6042a820952eeea3867fcf5e2e59,http://data.europa.eu/esco/skill/0de61385-de6d-4146-ba32-1cc1bc102220,optional,knowledge
http://data.europa.eu/esco/occupation/custom-f37b6042a820952eeea3867fcf5e2e59,http://data.europa.eu/esco/skill/13bdd41a-2a18-441f-96db-41252c519413,optional,knowledge
http://data.europa.eu/esco/occupation/custom-f37b6042a820952eeea3867fcf5e2e59,http://data.europa.eu/esco/skill/19a8293b-8e95-4de3-983f-77484079c389,optional,knowledge
http://data.europa.eu/esco/occupation/custom-f37b6042a820952eeea3867fcf5e2e59,http://data.europa.eu/esco/skill/1b7c716e-af95-4cda-a42f-6479c8b139f5,optional,knowledge
http://data.europa.eu/esco/occupation/custom-f37b6042a820952eeea3867fcf5e2e59,http://data.europa.eu/esco/skill/21d2f96d-35f7-4e3f-9745-c533d2dd6e97,optional,knowledge
http://data.europa.eu/esco/occupation/custom-f37b6042a820952eeea3867fcf5e2e59,http://data.europa.eu/esco/skill/29fb0fb5-dfc4-4098-ac9b-3a712000f48f,essential,skill/competence
http://data.europa.eu/esco/occupation/custom-f37b6042a820952eeea3867fcf5e2e59,http://data.europa.eu/esco/skill/2b92a5b2-6758-4ee3-9fb4-b6387a55cc8f,essential,skill/competence
http://data.europa.eu/esco/occupation/custom-f37b6042a820952eeea3867fcf5e2e59,http://data.europa.eu/esco/skill/2bde42ae-e776-41c1-9ded-b07b30bfe985,optional,knowledge
http://data.europa.eu/esco/occupation/custom-f37b6042a820952eeea3867fcf5e2e59,http://data.europa.eu/esco/skill/300d432b-f457-4cd3-9cb1-1858c7d14954,optional,knowledge
http://data.europa.eu/esco/occupation/custom-f37b6042a820952eeea3867fcf5e2e59,http://data.europa.eu/esco/skill/3bddfd7c-ab6d-40c2-883d-5e97fb7640ba,essential,skill/competence
http://data.europa.eu/esco/occupation/custom-f37b6042a820952eeea3867fcf5e2e59,http://data.europa.eu/esco/skill/3cd569a2-4f88-4c1e-9995-8dce8c5e51a7,optional,knowledge
http://data.europa.eu/esco/occupation/custom-f37b6042a820952eeea3867fcf5e2e59,http://data.europa.eu/esco/skill/3cee858e-79e8-4a4b-b99f-93c7f735d58b,optional,knowledge
http://data.europa.eu/esco/occupation/custom-f37b6042a820952eeea3867fcf5e2e59,http://data.europa.eu/esco/skill/3d03c40c-1b83-4793-8902-2523f40af59e,optional,knowledge
http://data.europa.eu/esco/occupation/custom-f37b6042a820952eeea3867fcf5e2e59,http://data.europa.eu/esco/skill/3f4dab51-572b-4e2c-85ef-3b4c3f7094e1,optional,knowledge
http://data.europa.eu/esco/occupation/custom-f37b6042a820952eeea3867fcf5e2e59,http://data.europa.eu/esco/skill/401eb8d8-6daa-4f8b-90ad-60afc71eb4f8,optional,knowledge
http://data.europa.eu/esco/occupation/custom-f37b6042a820952eeea3867fcf5e2e59,http://data.europa.eu/esco/skill/42ed3bfb-1a01-4c8b-9758-fc6438865734,optional,knowledge
http://data.europa.eu/esco/occupation/custom-f37b6042a820952eeea3867fcf5e2e59,http://data.europa.eu/esco/skill/4350c38d-0fe9-4ca7-bab9-40ed7f72b04f,optional,knowledge
http://data.europa.eu/esco/occupation/custom-f37b6042a820952eeea3867fcf5e2e59,http://data.europa.eu/esco/skill/43ae58b9-5e56-4524-b45a-b422777a0576,essential,knowledge
http://data.europa.eu/esco/occupation/custom-f37b6042a820952eeea3867fcf5e2e59,http://data.europa.eu/esco/skill/43ec6db6-33f7-449b-a566-5779a7e8997a,optional,knowledge
http://data.europa.eu/esco/occupation/custom-f37b6042a820952eeea3867fcf5e2e59,http://data.europa.eu/esco/skill/4463a721-69f3-413d-8321-43e3af13a4f1,optional,skill/competence
http://data.europa.eu/esco/occupation/custom-f37b6042a820952eeea3867fcf5e2e59,http://data.europa.eu/esco/skill/47b9bbcf-356c-4782-83a4-7f5a1b2b51a3,optional,knowledge
http://data.europa.eu/esco/occupation/custom-f37b6042a820952eeea3867fcf5e2e59,http://data.europa.eu/esco/skill/48db96bf-3314-45c6-bad8-fdb6e20e5639,optional,knowledge
http://data.europa.eu/esco/occupation/custom-f37b6042a820952eeea3867fcf5e2e59,http://data.europa.eu/esco/skill/4959697d-3a24-4f46-af0c-b752318e6c54,optional,knowledge
http://data.europa.eu/esco/occupation/custom-f37b6042a820952eeea3867fcf5e2e59,http://data.europa.eu/esco/skill/4c016b68-4116-468c-9dc6-42710c239e4a,optional,knowledge
http://data.europa.eu/esco/occupation/custom-f37b6042a820952eeea3867fcf5e2e59,http://data.europa.eu/esco/skill/4da171e5-779c-4983-a76f-91c16751e99f,optional,knowledge
http://data.europa.eu/esco/occupation/custom-f37b6042a820952eeea3867fcf5e2e59,http://data.europa.eu/esco/skill/4e6d2538-a48e-48a7-8dad-14b067cfcb8b,optional,knowledge
http://data.europa.eu/esco/occupation/custom-f37b6042a820952eeea3867fcf5e2e59,http://data.europa.eu/esco/skill/51586df8-1c46-4b47-8583-773cb63bf00b,optional,knowledge
http://data.europa.eu/esco/occupation/custom-f37b6042a820952eeea3867fcf5e2e59,http://data.europa.eu/esco/skill/52cf3037-ab53-4806-85ed-7fd21ea7f6a1,optional,knowledge
http://data.europa.eu/esco/occupation/custom-f37b6042a820952eeea3867fcf5e2e59,http://data.europa.eu/esco/skill/56a7f561-1d55-43c9-9cd7-36a0a9bc6c50,optional,knowledge
http://data.europa.eu/esco/occupation/custom-f37b6042a820952eeea3867fcf5e2e59,http://data.europa.eu/esco/skill/58d7a289-dafd-4363-833f-d1dc4140885e,optional,knowledge
http://data.europa.eu/esco/occupation/custom-f37b6042a820952eeea3867fcf5e2e59,http://data.europa.eu/esco/skill/5da73370-f6b9-417d-a94c-09bf01f84aa2,optional,skill/competence
http://data.europa.eu/esco/occupation/custom-f37b6042a820952eeea3867fcf5e2e59,http://data.europa.eu/esco/skill/5da8018b-ae85-4cde-ad93-0394369018f3,optional,knowledge
http://data.europa.eu/esco/occupation/custom-f37b6042a820952eeea3867fcf5e2e59,http://data.europa.eu/esco/skill/64db87c7-2360-4e20-88d3-d222402e477c,essential,skill/competence
http://data.europa.eu/esco/occupation/custom-f37b6042a820952eeea3867fcf5e2e59,http://data.europa.eu/esco/skill/69bbd53f-fbb0-4476-b4b2-ef7844464e28,essential,knowledge
http://data.europa.eu/esco/occupation/custom-f37b6042a820952eeea3867fcf5e2e59,http://data.europa.eu/esco/skill/6c08403c-a5bb-4868-b8c2-b7d039c0e511,essential,skill/competence
http://data.europa.eu/esco/occupation/custom-f37b6042a820952eeea3867fcf5e2e59,http://data.europa.eu/esco/skill/70de94f5-9575-4edd-bca7-c797b023b9d6,optional,knowledge
http://data.europa.eu/esco/occupation/custom-f37b6042a820952eeea3867fcf5e2e59,http://data.europa.eu/esco/skill/7369f779-4b71-4aab-8836-48b69c676eec,essential,skill/competence
http://data.europa.eu/esco/occupation/custom-f37b6042a820952eeea3867fcf5e2e59,http://data.europa.eu/esco/skill/7814e88f-c133-4c3b-b27f-857afa145d42,essential,knowledge
http://data.europa.eu/esco/occupation/custom-f37b6042a820952eeea3867fcf5e2e59,http://data.europa.eu/esco/skill/7e796b51-49d7-4e73-95af-2e7323763f15,optional,skill/competence
http://data.europa.eu/esco/occupation/custom-f37b6042a820952eeea3867fcf5e2e59,http://data.europa.eu/esco/skill/8369ede5-4200-4a44-be2e-bc60ef959259,optional,knowledge
http://data.europa.eu/esco/occupation/custom-f37b6042a820952eeea3867fcf5e2e59,http://data.europa.eu/esco/skill/84251cb1-babf-4d17-a3cd-baa642c24c8d,optional,knowledge
http://data.europa.eu/esco/occupation/custom-f37b6042a820952eeea3867fcf5e2e59,http://data.europa.eu/esco/skill/84f58e3d-8669-4d83-8c1d-5dd1e73a654f,essential,skill/competence
http://data.europa.eu/esco/occupation/custom-f37b6042a820952eeea3867fcf5e2e59,http://data.europa.eu/esco/skill/867137fb-ff1b-4ca3-99f3-cb6969aa2c68,optional,knowledge
http://data.europa.eu/esco/occupation/custom-f37b6042a820952eeea3867fcf5e2e59,http://data.europa.eu/esco/skill/906323f4-00c4-4c3b-ab5a-8af77be3456e,essential,skill/competence
http://data.europa.eu/esco/occupation/custom-f37b6042a820952eeea3867fcf5e2e59,http://data.europa.eu/esco/skill/98301d4a-2cc3-439d-8d7f-0b6ac76302bb,essential,knowledge
http://data.europa.eu/esco/occupation/custom-f37b6042a820952eeea3867fcf5e2e59,http://data.europa.eu/esco/skill/99207709-d076-4cce-ba38-e90d3bb28806,essential,knowledge
http://data.europa.eu/esco/occupation/custom-f37b6042a820952eeea3867fcf5e2e59,http://data.europa.eu/esco/skill/993b1e23-f2de-4bd8-b33f-f86dde1c8e9d,optional,knowledge
http://data.europa.eu/esco/occupation/custom-f37b6042a820952eeea3867fcf5e2e59,http://data.europa.eu/esco/skill/9973a5a2-7822-4161-99e9-95c781eb63f8,optional,knowledge
http://data.europa.eu/esco/occupation/custom-f37b6042a820952eeea3867fcf5e2e59,http://data.europa.eu/esco/skill/9cf681c7-89ec-470c-b651-7fe03786f586,essential,knowledge
http://data.europa.eu/esco/occupation/custom-f37b6042a820952eeea3867fcf5e2e59,http://data.europa.eu/esco/skill/9ef0f3a0-9ce2-4ef1-a987-0366b5cb2dbe,essential,knowledge
http://data.europa.eu/esco/occupation/custom-f37b6042a820952eeea3867fcf5e2e59,http://data.europa.eu/esco/skill/a4d336a6-9ffd-402a-91cc-f359716ba4e0,optional,knowledge
http://data.europa.eu/esco/occupation/custom-f37b6042a820952eeea3867fcf5e2e59,http://data.europa.eu/esco/skill/a57a54b6-2f2e-43e4-9621-b52f4a63cb08,optional,knowledge
http://data.europa.eu/esco/occupation/custom-f37b6042a820952eeea3867fcf5e2e59,http://data.europa.eu/esco/skill/a8d07b5a-c1a1-42c6-9d53-db9c7a2ca996,optional,knowledge
http://data.europa.eu/esco/occupation/custom-f37b6042a820952eeea3867fcf5e2e59,http://data.europa.eu/esco/skill/ab1e97ed-2319-4293-a8b7-072d2648822f,essential,knowledge
http://data.europa.eu/esco/occupation/custom-f37b6042a820952eeea3867fcf5e2e59,http://data.europa.eu/esco/skill/ab67fbfb-0ca7-4345-8bf6-af8f59480212,optional,skill/competence
http://data.europa.eu/esco/occupation/custom-f37b6042a820952eeea3867fcf5e2e59,http://data.europa.eu/esco/skill/b04f377b-ee80-4b38-aca1-19d266a23b17,essential,skill/competence
http://data.europa.eu/esco/occupation/custom-f37b6042a820952eeea3867fcf5e2e59,http://data.europa.eu/esco/skill/b4dc6e4f-dc7d-445f-8ce2-d7b9d225e282,optional,knowledge
http://data.europa.eu/esco/occupation/custom-f37b6042a820952eeea3867fcf5e2e59,http://data.europa.eu/esco/skill/b633eb55-8f1f-4ae6-ab4c-2022ffe2cb7f,optional,knowledge
http://data.europa.eu/esco/occupation/custom-f37b6042a820952eeea3867fcf5e2e59,http://data.europa.eu/esco/skill/b8eb2517-37d8-43e6-9856-9c29d5c51fde,optional,knowledge
http://data.europa.eu/esco/occupation/custom-f37b6042a820952eeea3867fcf5e2e59,http://data.europa.eu/esco/skill/bb99af26-71ff-4dca-bde7-1eb1f6194426,optional,knowledge
http://data.europa.eu/esco/occupation/custom-f37b6042a820952eeea3867fcf5e2e59,http://data.europa.eu/esco/skill/be80acfc-b6f2-4411-9b8d-b19d9cd2556a,optional,knowledge
http://data.europa.eu/esco/occupation/custom-f37b6042a820952eeea3867fcf5e2e59,http://data.europa.eu/esco/skill/bec4359e-cb92-468f-a997-8fb28e32fba9,optional,knowledge
http://data.europa.eu/esco/occupation/custom-f37b6042a820952eeea3867fcf5e2e59,http://data.europa.eu/esco/skill/c062bab3-3ea0-4291-9220-a2d8fef4bead,optional,knowledge
http://data.europa.eu/esco/occupation/custom-f37b6042a820952eeea3867fcf5e2e59,http://data.europa.eu/esco/skill/c32ad607-0c4d-4e34-b73f-668298f7bf13,optional,skill/competence
http://data.europa.eu/esco/occupation/custom-f37b6042a820952eeea3867fcf5e2e59,http://data.europa.eu/esco/skill/c3a03c5a-c260-4c26-9b9a-873abb396f4d,optional,knowledge
http://data.europa.eu/esco/occupation/custom-f37b6042a820952eeea3867fcf5e2e59,http://data.europa.eu/esco/skill/c5e8abde-d2ba-4e8e-a65e-720b71180666,optional,knowledge
http://data.europa.eu/esco/occupation/custom-f37b6042a820952eeea3867fcf5e2e59,http://data.europa.eu/esco/skill/c5ed451b-ef39-47a3-aee7-8f5be0aa8431,optional,knowledge
http://data.europa.eu/esco/occupation/custom-f37b6042a820952eeea3867fcf5e2e59,http://data.europa.eu/esco/skill/c7d24594-0c11-4b27-9039-fe0bb903da8e,optional,knowledge
http://data.europa.eu/esco/occupation/custom-f37b6042a820952eeea3867fcf5e2e59,http://data.europa.eu/esco/skill/cb5cccc9-abe4-4b11-abe6-d27e5cd85fb1,essential,skill/competence
http://data.europa.eu/esco/occupation/custom-f37b6042a820952eeea3867fcf5e2e59,http://data.europa.eu/esco/skill/cbe2c304-1e7d-489a-97d9-a7d3e37a9db6,essential,skill/competence
http://data.europa.eu/esco/occupation/custom-f37b6042a820952eeea3867fcf5e2e59,http://data.europa.eu/esco/skill/ccd0a1d9-afda-43d9-b901-96344886e14d,optional,knowledge
http://data.europa.eu/esco/occupation/custom-f37b6042a820952eeea3867fcf5e2e59,http://data.europa.eu/esco/skill/cdd8b6b2-2fd9-453c-8d62-8a1dc6efcd49,essential,knowledge
http://data.europa.eu/esco/occupation/custom-f37b6042a820952eeea3867fcf5e2e59,http://data.europa.eu/esco/skill/d3286405-49f8-4e8a-8046-a4376b4e7963,optional,skill/competence
http://data.europa.eu/esco/occupation/custom-f37b6042a820952eeea3867fcf5e2e59,http://data.europa.eu/esco/skill/d56fc2b5-4b0a-4e7e-9bde-a33736f6ff18,optional,knowledge
http://data.europa.eu/esco/occupation/custom-f37b6042a820952eeea3867fcf5e2e59,http://data.europa.eu/esco/skill/d5a59ca8-2e91-472e-8571-d12ce4478679,optional,knowledge
http://data.europa.eu/esco/occupation/custom-f37b6042a820952eeea3867fcf5e2e59,http://data.europa.eu/esco/skill/d9e5349e-8791-49c2-8ba4-839fdd1606c2,essential,skill/competence
http://data.europa.eu/esco/occupation/custom-f37b6042a820952eeea3867fcf5e2e59,http://data.europa.eu/esco/skill/d9eaf831-9348-4330-a83e-b7c099cdc8f6,optional,knowledge
http://data.europa.eu/esco/occupation/custom-f37b6042a820952eeea3867fcf5e2e59,http://data.europa.eu/esco/skill/da6393d5-a53c-4863-abc7-51f36281d74e,optional,knowledge
http://data.europa.eu/esco/occupation/custom-f37b6042a820952eeea3867fcf5e2e59,http://data.europa.eu/esco/skill/dc72ad0a-c5dc-4abd-bc0d-ca43e82162e1,optional,skill/competence
http://data.europa.eu/esco/occupation/custom-f37b6042a820952eeea3867fcf5e2e59,http://data.europa.eu/esco/skill/dcdd5ddf-82a6-4ac3-8edc-d4b23cae9a88,optional,knowledge
http://data.europa.eu/esco/occupation/custom-f37b6042a820952eeea3867fcf5e2e59,http://data.europa.eu/esco/skill/de9f85ba-e77f-48fd-8c66-f5ebaf32d655,optional,knowledge
http://data.europa.eu/esco/occupation/custom-f37b6042a820952eeea3867fcf5e2e59,http://data.europa.eu/esco/skill/def007fa-5fed-4a5f-91a2-b0d7e3db1be1,optional,knowledge
http://data.europa.eu/esco/occupation/custom-f37b6042a820952eeea3867fcf5e2e59,http://data.europa.eu/esco/skill/e819cc1e-09d9-47f2-b418-93972852daef,optional,knowledge
http://data.europa.eu/esco/occupation/custom-f37b6042a820952eeea3867fcf5e2e59,http://data.europa.eu/esco/skill/e8b89eb6-51e8-4c3a-babb-88b2e110376b,optional,knowledge
http://data.europa.eu/esco/occupation/custom-f37b6042a820952eeea3867fcf5e2e59,http://data.europa.eu/esco/skill/eb0e5615-1575-4a86-a1a2-7d39595033c5,optional,knowledge
http://data.europa.eu/esco/occupation/custom-f37b6042a820952eeea3867fcf5e2e59,http://data.europa.eu/esco/skill/edebd83d-35f6-4ed5-a940-6c203d178c01,optional,knowledge
http://data.europa.eu/esco/occupation/custom-f37b6042a820952eeea3867fcf5e2e59,http://data.europa.eu/esco/skill/f597f772-24d3-4cec-813c-cf5a7027c794,optional,knowledge
http://data.europa.eu/esco/occupation/custom-f37b6042a820952eeea3867fcf5e2e59,http://data.europa.eu/esco/skill/f5dd06b8-5d17-4932-9d03-957d0c4f5051,optional,skill/competence
http://data.europa.eu/esco/occupation/custom-f37b6042a820952eeea3867fcf5e2e59,http://data.europa.eu/esco/skill/fecf8a0d-62c4-4e71-9b03-0f4fc2ad7bf5,optional,knowledge
http://data.europa.eu/esco/occupation/custom-f37b6042a820952eeea3867fcf5e2e59,http://data.europa.eu/esco/skill/ffddfc7c-a9dd-449f-9e96-882dc447c8b6,optional,knowledge
http://data.europa.eu/esco/occupation/custom-f40a467772aa4ee55519943bb1d149ca,http://data.europa.eu/esco/skill/000f1d3d-220f-4789-9c0a-cc742521fb02,optional,knowledge
http://data.europa.eu/esco/occupation/custom-f40a467772aa4ee55519943bb1d149ca,http://data.europa.eu/esco/skill/034c29fa-c3ba-45ea-b8f3-bf8e3705e386,optional,knowledge
http://data.europa.eu/esco/occupation/custom-f40a467772aa4ee55519943bb1d149ca,http://data.europa.eu/esco/skill/04f1b938-d4d4-4cb1-a863-982af76b9d93,optional,knowledge
http://data.europa.eu/esco/occupation/custom-f40a467772aa4ee55519943bb1d149ca,http://data.europa.eu/esco/skill/06358891-8424-43c5-891e-d40f226bef40,optional,skill/competence
http://data.europa.eu/esco/occupation/custom-f40a467772aa4ee55519943bb1d149ca,http://data.europa.eu/esco/skill/082967d4-b94c-4305-aa13-35a6aa8c5c7c,optional,skill/competence
http://data.europa.eu/esco/occupation/custom-f40a467772aa4ee55519943bb1d149ca,http://data.europa.eu/esco/skill/09f2f811-a3fb-4de3-a70f-6420a6935575,essential,knowledge
http://data.europa.eu/esco/occupation/custom-f40a467772aa4ee55519943bb1d149ca,http://data.europa.eu/esco/skill/0ccdfe98-f845-4598-84a1-3dca66e9d9a3,optional,knowledge
http://data.europa.eu/esco/occupation/custom-f40a467772aa4ee55519943bb1d149ca,http://data.europa.eu/esco/skill/0cd6dcf1-5778-42a5-b685-4d01ae4a4871,optional,knowledge
http://data.europa.eu/esco/occupation/custom-f40a467772aa4ee55519943bb1d149ca,http://data.europa.eu/esco/skill/0de61385-de6d-4146-ba32-1cc1bc102220,optional,knowledge
http://data.europa.eu/esco/occupation/custom-f40a467772aa4ee55519943bb1d149ca,http://data.europa.eu/esco/skill/114c9698-c999-4369-8498-81bf641fe871,essential,skill/competence
http://data.europa.eu/esco/occupation/custom-f40a467772aa4ee55519943bb1d149ca,http://data.europa.eu/esco/skill/13bdd41a-2a18-441f-96db-41252c519413,optional,knowledge
http://data.europa.eu/esco/occupation/custom-f40a467772aa4ee55519943bb1d149ca,http://data.europa.eu/esco/skill/14d1e367-3efe-4ec5-86ae-eca48710ee4e,optional,skill/competence
http://data.europa.eu/esco/occupation/custom-f40a467772aa4ee55519943bb1d149ca,http://data.europa.eu/esco/skill/18ab25a5-ce2d-4cd5-b7b0-3890f595f77d,essential,skill/competence
http://data.europa.eu/esco/occupation/custom-f40a467772aa4ee55519943bb1d149ca,http://data.europa.eu/esco/skill/19a8293b-8e95-4de3-983f-77484079c389,optional,knowledge
http://data.europa.eu/esco/occupation/custom-f40a467772aa4ee55519943bb1d149ca,http://data.europa.eu/esco/skill/1c2978b8-bb0d-4249-9c23-877571a4dffa,optional,knowledge
http://data.europa.eu/esco/occupation/custom-f40a467772aa4ee55519943bb1d149ca,http://data.europa.eu/esco/skill/21d2f96d-35f7-4e3f-9745-c533d2dd6e97,optional,knowledge
http://data.europa.eu/esco/occupation/custom-f40a467772aa4ee55519943bb1d149ca,http://data.europa.eu/esco/skill/2a3a96a3-709e-4d60-81f6-d247d6933f13,essential,skill/competence
http://data.europa.eu/esco/occupation/custom-f40a467772aa4ee55519943bb1d149ca,http://data.europa.eu/esco/skill/2bde42ae-e776-41c1-9ded-b07b30bfe985,optional,knowledge
http://data.europa.eu/esco/occupation/custom-f40a467772aa4ee55519943bb1d149ca,http://data.europa.eu/esco/skill/2ddb1226-1117-4eb4-ae65-3a2f5a5a3c80,optional,knowledge
http://data.europa.eu/esco/occupation/custom-f40a467772aa4ee55519943bb1d149ca,http://data.europa.eu/esco/skill/300d432b-f457-4cd3-9cb1-1858c7d14954,optional,knowledge
http://data.europa.eu/esco/occupation/custom-f40a467772aa4ee55519943bb1d149ca,http://data.europa.eu/esco/skill/32428b21-514b-42c2-81b5-244a7804ea74,essential,knowledge
http://data.europa.eu/esco/occupation/custom-f40a467772aa4ee55519943bb1d149ca,http://data.europa.eu/esco/skill/3cd569a2-4f88-4c1e-9995-8dce8c5e51a7,optional,knowledge
http://data.europa.eu/esco/occupation/custom-f40a467772aa4ee55519943bb1d149ca,http://data.europa.eu/esco/skill/3d3ee5c3-4286-457f-9f76-1704011f7e11,optional,skill/competence
http://data.europa.eu/esco/occupation/custom-f40a467772aa4ee55519943bb1d149ca,http://data.europa.eu/esco/skill/3ff589b7-68df-4ea5-ae41-b395bdb2378f,essential,knowledge
http://data.europa.eu/esco/occupation/custom-f40a467772aa4ee55519943bb1d149ca,http://data.europa.eu/esco/skill/401eb8d8-6daa-4f8b-90ad-60afc71eb4f8,optional,knowledge
http://data.europa.eu/esco/occupation/custom-f40a467772aa4ee55519943bb1d149ca,http://data.europa.eu/esco/skill/426ceaba-6867-481c-bb6b-aee3933da7d2,optional,
http://data.europa.eu/esco/occupation/custom-f40a467772aa4ee55519943bb1d149ca,http://data.europa.eu/esco/skill/42ed3bfb-1a01-4c8b-9758-fc6438865734,optional,knowledge
http://data.europa.eu/esco/occupation/custom-f40a467772aa4ee55519943bb1d149ca,http://data.europa.eu/esco/skill/4350c38d-0fe9-4ca7-bab9-40ed7f72b04f,optional,knowledge
http://data.europa.eu/esco/occupation/custom-f40a467772aa4ee55519943bb1d149ca,http://data.europa.eu/esco/skill/477173ca-5fc2-406b-9122-95d92811f284,essential,skill/competence
http://data.europa.eu/esco/occupation/custom-f40a467772aa4ee55519943bb1d149ca,http://data.europa.eu/esco/skill/47b9bbcf-356c-4782-83a4-7f5a1b2b51a3,optional,knowledge
http://data.europa.eu/esco/occupation/custom-f40a467772aa4ee55519943bb1d149ca,http://data.europa.eu/esco/skill/4c016b68-4116-468c-9dc6-42710c239e4a,optional,knowledge
http://data.europa.eu/esco/occupation/custom-f40a467772aa4ee55519943bb1d149ca,http://data.europa.eu/esco/skill/501537a7-9d63-491d-ae02-09f04767ff1e,essential,knowledge
http://data.europa.eu/esco/occupation/custom-f40a467772aa4ee55519943bb1d149ca,http://data.europa.eu/esco/skill/51586df8-1c46-4b47-8583-773cb63bf00b,optional,knowledge
http://data.europa.eu/esco/occupation/custom-f40a467772aa4ee55519943bb1d149ca,http://data.europa.eu/esco/skill/52cf3037-ab53-4806-85ed-7fd21ea7f6a1,optional,knowledge
http://data.europa.eu/esco/occupation/custom-f40a467772aa4ee55519943bb1d149ca,http://data.europa.eu/esco/skill/54d774a3-de3b-4425-b0d7-c03bc99a0937,essential,skill/competence
http://data.europa.eu/esco/occupation/custom-f40a467772aa4ee55519943bb1d149ca,http://data.europa.eu/esco/skill/56a7f561-1d55-43c9-9cd7-36a0a9bc6c50,optional,knowledge
http://data.europa.eu/esco/occupation/custom-f40a467772aa4ee55519943bb1d149ca,http://data.europa.eu/esco/skill/5898d99a-62a4-4e10-a2e3-0d815ce44248,essential,knowledge
http://data.europa.eu/esco/occupation/custom-f40a467772aa4ee55519943bb1d149ca,http://data.europa.eu/esco/skill/58d7a289-dafd-4363-833f-d1dc4140885e,optional,knowledge
http://data.europa.eu/esco/occupation/custom-f40a467772aa4ee55519943bb1d149ca,http://data.europa.eu/esco/skill/5da73370-f6b9-417d-a94c-09bf01f84aa2,essential,skill/competence
http://data.europa.eu/esco/occupation/custom-f40a467772aa4ee55519943bb1d149ca,http://data.europa.eu/esco/skill/69cfc5ed-6569-4aca-a4cc-fd782ba51d9c,essential,skill/competence
http://data.europa.eu/esco/occupation/custom-f40a467772aa4ee55519943bb1d149ca,http://data.europa.eu/esco/skill/6a536b36-c5c7-4d10-bf67-a4fb0f8549b2,essential,knowledge
http://data.europa.eu/esco/occupation/custom-f40a467772aa4ee55519943bb1d149ca,http://data.europa.eu/esco/skill/6f1edc19-191f-4ba5-a048-ee69aff05bab,essential,knowledge
http://data.europa.eu/esco/occupation/custom-f40a467772aa4ee55519943bb1d149ca,http://data.europa.eu/esco/skill/709ef32a-7435-48e2-8fa2-16e389ecab8a,optional,knowledge
http://data.europa.eu/esco/occupation/custom-f40a467772aa4ee55519943bb1d149ca,http://data.europa.eu/esco/skill/7557f0f4-b8bc-4ac0-b91e-222ab1ba744f,essential,knowledge
http://data.europa.eu/esco/occupation/custom-f40a467772aa4ee55519943bb1d149ca,http://data.europa.eu/esco/skill/7814e88f-c133-4c3b-b27f-857afa145d42,optional,knowledge
http://data.europa.eu/esco/occupation/custom-f40a467772aa4ee55519943bb1d149ca,http://data.europa.eu/esco/skill/79f24a62-7718-46e1-9b41-37be0560a5ca,optional,knowledge
http://data.europa.eu/esco/occupation/custom-f40a467772aa4ee55519943bb1d149ca,http://data.europa.eu/esco/skill/7adb8473-bcc6-4ff8-9850-76d945d40092,essential,skill/competence
http://data.europa.eu/esco/occupation/custom-f40a467772aa4ee55519943bb1d149ca,http://data.europa.eu/esco/skill/7e1f9657-ab4e-407c-842f-b846197060e3,optional,skill/competence
http://data.europa.eu/esco/occupation/custom-f40a467772aa4ee55519943bb1d149ca,http://data.europa.eu/esco/skill/8088750d-8388-4170-a76f-48354c469c44,essential,knowledge
http://data.europa.eu/esco/occupation/custom-f40a467772aa4ee55519943bb1d149ca,http://data.europa.eu/esco/skill/82de2df7-0d6c-42b1-94ac-b3e9a029e917,optional,skill/competence
http://data.europa.eu/esco/occupation/custom-f40a467772aa4ee55519943bb1d149ca,http://data.europa.eu/esco/skill/8359bd04-d2cb-4757-af1f-39a921df9efe,optional,skill/competence
http://data.europa.eu/esco/occupation/custom-f40a467772aa4ee55519943bb1d149ca,http://data.europa.eu/esco/skill/8369ede5-4200-4a44-be2e-bc60ef959259,optional,knowledge
http://data.europa.eu/esco/occupation/custom-f40a467772aa4ee55519943bb1d149ca,http://data.europa.eu/esco/skill/85f46538-ae70-498a-bfbc-b8ddafe96c7d,essential,knowledge
http://data.europa.eu/esco/occupation/custom-f40a467772aa4ee55519943bb1d149ca,http://data.europa.eu/esco/skill/867137fb-ff1b-4ca3-99f3-cb6969aa2c68,optional,knowledge
http://data.europa.eu/esco/occupation/custom-f40a467772aa4ee55519943bb1d149ca,http://data.europa.eu/esco/skill/8efa6a7a-6556-4cb8-908d-59d3b5c58d2f,optional,knowledge
http://data.europa.eu/esco/occupation/custom-f40a467772aa4ee55519943bb1d149ca,http://data.europa.eu/esco/skill/902fb91c-3113-4004-9b4f-79aa86b638b7,essential,knowledge
http://data.europa.eu/esco/occupation/custom-f40a467772aa4ee55519943bb1d149ca,http://data.europa.eu/esco/skill/913e7e83-b8f8-4574-b1ca-1b38f3fd974a,essential,skill/competence
http://data.europa.eu/esco/occupation/custom-f40a467772aa4ee55519943bb1d149ca,http://data.europa.eu/esco/skill/993b1e23-f2de-4bd8-b33f-f86dde1c8e9d,optional,knowledge
http://data.europa.eu/esco/occupation/custom-f40a467772aa4ee55519943bb1d149ca,http://data.europa.eu/esco/skill/9973a5a2-7822-4161-99e9-95c781eb63f8,optional,knowledge
http://data.europa.eu/esco/occupation/custom-f40a467772aa4ee55519943bb1d149ca,http://data.europa.eu/esco/skill/99c4c69a-025c-464f-adda-874c7f107a31,essential,skill/competence
http://data.europa.eu/esco/occupation/custom-f40a467772aa4ee55519943bb1d149ca,http://data.europa.eu/esco/skill/9e06bac6-6b91-48ca-8b7d-c1f48cdecd7c,essential,skill/competence
http://data.europa.eu/esco/occupation/custom-f40a467772aa4ee55519943bb1d149ca,http://data.europa.eu/esco/skill/a4d336a6-9ffd-402a-91cc-f359716ba4e0,optional,knowledge
http://data.europa.eu/esco/occupation/custom-f40a467772aa4ee55519943bb1d149ca,http://data.europa.eu/esco/skill/acf0a78c-f4e3-4bd9-a5cc-9cf4791b3b95,optional,skill/competence
http://data.europa.eu/esco/occupation/custom-f40a467772aa4ee55519943bb1d149ca,http://data.europa.eu/esco/skill/b0288eea-74b3-460a-8ac5-edc4ba70b75c,essential,skill/competence
http://data.europa.eu/esco/occupation/custom-f40a467772aa4ee55519943bb1d149ca,http://data.europa.eu/esco/skill/b105ec9b-0857-41d6-8d07-a83e58b73d90,essential,knowledge
http://data.europa.eu/esco/occupation/custom-f40a467772aa4ee55519943bb1d149ca,http://data.europa.eu/esco/skill/b4dc6e4f-dc7d-445f-8ce2-d7b9d225e282,optional,knowledge
http://data.europa.eu/esco/occupation/custom-f40a467772aa4ee55519943bb1d149ca,http://data.europa.eu/esco/skill/b633eb55-8f1f-4ae6-ab4c-2022ffe2cb7f,optional,knowledge
http://data.europa.eu/esco/occupation/custom-f40a467772aa4ee55519943bb1d149ca,http://data.europa.eu/esco/skill/b9f16465-56a9-426b-a047-0f9f1f95ec92,essential,skill/competence
http://data.europa.eu/esco/occupation/custom-f40a467772aa4ee55519943bb1d149ca,http://data.europa.eu/esco/skill/bb2b4485-2bad-402f-8517-44bf7d9afff4,optional,skill/competence
http://data.europa.eu/esco/occupation/custom-f40a467772aa4ee55519943bb1d149ca,http://data.europa.eu/esco/skill/bb99af26-71ff-4dca-bde7-1eb1f6194426,optional,knowledge
http://data.europa.eu/esco/occupation/custom-f40a467772aa4ee55519943bb1d149ca,http://data.europa.eu/esco/skill/be80acfc-b6f2-4411-9b8d-b19d9cd2556a,optional,knowledge
http://data.europa.eu/esco/occupation/custom-f40a467772aa4ee55519943bb1d149ca,http://data.europa.eu/esco/skill/c13fb093-5ffb-491a-b8b7-fa2d42a57e2e,optional,skill/competence
http://data.europa.eu/esco/occupation/custom-f40a467772aa4ee55519943bb1d149ca,http://data.europa.eu/esco/skill/c241f5a5-e23f-47bf-ad24-d83ea0010166,essential,skill/competence
http://data.europa.eu/esco/occupation/custom-f40a467772aa4ee55519943bb1d149ca,http://data.europa.eu/esco/skill/c3a03c5a-c260-4c26-9b9a-873abb396f4d,optional,knowledge
http://data.europa.eu/esco/occupation/custom-f40a467772aa4ee55519943bb1d149ca,http://data.europa.eu/esco/skill/ccd0a1d9-afda-43d9-b901-96344886e14d,optional,knowledge
http://data.europa.eu/esco/occupation/custom-f40a467772aa4ee55519943bb1d149ca,http://data.europa.eu/esco/skill/d3286405-49f8-4e8a-8046-a4376b4e7963,optional,skill/competence
http://data.europa.eu/esco/occupation/custom-f40a467772aa4ee55519943bb1d149ca,http://data.europa.eu/esco/skill/d32db06e-bd06-4415-a7ab-1b0ee68caa9a,optional,knowledge
http://data.europa.eu/esco/occupation/custom-f40a467772aa4ee55519943bb1d149ca,http://data.europa.eu/esco/skill/d56fc2b5-4b0a-4e7e-9bde-a33736f6ff18,optional,knowledge
http://data.europa.eu/esco/occupation/custom-f40a467772aa4ee55519943bb1d149ca,http://data.europa.eu/esco/skill/dad7e408-162f-46a4-8567-db560e19e2fc,essential,skill/competence
http://data.europa.eu/esco/occupation/custom-f40a467772aa4ee55519943bb1d149ca,http://data.europa.eu/esco/skill/dcdd5ddf-82a6-4ac3-8edc-d4b23cae9a88,optional,knowledge
http://data.europa.eu/esco/occupation/custom-f40a467772aa4ee55519943bb1d149ca,http://data.europa.eu/esco/skill/de586dcf-d7e5-4340-bf5b-d59026f1b436,essential,knowledge
http://data.europa.eu/esco/occupation/custom-f40a467772aa4ee55519943bb1d149ca,http://data.europa.eu/esco/skill/def007fa-5fed-4a5f-91a2-b0d7e3db1be1,optional,knowledge
http://data.europa.eu/esco/occupation/custom-f40a467772aa4ee55519943bb1d149ca,http://data.europa.eu/esco/skill/df329d70-87b0-466b-a214-3431f36e2a5e,essential,skill/competence
http://data.europa.eu/esco/occupation/custom-f40a467772aa4ee55519943bb1d149ca,http://data.europa.eu/esco/skill/e207163b-7963-4c3e-9494-7a4bb000211b,essential,skill/competence
http://data.europa.eu/esco/occupation/custom-f40a467772aa4ee55519943bb1d149ca,http://data.europa.eu/esco/skill/e5b5053e-0ef6-4c4e-a3f2-42f955f4322c,optional,skill/competence
http://data.europa.eu/esco/occupation/custom-f40a467772aa4ee55519943bb1d149ca,http://data.europa.eu/esco/skill/e5beeff8-7c98-490a-ae2c-16fbb6a87305,optional,skill/competence
http://data.europa.eu/esco/occupation/custom-f40a467772aa4ee55519943bb1d149ca,http://data.europa.eu/esco/skill/e8b89eb6-51e8-4c3a-babb-88b2e110376b,optional,knowledge
http://data.europa.eu/esco/occupation/custom-f40a467772aa4ee55519943bb1d149ca,http://data.europa.eu/esco/skill/eb0e5615-1575-4a86-a1a2-7d39595033c5,optional,knowledge
http://data.europa.eu/esco/occupation/custom-f40a467772aa4ee55519943bb1d149ca,http://data.europa.eu/esco/skill/ed8de897-adbe-4f0e-b4d2-534953e64c72,essential,skill/competence
http://data.europa.eu/esco/occupation/custom-f40a467772aa4ee55519943bb1d149ca,http://data.europa.eu/esco/skill/f049d050-12da-4e40-813a-2b5eb6df6b51,optional,knowledge
http://data.europa.eu/esco/occupation/custom-f40a467772aa4ee55519943bb1d149ca,http://data.europa.eu/esco/skill/f9a6f35b-01a7-40c9-8b61-b6ee46f97272,essential,knowledge
http://data.europa.eu/esco/occupation/custom-f40a467772aa4ee55519943bb1d149ca,http://data.europa.eu/esco/skill/f9e788df-d68a-4f92-92c7-80e135fc35ff,essential,knowledge
http://data.europa.eu/esco/occupation/custom-f40a467772aa4ee55519943bb1d149ca,http://data.europa.eu/esco/skill/fd60bbcc-c3b6-4fa5-936c-eef5ae0a2d44,optional,skill/competence
http://data.europa.eu/esco/occupation/custom-f40a467772aa4ee55519943bb1d149ca,http://data.europa.eu/esco/skill/fe1c2b32-7fe9-4668-affa-07ff658a68cf,essential,skill/competence
http://data.europa.eu/esco/occupation/custom-f40a467772aa4ee55519943bb1d149ca,http://data.europa.eu/esco/skill/ffddfc7c-a9dd-449f-9e96-882dc447c8b6,optional,knowledge
http://data.europa.eu/esco/occupation/custom-f95ccd66094d4e5ace9c0107d6d71d7e,http://data.europa.eu/esco/skill/06358891-8424-43c5-891e-d40f226bef40,essential,skill/competence
http://data.europa.eu/esco/occupation/custom-f95ccd66094d4e5ace9c0107d6d71d7e,http://data.europa.eu/esco/skill/0a099c81-6a0c-4f00-bb3b-990d23ec03a5,optional,skill/competence
http://data.europa.eu/esco/occupation/custom-f95ccd66094d4e5ace9c0107d6d71d7e,http://data.europa.eu/esco/skill/0a43729f-2a79-4dae-9faa-95520daae79f,essential,skill/competence
http://data.europa.eu/esco/occupation/custom-f95ccd66094d4e5ace9c0107d6d71d7e,http://data.europa.eu/esco/skill/0ab03c6c-281b-48f4-83e0-10eeb27a1bae,optional,knowledge
http://data.europa.eu/esco/occupation/custom-f95ccd66094d4e5ace9c0107d6d71d7e,http://data.europa.eu/esco/skill/0daaf096-1639-461c-bf1a-bbeea77e6b67,optional,knowledge
http://data.europa.eu/esco/occupation/custom-f95ccd66094d4e5ace9c0107d6d71d7e,http://data.europa.eu/esco/skill/0e8d16c9-e2db-4862-ac06-1567f01ef806,essential,knowledge
http://data.europa.eu/esco/occupation/custom-f95ccd66094d4e5ace9c0107d6d71d7e,http://data.europa.eu/esco/skill/0ffdb6ac-03b5-4f1c-bfcc-3d9cb874fdf9,essential,knowledge
http://data.europa.eu/esco/occupation/custom-f95ccd66094d4e5ace9c0107d6d71d7e,http://data.europa.eu/esco/skill/11eebd42-44ab-401d-8a2c-bdb9fc9beb50,optional,knowledge
http://data.europa.eu/esco/occupation/custom-f95ccd66094d4e5ace9c0107d6d71d7e,http://data.europa.eu/esco/skill/143769cb-b61e-47d8-a61e-eedfbec1016c,optional,knowledge
http://data.europa.eu/esco/occupation/custom-f95ccd66094d4e5ace9c0107d6d71d7e,http://data.europa.eu/esco/skill/14d1e367-3efe-4ec5-86ae-eca48710ee4e,optional,skill/competence
http://data.europa.eu/esco/occupation/custom-f95ccd66094d4e5ace9c0107d6d71d7e,http://data.europa.eu/esco/skill/17924c75-45f4-4593-afac-eea0d51f04b5,optional,knowledge
http://data.europa.eu/esco/occupation/custom-f95ccd66094d4e5ace9c0107d6d71d7e,http://data.europa.eu/esco/skill/17c9a790-5664-4673-8237-c4cf3c5a8da5,essential,skill/competence
http://data.europa.eu/esco/occupation/custom-f95ccd66094d4e5ace9c0107d6d71d7e,http://data.europa.eu/esco/skill/1c2978b8-bb0d-4249-9c23-877571a4dffa,optional,knowledge
http://data.europa.eu/esco/occupation/custom-f95ccd66094d4e5ace9c0107d6d71d7e,http://data.europa.eu/esco/skill/1dd23dba-dd00-45ab-abf4-642902538317,optional,skill/competence
http://data.europa.eu/esco/occupation/custom-f95ccd66094d4e5ace9c0107d6d71d7e,http://data.europa.eu/esco/skill/1e7ed56a-6d6b-422f-962e-38543d150755,optional,skill/competence
http://data.europa.eu/esco/occupation/custom-f95ccd66094d4e5ace9c0107d6d71d7e,http://data.europa.eu/esco/skill/2180bd8c-86de-4889-8165-adac902eee9d,optional,knowledge
http://data.europa.eu/esco/occupation/custom-f95ccd66094d4e5ace9c0107d6d71d7e,http://data.europa.eu/esco/skill/21fecc8a-392e-49ce-ac26-fb0696ccfead,optional,skill/competence
http://data.europa.eu/esco/occupation/custom-f95ccd66094d4e5ace9c0107d6d71d7e,http://data.europa.eu/esco/skill/24310a7b-5db1-4917-a705-4835630227ca,essential,skill/competence
http://data.europa.eu/esco/occupation/custom-f95ccd66094d4e5ace9c0107d6d71d7e,http://data.europa.eu/esco/skill/283cbcd3-7101-4dbb-be37-56f3625515b1,essential,skill/competence
http://data.europa.eu/esco/occupation/custom-f95ccd66094d4e5ace9c0107d6d71d7e,http://data.europa.eu/esco/skill/2a3a96a3-709e-4d60-81f6-d247d6933f13,essential,skill/competence
http://data.europa.eu/esco/occupation/custom-f95ccd66094d4e5ace9c0107d6d71d7e,http://data.europa.eu/esco/skill/2ddb1226-1117-4eb4-ae65-3a2f5a5a3c80,essential,knowledge
http://data.europa.eu/esco/occupation/custom-f95ccd66094d4e5ace9c0107d6d71d7e,http://data.europa.eu/esco/skill/334e3e49-fb02-4051-809a-f06adfdc1c40,optional,skill/competence
http://data.europa.eu/esco/occupation/custom-f95ccd66094d4e5ace9c0107d6d71d7e,http://data.europa.eu/esco/skill/339ac029-066a-4985-9f9d-b3d7c8fea0bb,optional,skill/competence
http://data.europa.eu/esco/occupation/custom-f95ccd66094d4e5ace9c0107d6d71d7e,http://data.europa.eu/esco/skill/33a82b83-c838-4889-ae62-fae1317481eb,optional,skill/competence
http://data.europa.eu/esco/occupation/custom-f95ccd66094d4e5ace9c0107d6d71d7e,http://data.europa.eu/esco/skill/3579208e-49b3-4ce4-98e7-20e41b1ce8d4,essential,skill/competence
http://data.europa.eu/esco/occupation/custom-f95ccd66094d4e5ace9c0107d6d71d7e,http://data.europa.eu/esco/skill/37bc4dc0-1233-4008-98db-1116d0c1cfcc,essential,skill/competence
http://data.europa.eu/esco/occupation/custom-f95ccd66094d4e5ace9c0107d6d71d7e,http://data.europa.eu/esco/skill/385479b7-5da5-4367-9763-0d15b41bb65b,optional,skill/competence
http://data.europa.eu/esco/occupation/custom-f95ccd66094d4e5ace9c0107d6d71d7e,http://data.europa.eu/esco/skill/3cfa46e9-b7da-44ac-b09e-9596dffe0425,essential,skill/competence
http://data.europa.eu/esco/occupation/custom-f95ccd66094d4e5ace9c0107d6d71d7e,http://data.europa.eu/esco/skill/3ff589b7-68df-4ea5-ae41-b395bdb2378f,essential,knowledge
http://data.europa.eu/esco/occupation/custom-f95ccd66094d4e5ace9c0107d6d71d7e,http://data.europa.eu/esco/skill/426ceaba-6867-481c-bb6b-aee3933da7d2,essential,
http://data.europa.eu/esco/occupation/custom-f95ccd66094d4e5ace9c0107d6d71d7e,http://data.europa.eu/esco/skill/438ff259-d086-4004-acda-1ec3e1631bc6,optional,knowledge
http://data.europa.eu/esco/occupation/custom-f95ccd66094d4e5ace9c0107d6d71d7e,http://data.europa.eu/esco/skill/440d5784-52a5-4729-8b04-29f978bd896d,optional,skill/competence
http://data.europa.eu/esco/occupation/custom-f95ccd66094d4e5ace9c0107d6d71d7e,http://data.europa.eu/esco/skill/477173ca-5fc2-406b-9122-95d92811f284,essential,skill/competence
http://data.europa.eu/esco/occupation/custom-f95ccd66094d4e5ace9c0107d6d71d7e,http://data.europa.eu/esco/skill/47ca0da1-cae5-4395-ae6b-fd97b9ff48d3,essential,knowledge
http://data.europa.eu/esco/occupation/custom-f95ccd66094d4e5ace9c0107d6d71d7e,http://data.europa.eu/esco/skill/47d491a9-f7c0-4b13-a10f-983d3aa0113e,optional,knowledge
http://data.europa.eu/esco/occupation/custom-f95ccd66094d4e5ace9c0107d6d71d7e,http://data.europa.eu/esco/skill/4913d0c0-133a-4c46-aac3-f5d4989a982e,essential,knowledge
http://data.europa.eu/esco/occupation/custom-f95ccd66094d4e5ace9c0107d6d71d7e,http://data.europa.eu/esco/skill/4e5687e3-3d3a-4f5e-b76a-93da0124d453,essential,knowledge
http://data.europa.eu/esco/occupation/custom-f95ccd66094d4e5ace9c0107d6d71d7e,http://data.europa.eu/esco/skill/4fabca9a-7435-4f33-b1da-3cdb00340fdc,optional,skill/competence
http://data.europa.eu/esco/occupation/custom-f95ccd66094d4e5ace9c0107d6d71d7e,http://data.europa.eu/esco/skill/501537a7-9d63-491d-ae02-09f04767ff1e,essential,knowledge
http://data.europa.eu/esco/occupation/custom-f95ccd66094d4e5ace9c0107d6d71d7e,http://data.europa.eu/esco/skill/5063a99f-975b-4a7c-85e3-69ecb375b4d3,optional,knowledge
http://data.europa.eu/esco/occupation/custom-f95ccd66094d4e5ace9c0107d6d71d7e,http://data.europa.eu/esco/skill/5898d99a-62a4-4e10-a2e3-0d815ce44248,essential,knowledge
http://data.europa.eu/esco/occupation/custom-f95ccd66094d4e5ace9c0107d6d71d7e,http://data.europa.eu/esco/skill/5acf6408-e084-4202-9442-ffcf0119811c,essential,knowledge
http://data.europa.eu/esco/occupation/custom-f95ccd66094d4e5ace9c0107d6d71d7e,http://data.europa.eu/esco/skill/5d9e766b-8f17-4e17-bfab-3bb0e0719791,optional,skill/competence
http://data.europa.eu/esco/occupation/custom-f95ccd66094d4e5ace9c0107d6d71d7e,http://data.europa.eu/esco/skill/6014921e-1d25-4039-adc2-04852d61880e,essential,knowledge
http://data.europa.eu/esco/occupation/custom-f95ccd66094d4e5ace9c0107d6d71d7e,http://data.europa.eu/esco/skill/64852ade-6ae1-4760-ba4a-976bf07ca255,essential,skill/competence
http://data.europa.eu/esco/occupation/custom-f95ccd66094d4e5ace9c0107d6d71d7e,http://data.europa.eu/esco/skill/6833e58b-eceb-4599-9375-1b7e6ec64087,optional,skill/competence
http://data.europa.eu/esco/occupation/custom-f95ccd66094d4e5ace9c0107d6d71d7e,http://data.europa.eu/esco/skill/69cfc5ed-6569-4aca-a4cc-fd782ba51d9c,optional,skill/competence
http://data.europa.eu/esco/occupation/custom-f95ccd66094d4e5ace9c0107d6d71d7e,http://data.europa.eu/esco/skill/6e4f75b4-c60f-4623-a9ba-760c8245753b,optional,knowledge
http://data.europa.eu/esco/occupation/custom-f95ccd66094d4e5ace9c0107d6d71d7e,http://data.europa.eu/esco/skill/6eff134b-e34f-4d6e-a6e8-5e47cf2228d0,essential,knowledge
http://data.europa.eu/esco/occupation/custom-f95ccd66094d4e5ace9c0107d6d71d7e,http://data.europa.eu/esco/skill/6f1edc19-191f-4ba5-a048-ee69aff05bab,essential,knowledge
http://data.europa.eu/esco/occupation/custom-f95ccd66094d4e5ace9c0107d6d71d7e,http://data.europa.eu/esco/skill/7111b95d-0ce3-441a-9d92-4c75d05c4388,optional,knowledge
http://data.europa.eu/esco/occupation/custom-f95ccd66094d4e5ace9c0107d6d71d7e,http://data.europa.eu/esco/skill/732cb4dd-af91-4c88-9a9f-5fc62144e500,optional,skill/competence
http://data.europa.eu/esco/occupation/custom-f95ccd66094d4e5ace9c0107d6d71d7e,http://data.europa.eu/esco/skill/7814e88f-c133-4c3b-b27f-857afa145d42,essential,knowledge
http://data.europa.eu/esco/occupation/custom-f95ccd66094d4e5ace9c0107d6d71d7e,http://data.europa.eu/esco/skill/79f24a62-7718-46e1-9b41-37be0560a5ca,optional,knowledge
http://data.europa.eu/esco/occupation/custom-f95ccd66094d4e5ace9c0107d6d71d7e,http://data.europa.eu/esco/skill/7a8fb784-67fa-41e9-a75c-6b491d91f800,optional,skill/competence
http://data.europa.eu/esco/occupation/custom-f95ccd66094d4e5ace9c0107d6d71d7e,http://data.europa.eu/esco/skill/8088750d-8388-4170-a76f-48354c469c44,essential,knowledge
http://data.europa.eu/esco/occupation/custom-f95ccd66094d4e5ace9c0107d6d71d7e,http://data.europa.eu/esco/skill/8181aa4c-42bc-4036-a3d2-5cb6bbb34239,essential,skill/competence
http://data.europa.eu/esco/occupation/custom-f95ccd66094d4e5ace9c0107d6d71d7e,http://data.europa.eu/esco/skill/8359bd04-d2cb-4757-af1f-39a921df9efe,optional,skill/competence
http://data.europa.eu/esco/occupation/custom-f95ccd66094d4e5ace9c0107d6d71d7e,http://data.europa.eu/esco/skill/85f46538-ae70-498a-bfbc-b8ddafe96c7d,optional,knowledge
http://data.europa.eu/esco/occupation/custom-f95ccd66094d4e5ace9c0107d6d71d7e,http://data.europa.eu/esco/skill/8dcbcabe-09f7-4d11-940d-125af57bbc40,optional,skill/competence
http://data.europa.eu/esco/occupation/custom-f95ccd66094d4e5ace9c0107d6d71d7e,http://data.europa.eu/esco/skill/8efa6a7a-6556-4cb8-908d-59d3b5c58d2f,optional,knowledge
http://data.europa.eu/esco/occupation/custom-f95ccd66094d4e5ace9c0107d6d71d7e,http://data.europa.eu/esco/skill/902fb91c-3113-4004-9b4f-79aa86b638b7,optional,knowledge
http://data.europa.eu/esco/occupation/custom-f95ccd66094d4e5ace9c0107d6d71d7e,http://data.europa.eu/esco/skill/909a28ce-d4b6-4567-9b74-d111f1ed9633,essential,skill/competence
http://data.europa.eu/esco/occupation/custom-f95ccd66094d4e5ace9c0107d6d71d7e,http://data.europa.eu/esco/skill/9190d87f-9792-42e0-bb7f-64294a656bcd,optional,skill/competence
http://data.europa.eu/esco/occupation/custom-f95ccd66094d4e5ace9c0107d6d71d7e,http://data.europa.eu/esco/skill/9531fe02-1e1f-4a36-95f7-a76a77cd4b8d,optional,skill/competence
http://data.europa.eu/esco/occupation/custom-f95ccd66094d4e5ace9c0107d6d71d7e,http://data.europa.eu/esco/skill/976455eb-5bbe-4493-ae64-ed16c3b009ea,optional,knowledge
http://data.europa.eu/esco/occupation/custom-f95ccd66094d4e5ace9c0107d6d71d7e,http://data.europa.eu/esco/skill/99c4c69a-025c-464f-adda-874c7f107a31,essential,skill/competence
http://data.europa.eu/esco/occupation/custom-f95ccd66094d4e5ace9c0107d6d71d7e,http://data.europa.eu/esco/skill/a3ce2bf7-5562-4639-9b52-fdb4850a3904,essential,knowledge
http://data.europa.eu/esco/occupation/custom-f95ccd66094d4e5ace9c0107d6d71d7e,http://data.europa.eu/esco/skill/acf0a78c-f4e3-4bd9-a5cc-9cf4791b3b95,optional,skill/competence
http://data.europa.eu/esco/occupation/custom-f95ccd66094d4e5ace9c0107d6d71d7e,http://data.europa.eu/esco/skill/b633eb55-8f1f-4ae6-ab4c-2022ffe2cb7f,optional,knowledge
http://data.europa.eu/esco/occupation/custom-f95ccd66094d4e5ace9c0107d6d71d7e,http://data.europa.eu/esco/skill/ba04b19b-0b18-4d5c-b799-4db31a98e58d,optional,knowledge
http://data.europa.eu/esco/occupation/custom-f95ccd66094d4e5ace9c0107d6d71d7e,http://data.europa.eu/esco/skill/bb2b4485-2bad-402f-8517-44bf7d9afff4,optional,skill/competence
http://data.europa.eu/esco/occupation/custom-f95ccd66094d4e5ace9c0107d6d71d7e,http://data.europa.eu/esco/skill/bc0b0b5d-f6be-405a-b224-b6902a4dbe97,optional,skill/competence
http://data.europa.eu/esco/occupation/custom-f95ccd66094d4e5ace9c0107d6d71d7e,http://data.europa.eu/esco/skill/bd14968e-e409-45af-b362-3495ed7b10e0,optional,knowledge
http://data.europa.eu/esco/occupation/custom-f95ccd66094d4e5ace9c0107d6d71d7e,http://data.europa.eu/esco/skill/bec4359e-cb92-468f-a997-8fb28e32fba9,optional,knowledge
http://data.europa.eu/esco/occupation/custom-f95ccd66094d4e5ace9c0107d6d71d7e,http://data.europa.eu/esco/skill/c241f5a5-e23f-47bf-ad24-d83ea0010166,optional,skill/competence
http://data.europa.eu/esco/occupation/custom-f95ccd66094d4e5ace9c0107d6d71d7e,http://data.europa.eu/esco/skill/c2cbbccf-4ffd-4626-86e7-505b39c872a0,optional,skill/competence
http://data.europa.eu/esco/occupation/custom-f95ccd66094d4e5ace9c0107d6d71d7e,http://data.europa.eu/esco/skill/c544a9f3-5945-4b54-afed-de0697852817,essential,skill/competence
http://data.europa.eu/esco/occupation/custom-f95ccd66094d4e5ace9c0107d6d71d7e,http://data.europa.eu/esco/skill/c55caed2-de9e-4a25-819e-a0b0e83fba1b,optional,skill/competence
http://data.europa.eu/esco/occupation/custom-f95ccd66094d4e5ace9c0107d6d71d7e,http://data.europa.eu/esco/skill/c5e8abde-d2ba-4e8e-a65e-720b71180666,optional,knowledge
http://data.europa.eu/esco/occupation/custom-f95ccd66094d4e5ace9c0107d6d71d7e,http://data.europa.eu/esco/skill/c9e96450-421d-48af-9ee6-d9c50e29afc2,essential,knowledge
http://data.europa.eu/esco/occupation/custom-f95ccd66094d4e5ace9c0107d6d71d7e,http://data.europa.eu/esco/skill/cb668e89-6ef5-4ff3-ab4a-506010e7e70b,optional,skill/competence
http://data.europa.eu/esco/occupation/custom-f95ccd66094d4e5ace9c0107d6d71d7e,http://data.europa.eu/esco/skill/ccd0a1d9-afda-43d9-b901-96344886e14d,optional,knowledge
http://data.europa.eu/esco/occupation/custom-f95ccd66094d4e5ace9c0107d6d71d7e,http://data.europa.eu/esco/skill/cd5efa8c-e44d-4cbc-91c6-796018dbed68,optional,skill/competence
http://data.europa.eu/esco/occupation/custom-f95ccd66094d4e5ace9c0107d6d71d7e,http://data.europa.eu/esco/skill/ce26e71f-2d47-474e-89b6-7920931ac4fc,optional,knowledge
http://data.europa.eu/esco/occupation/custom-f95ccd66094d4e5ace9c0107d6d71d7e,http://data.europa.eu/esco/skill/cf3e976d-2c3e-495c-a874-f9e8a66d3b48,essential,skill/competence
http://data.europa.eu/esco/occupation/custom-f95ccd66094d4e5ace9c0107d6d71d7e,http://data.europa.eu/esco/skill/d0c6d77e-cb25-4770-bf77-2073fc5f7523,optional,knowledge
http://data.europa.eu/esco/occupation/custom-f95ccd66094d4e5ace9c0107d6d71d7e,http://data.europa.eu/esco/skill/d32db06e-bd06-4415-a7ab-1b0ee68caa9a,optional,knowledge
http://data.europa.eu/esco/occupation/custom-f95ccd66094d4e5ace9c0107d6d71d7e,http://data.europa.eu/esco/skill/d3e9b00a-0891-4fa8-836d-8240ec3d2758,essential,knowledge
http://data.europa.eu/esco/occupation/custom-f95ccd66094d4e5ace9c0107d6d71d7e,http://data.europa.eu/esco/skill/d5145a9a-602e-40bf-b3e1-f04cf9c3ef86,optional,knowledge
http://data.europa.eu/esco/occupation/custom-f95ccd66094d4e5ace9c0107d6d71d7e,http://data.europa.eu/esco/skill/d5a59ca8-2e91-472e-8571-d12ce4478679,optional,knowledge
http://data.europa.eu/esco/occupation/custom-f95ccd66094d4e5ace9c0107d6d71d7e,http://data.europa.eu/esco/skill/d8829a1d-dbde-435b-b921-29d6462f35c9,optional,knowledge
http://data.europa.eu/esco/occupation/custom-f95ccd66094d4e5ace9c0107d6d71d7e,http://data.europa.eu/esco/skill/da6393d5-a53c-4863-abc7-51f36281d74e,optional,knowledge
http://data.europa.eu/esco/occupation/custom-f95ccd66094d4e5ace9c0107d6d71d7e,http://data.europa.eu/esco/skill/dc72ad0a-c5dc-4abd-bc0d-ca43e82162e1,essential,skill/competence
http://data.europa.eu/esco/occupation/custom-f95ccd66094d4e5ace9c0107d6d71d7e,http://data.europa.eu/esco/skill/ddb65832-91a7-4157-9488-719a0e2ad87b,optional,skill/competence
http://data.europa.eu/esco/occupation/custom-f95ccd66094d4e5ace9c0107d6d71d7e,http://data.europa.eu/esco/skill/df329d70-87b0-466b-a214-3431f36e2a5e,essential,skill/competence
http://data.europa.eu/esco/occupation/custom-f95ccd66094d4e5ace9c0107d6d71d7e,http://data.europa.eu/esco/skill/e043aeeb-78f5-4049-afbf-12bba52225bc,optional,knowledge
http://data.europa.eu/esco/occupation/custom-f95ccd66094d4e5ace9c0107d6d71d7e,http://data.europa.eu/esco/skill/e2103a1d-4a84-47a9-b4f7-774787573449,optional,knowledge
http://data.europa.eu/esco/occupation/custom-f95ccd66094d4e5ace9c0107d6d71d7e,http://data.europa.eu/esco/skill/e5b5053e-0ef6-4c4e-a3f2-42f955f4322c,optional,skill/competence
http://data.europa.eu/esco/occupation/custom-f95ccd66094d4e5ace9c0107d6d71d7e,http://data.europa.eu/esco/skill/e5beeff8-7c98-490a-ae2c-16fbb6a87305,optional,skill/competence
http://data.europa.eu/esco/occupation/custom-f95ccd66094d4e5ace9c0107d6d71d7e,http://data.europa.eu/esco/skill/e8f80ec5-c423-4eb2-9f0f-805d22f844ae,essential,knowledge
http://data.europa.eu/esco/occupation/custom-f95ccd66094d4e5ace9c0107d6d71d7e,http://data.europa.eu/esco/skill/ed39edd3-44d0-4a16-9796-bfb99f92baf3,essential,knowledge
http://data.europa.eu/esco/occupation/custom-f95ccd66094d4e5ace9c0107d6d71d7e,http://data.europa.eu/esco/skill/f049d050-12da-4e40-813a-2b5eb6df6b51,optional,knowledge
http://data.europa.eu/esco/occupation/custom-f95ccd66094d4e5ace9c0107d6d71d7e,http://data.europa.eu/esco/skill/f88002a8-6355-4d33-9496-285c166ff375,optional,knowledge
http://data.europa.eu/esco/occupation/custom-f95ccd66094d4e5ace9c0107d6d71d7e,http://data.europa.eu/esco/skill/f9a6f35b-01a7-40c9-8b61-b6ee46f97272,essential,knowledge
http://data.europa.eu/esco/occupation/custom-f95ccd66094d4e5ace9c0107d6d71d7e,http://data.europa.eu/esco/skill/fafe0b9d-dbd9-46bd-b770-26299539ce66,optional,knowledge
http://data.europa.eu/esco/occupation/custom-f95ccd66094d4e5ace9c0107d6d71d7e,http://data.europa.eu/esco/skill/fc2f1d4f-a46f-471e-a618-cbd4d0496a53,essential,skill/competence
http://data.europa.eu/esco/occupation/custom-f95ccd66094d4e5ace9c0107d6d71d7e,http://data.europa.eu/esco/skill/fcbb3a90-cdde-49ff-9ecc-8e2c0a6dfca2,essential,skill/competence
http://data.europa.eu/esco/occupation/custom-f95ccd66094d4e5ace9c0107d6d71d7e,http://data.europa.eu/esco/skill/fe1c2b32-7fe9-4668-affa-07ff658a68cf,essential,skill/competence
